movieId,label
1,funny
1,time travel
1,tim allen
1,comedy
1,fun
1,fantasy
1,pixar
1,imdb top 250
1,disney animated feature
1,tom hanks
1,adventure
1,animation
1,want to see again
1,witty
1,classic
1,clever
1,family
1,kids movie
1,animated
1,disney
1,3d
1,erlends dvds
1,cg animation
1,toys
1,computer animation
1,usa
1,warm
1,heroic mission
1,light
1,almost favorite
1,want
1,national film registry
1,unlikely friendships
1,pixar animation
1,avi
1,tumeys to see again
1,tumeys vhs
1,rousing
1,fanciful
1,buy
1,bright
1,toys come to life
1,daring rescues
2,time travel
2,animals
2,fantasy
2,children
2,game
2,robin williams
2,scary
2,adapted from:book
2,jungle
2,time
2,board game
2,kirsten dunst
2,kid flick
2,monkey
2,herds of cgi animals
2,lebbat
2,filmed in bc
2,joe johnston
3,funniest movies
3,sequel fever
3,jack lemmon
3,walter matthau
3,old
3,grun running
5,sequel
5,remake
5,family
5,wedding
5,sequel fever
5,pregnancy
5,childhood classics
5,watched under duress
6,imdb top 250
6,witty
6,bibliothek
6,robert de niro
6,tense
6,too long
6,bleak
6,clearplay
6,cant remember
6,guns
6,al pacino
6,atmospheric
6,recommendz top pick
6,ending lame
6,need to own
6,top 10 ever
6,want
6,tumeys dvds
6,somber
6,long
6,visceral
6,setting:la
6,in the nucleus
6,who cares dvds
7,romance
7,remake
7,chick flick
7,harrison ford
7,sexuality
7,relationships
7,based on a play
7,remakeof:sabrina(1954)
7,remadeas:sabrina(1995)
7,upstairsdownstairs
7,greg kinnear
8,adapted from:book
8,author:mark twain
9,cant remember
9,jeanclaude van damme
10,action
10,espionage
10,sequel
10,violence
10,adventure
10,bond
10,assassin
10,seen more than once
10,james bond
10,secret service
10,murder
10,spies
10,franchise
10,pierce brosnan
10,gadgets
10,tumeys dvds
10,killer as protagonist
10,007 (series)
10,sean bean dies
11,bibliothek
11,seen more than once
11,politics
11,president
11,aaron sorkin
11,girlie movie
11,cute
11,amazing kung fu
11,dvd collection
11,us president
11,white house
11,seen
12,gothic
12,vampire
12,spoof
12,mel brooks
13,dogsled
14,biopic
14,biography
14,politics
14,president
14,anthony hopkins
14,political drama
14,oliver stone
14,own
14,biographical
14,us president
14,tumeys vhs
14,cinematographer:robert richardson
15,pirates
15,pirate
16,masterpiece
16,mafia
16,nonfiction
16,gangster
16,martin scorsese
16,imdb top 250
16,on dvr
16,violent
16,bibliothek
16,nudity (rear)
16,robert de niro
16,cult film
16,cannibalism
16,based on a book
16,narrated
16,need to own
16,complex
16,watch
16,divx1
16,erics dvds
16,tumeys dvds
16,scorcese
16,robert deniro
16,cinematographer:robert richardson
17,ang lee
17,boring
17,bibliothek
17,classic
17,alan rickman
17,based on a book
17,chick flick
17,adapted from:book
17,shakespeare
17,emma thompson
17,historical
17,kate winslet
17,great adaptations
17,literature
17,hulu
17,great screenplays
17,author:jane austen
17,svens to see list
17,period
18,nudity (topless)
18,quentin tarantino
18,robert rodriguez
18,multiple storylines
18,tarantino
18,own
18,tumeys vhs
19,comedy
19,jim carrey
19,crazy
19,steve oedekerk
20,money
20,afternoon section
20,lame
21,satire
21,crime
21,mafia
21,owned
21,hollywood
21,foqam
21,gene hackman
21,watch
21,satire:hollywood insiders
21,travolta
22,serial killer
23,afternoon section
23,divx1
24,post apocalyptic
24,owned
24,cant remember
24,reflective
24,pretentious
24,poignant
24,earnest
24,tearjerking
24,albino
24,elegiac
25,nudity (topless)
25,oscar (best actor)
25,nicolas cage
25,dark
25,bibliothek
25,depressing
25,addiction
25,intimate
25,understated
25,alcoholism
25,atmospheric
25,melancholy
25,poignant
25,library
25,loneliness
25,starcrossed lovers
25,prostitutes
25,elegiac
26,nudity (topless)
26,shakespeare
26,great
26,based on a play
26,playwright:shakespeare
26,adapted from:play
26,shakespearean
28,in netflix queue
28,adaptation
28,based on a book
28,oppl
28,library vhs
28,fiona shaw
29,dystopia
29,surreal
29,on computer
29,scifi
29,kidnapping
29,dreamlike
29,legenda ptbr
29,bleak
29,stylized
29,dark fantasy
29,erlends dvds
29,santa claus
29,atmospheric
29,whimsical
29,beautiful
29,need to own
29,steampunk
29,hallucinatory
29,jeunet
29,visually appealing
29,netflix instant watching
29,mechanized
29,fanciful
29,clowny clones
29,skinut
31,drama
31,bibliothek
31,high school
31,erlends dvds
31,afternoon section
31,own
31,seen at the cinema
31,teacher as protagonist
31,teacher
32,time travel
32,dystopia
32,violence
32,postapocalyptic
32,terry gilliam
32,imdb top 250
32,scifi
32,great actors
32,post apocalyptic
32,thriller
32,vhs
32,adventure
32,drama
32,twist ending
32,owned
32,classic
32,depressing
32,psychology
32,genius
32,end of the world
32,mindfuck
32,remake
32,future
32,brad pitt
32,scifi dark
32,genetics
32,not seen
32,bruce willis
32,clearplay
32,gilliam
32,madeleine stowe
32,futuristmoviescom
32,brilliant
32,get
32,gfei own it
32,seen at the cinema
32,dystopian
32,asylum
32,biology
32,biological warfare
32,divx1
32,saturn award (best costumes)
32,tumeys dvds
32,dvdvideo
32,strong director
32,mindfuck movie
32,dystopic future
32,nature of insanity
32,plot point:biomedical danger
32,sf
32,montypythonrelated
34,animals
34,boring
34,adventure
34,pig
34,pigs
34,talking animals
34,animal movie
34,own
34,hugo weaving
34,way overrated
34,afi 100 (cheers)
34,clv
34,infantil
34,dvd collection
34,animal:pig
34,barnyard animals
35,on dvr
35,emma thompson
35,artist
35,artists
35,strong woman
35,biopics
36,prison
36,oscar (best actress)
36,drama
36,true story
36,sean penn
36,murder
36,based on a book
36,cant remember
36,death penalty
36,book
36,uk
36,tim robbins
36,usa
36,death
36,strong
36,ari
36,abe
36,knoll
36,ratedr
36,watch
36,death row
36,institutions
36,deaf
36,ethics
36,buy
38,twins
39,romance
39,classic
39,seen more than once
39,adaptation
39,girlie movie
39,high school
39,chick flick
39,adapted from:book
39,very funny
39,teen
39,fashion
39,updated classics
39,want to own
39,author:jane austen
39,best comedy
39,omigawd
40,in netflix queue
40,disk
40,south africa
41,shakespeare
41,robert downey jr
41,updated classics
41,ian mckellen
41,based on a play
41,playwright:shakespeare
41,adapted from:play
42,bank robbery
42,erics dvds
43,nudity (topless)
43,england
43,17th century
44,video game adaptation
44,martial arts
44,movie to see
44,seen at the cinema
44,adapted from:game
45,dark comedy
45,bibliothek
45,clearplay
45,erlends dvds
45,joaquin phoenix
45,library
45,wayne knight
46,bibliothek
46,wedding
47,police
47,crime
47,serial killer
47,strange
47,mystery
47,imdb top 250
47,in netflix queue
47,thriller
47,vhs
47,drama
47,violent
47,super interesting
47,owned
47,psychology
47,seen more than once
47,powerful ending
47,creepy
47,twists & turns
47,scary
47,brad pitt
47,religion
47,murder
47,disturbing
47,clearplay
47,evil
47,bfi modern classic
47,worst ever
47,morgan freeman
47,david fincher
47,usa
47,investigation
47,want it
47,greed
47,gloomy
47,top 10 ever
47,seen at the cinema
47,watched 1995
47,detective
47,gory
47,ashley judd
47,want
47,saturn award (best makeup)
47,saturn award (best writing)
47,library vhs
47,tumeys dvds
47,ominous
47,suitcase of light
47,books
47,policial
47,menacing
47,setting:library
47,lust
47,tumeys to see again
47,scope
47,husbandwife relationship
47,grim
47,sloth
47,seven
47,sin
47,numbers
47,graphic violence
47,gruesome
48,disney animated feature
48,mel gibson
48,70mm
48,disney
48,get
48,david ogden stiers
48,katottava
49,lesbian
49,circus
49,own
50,funny
50,crime
50,heist
50,imdb top 250
50,suspense
50,want to see again
50,twist ending
50,ensemble cast
50,twist
50,dvd
50,conspiracy
50,organized crime
50,mindfuck
50,complot
50,clearplay
50,must see
50,great ending
50,erlends dvds
50,caper
50,benicio del toro
50,flashbacks
50,whodunnit
50,own
50,oscar (best supporting actor)
50,gabriel byrne
50,oscar winner
50,library
50,seen at the cinema
50,watchagain
50,caper movie
50,want
50,erics dvds
50,tumeys dvds
50,fell asleep
50,unreliable narrators
50,my movies
50,spaceyal
52,woody allen
52,oscar (best supporting actress)
52,prostitution
52,erlends dvds
52,seen at the cinema
52,watched 1995
52,adoption
53,immigrants
53,library vhs
54,soccer
55,musicians
57,boring
57,drama
57,robert downey jr
58,on disc
58,poetry
58,writing
58,corvallis library
58,sicily
62,sappy
62,stupid
62,music
62,inspirational
62,seen more than once
62,high school
62,richard dreyfuss
62,william h macy
62,olympia dukakis
62,moving
62,teacher as protagonist
62,mrs dewinter
62,teacher
65,stupid
65,cant remember
65,buddy comedy
65,golden raspberry (worst actor)
66,imdb bottom 100
67,hw drama
69,friendship
69,ice cube
69,wired 50 greatest soundtracks
70,vampire
70,vampires
70,violence
70,quentin tarantino
70,robert rodriguez
70,cult film
70,brothers
70,mexico
70,so bad its good
70,campy
70,great use of music
70,snake
70,tarantino
70,own
70,didnt finish
70,bats
70,seen at the cinema
70,splatter
70,hostage
70,preacher
70,perverted
70,whip
70,tattoo
70,bar
70,on the road
70,bikers
70,danny trejo
71,nudity (topless)
72,witty
72,underrated
72,understated
72,wistful
72,talky
72,literate
72,wry
74,girlie movie
75,golden raspberry (worst actor)
76,nudity (topless)
76,philip k dick
76,artificial intelligence
78,nudity (topless)
78,sean penn
78,jack nicholson
79,nudity (topless)
80,on dvr
80,children
80,girl
80,lost classic
80,money
80,snake
80,sibling relationships
80,cultural customs and traditions
80,new years eve
80,tehran
80,shop (establishment)
81,own
81,recommendz top pick
81,detroit
81,buscemi
82,nudity (full frontal)
82,sad but good
82,intellectual
82,toronto film festival winner
82,strong woman
85,adaptation
85,19th century
85,a s byatt
85,to see
86,storm
86,ridley scott
88,comedy
88,chris farley
89,johnny depp
89,christopher walken
92,cant remember
92,john malkovich
93,angela bassett
94,uma thurman
94,beautiful
95,action
95,nuclear bomb
95,foqam
95,watch
95,want
95,scope
95,mark gordon productions
96,theater
97,drugs
97,racism
97,imdb top 250
97,disturbing
97,black and white
97,bleak
97,french
97,social commentary
97,cynical
97,angry
97,tumeys dvds
97,ominous
97,biting
97,confrontational
97,ghetto
97,riot
97,coproduction
97,missing gun
98,jude law
98,directorial debut
98,want to own
100,politics
100,own
101,bill murray
101,wes anderson
101,quirky
101,tv
101,seen more than once
101,sweet
101,torent
101,owen wilson
101,directorial debut
101,need to own
101,wistful
101,deadpan
101,talky
101,dvdvideo
101,offbeat comedy
101,sibling relationships
101,rent
101,nothing goes right
101,unlikely criminals
104,sports
104,hayao miyazaki
104,seen more than once
104,test tag
104,golf
104,foqam
104,adam sandler
104,hockey
104,divx1
104,haha
104,sport:golf
104,setting:golf course
104,filmed in bc
105,owned
105,heartwarming
105,based on a book
105,chick flick
105,adapted from:book
105,warm
105,sentimental
105,wistful
105,tearjerking
105,lyrical
105,deliberate
107,pirates
107,based on a book
107,muppets
107,franchise
107,talking animals
107,tim curry
107,steve whitmire
110,medieval
110,action
110,nudity (topless)
110,biopic
110,oscar (best directing)
110,war
110,oscar (best picture)
110,imdb top 250
110,revenge
110,adventure
110,drama
110,want to see again
110,violent
110,owned
110,dvd
110,classic
110,brutal
110,oscar (best cinematography)
110,visual
110,mel gibson
110,epic
110,shit on a stick
110,sweeping
110,scotland
110,hero
110,historical
110,breathtaking
110,passionate
110,sword fight
110,lavish
110,best war films
110,oscar winner
110,forceful
110,poignant
110,bullshit history
110,loved it
110,earnest
110,want
110,afi 100 (cheers)
110,afi 100 (thrills)
110,erics dvds
110,tumeys dvds
110,dvdvideo
110,guerra
110,freedom
110,visceral
110,stirring
110,inspiration
110,dont remember
110,tribal
110,best movie ever made
110,period
110,adult
110,cavalry charge
110,evangelical
111,slow
111,assassination
111,martin scorsese
111,imdb top 250
111,dvd
111,bibliothek
111,classic
111,robert de niro
111,cult film
111,new york city
111,jodie foster
111,harvey keitel
111,disturbing
111,paranoid
111,cant remember
111,antihero
111,new york
111,atmospheric
111,golden palm
111,neonoir
111,afi 100
111,forceful
111,peter boyle
111,going postal
111,vigilantism
111,afi 100 (movie quotes)
111,afi 100 (thrills)
111,national film registry
111,j netflix
111,ohsoso
111,tumeys dvds
111,deconstructive
111,do zassania
111,anomie
111,best picture
111,5 stars
111,scorcese
111,prostitutes
111,film theory & criticism
111,visceral
111,bfi classic
111,menacing
111,setting:nyc
111,tumeys to see again
111,oscar nominee: best picture
111,grim
111,city life
111,taxi driver
111,obsessive quests
111,lurid
111,assassination plots
111,cinematographer:michael chapman
111,cameo:martin scorsese
112,martial arts
112,jackie chan
112,hong kong
112,kung fu
112,rutger hauer
112,kungfu
114,less than 300 ratings
116,true story
116,the shoah
116,bbc produced
116,archive footage
116,oscar (best documentary feature)
117,disturbing
121,child abuse
122,cant remember
122,dating
123,wong kar wai
123,on dvr
123,dreamlike
123,smuggling
123,good music
123,stylized
123,ironic
123,narrated
123,reflective
123,obsession
123,time
123,urbane
123,cops
123,melancholy
123,indians
123,hong kong
123,birthday
123,lyrical
123,loneliness
123,library vhs
123,movielens quickpick
123,foggy
123,na
123,stewardess
123,sunglasses
123,mistaken identities
123,breakups and divorces
123,opposites attract
123,nocturnal
123,fanciful
123,airport
123,jukebox
123,brief encounters
123,may 1
123,ticket
123,hongkong
125,want to see again
125,screwball comedy
132,nudity (rear)
132,san francisco
132,flop
135,good comedy
135,submarine
135,rip torn
135,harry dean stanton
135,william h macy
135,harland williams
135,bruce dern
140,bibliothek
140,journalism
140,afternoon section
141,comedy
141,robin williams
141,gay
141,homosexuality
141,gene hackman
141,watchfully
141,adapted from:play
141,homosexual theme
144,family
144,irish
145,action
145,car chase
145,will smith
145,directorial debut
145,bad movie
145,buddy movie
145,michael bay
147,drugs
147,school
147,on dvr
147,male nudity
147,new york city
147,leonardo dicaprio
147,diary
147,catholicism
147,motherson relationship
147,escape
147,writers life
147,heroin
147,prostitutes
147,masturbation
147,teacher student relationship
147,male prostitute
147,expelled from school
149,quirky
149,stylized
149,cerebral
149,whimsical
149,unlikely friendships
149,haunted by the past
149,literate
149,deliberate
150,space
150,tom hanks
150,drama
150,dvd
150,true story
150,seen more than once
150,ron howard
150,tense
150,based on a book
150,disaster
150,moon
150,nasa
150,historical
150,ed harris
150,nostalgic
150,need to own
150,oscar (best editing)
150,catastrophe
150,watchagain
150,formulaic
150,almost favorite
150,biographical
150,earnest
150,claustrophobic
150,want
150,afi 100 (cheers)
150,afi 100 (movie quotes)
150,oscar (best sound)
150,clv
150,space program
150,setting:space/earth orbit
150,astronauts
150,seen 2008
150,tom hanks is great
150,matteroffact
151,violent
151,tense
151,cant remember
151,rape
151,sweeping
151,atmospheric
151,passionate
151,watch
151,hulu
151,one of my favorites
151,sword fighting
151,literate
151,rousing
151,tribal
151,earthy
152,vampires
152,philosophical
152,christopher walken
152,stylized
152,drug abuse
153,sequel
153,superhero
153,jim carrey
153,nicole kidman
153,dc
153,bank robbery
153,franchise
153,seen at the cinema
153,watched 1995
153,watchagain
153,alter ego
153,want
153,adapted from:comic
153,dc comics
153,batman (series)
154,sexy
154,satirical
154,witty
154,nudity (rear)
154,stylized
154,bunuel
154,enigmatic
154,library vhs
154,ohsoso
154,clv
154,extramarital affairs
154,prostitutes
154,wry
154,double life
156,nudity (topless)
156,plotless
156,minimalist
157,conspiracy
158,ghosts
158,nice
158,family
158,ghost
158,kid flick
158,christina ricci
158,adapted from:comic
160,based on a book
160,michael crichton
161,war
161,clearplay
161,submarine
161,gene hackman
161,own
161,viggo mortensen
161,jason robards
161,want
161,clv
162,in netflix queue
162,quirky
162,netflixq
162,disturbing
162,raunchy
162,sexual
162,irreverent
162,cynical
162,biographical
162,fucked up
162,qube
162,deliberate
162,wry
163,action
163,sequel
163,violence
163,thriller
163,romance
163,robert rodriguez
163,organized crime
163,mexico
163,gfei own it
163,erics dvds
163,tumeys dvds
163,danny trejo
164,understated
164,stylized
164,atmospheric
164,nostalgic
164,noir thriller
164,moody
164,femmes fatales
164,private eyes
165,action
165,samuel l jackson
165,thriller
165,violent
165,bruce willis
165,terrorism
165,predictable
165,good
165,afternoon section
165,own
165,seen at the cinema
165,watched 1995
165,want
165,erics dvds
165,tumeys dvds
165,bmf
167,last words connection
168,sean connery
168,chick flick
168,richard gere
169,adventure
169,animal:whale
170,computers
170,action
170,inaccurate
170,boring
170,cult film
170,angelina jolie
170,hackers
170,video games
170,internet
170,lame
170,alter ego
170,hacking
170,hilarity
170,decent
170,hacker
170,computer cracker
170,cyberintimidation
170,bechdel test:fail
170,awesome soundtrack
170,cyberblackmail/intimidation
170,geeks on screen
171,friendship relations
171,gay
172,dystopia
172,book was better
172,memory
172,keanu reeves
172,hackers
172,takeshi kitano
172,erlends dvds
172,cyberpunk
172,katsomattomat
172,adapted from:author
173,police
173,dystopia
173,sylvester stallone
173,cant remember
173,futuristmoviescom
173,want
173,android(s)/cyborg(s)
174,golden raspberry (worst actor)
175,drugs
175,new york city
175,nudity (full frontal)
175,very interesting
175,directorial debut
175,teenagers
175,erics dvds
175,hw drama
175,my movies
175,youth gone wild
176,nudity (topless)
176,dwarf
177,cant remember
178,serial killer
178,dark comedy
178,adapted from:play
178,psychic character
180,nudity (topless)
180,seen more than once
180,clearplay
180,teen
180,view askew
180,teen angst
180,1990s
180,own
180,one day
180,crude humor
180,ensemble
180,malos tratos
180,comic books
180,jason lee
180,do kupienia
181,action
181,no rec
183,russia
183,mute
185,computers
185,action
185,thriller
185,hackers
185,internet
185,sandra bullock
185,hacking
185,computer cracker
185,cyberintimidation
185,cyberblackmail/intimidation
186,funny
186,comedy
186,nice
186,robin williams
186,romantic comedy
186,humor
186,good romantic comedies
186,chick flick
186,afternoon section
186,julianne moore
186,cheesy
186,joan cusack
186,hugh grant
186,jeff goldblum
186,pregnancy
186,chris columbus
186,meh
187,hw comedy
187,setting:library
187,librarians
188,christopher walken
188,jonossa
188,slashy
190,environment
190,stark
190,food
190,facebook rec
191,trash
191,gary oldman
193,cult film
193,campy
193,raunchy
193,sexual
193,cynical
193,nc17
193,paul verhoeven
193,faltering friendships
193,rise and fall stories
193,golden raspberry (worst picture)
193,golden raspberry (worst actress)
193,selfdestructive romance
193,lurid
194,ensemble cast
194,interesting
194,owned
194,multiple storylines
194,new york city
194,harvey keitel
194,forest whitaker
194,small business
196,nudity (topless)
196,futuristmoviescom
196,seen at the cinema
198,strange
198,nudity (topless)
198,virtual reality
198,futuristic
198,memory
198,scifi
198,dark
198,gay
198,mindfuck
198,future
198,not seen
198,jonossa
198,ralph fiennes
198,futuristmoviescom
198,angela bassett
198,smoking
198,cyberpunk
198,seen at the cinema
199,on dvr
199,musical
199,french
199,catherine deneuve
199,stylized
199,sweet
199,bittersweet
199,golden palm
199,passionate
199,wistful
199,lavish
199,lyrical
199,corvallis library
199,facebook rec
199,vday
201,cant remember
201,1950s
201,korean war
201,widows/widowers
202,leonardo dicaprio
202,david thewlis
203,queer
203,road trip
203,transsexuals
203,hugo weaving
204,steven seagal
205,john turturro
207,keanu reeves
207,cinematography
208,horrible
208,stupid
208,scifi
208,cant remember
208,dennis hopper
208,post apocalypse
208,kevin costner
208,very boring
208,futuristmoviescom
208,friday night movie
208,apocalypse
208,seen at the cinema
208,watch
208,big budget
208,gyrocopter
208,sf
208,xmas movie
213,russian
213,library
213,hw foreign
213,not corv lib
214,awful
214,hard to watch
214,bloody
214,criterion
214,gory
214,to see
215,witty
215,bibliothek
215,seen more than once
215,girlie movie
215,understated
215,clearplay
215,ethan hawke
215,must see
215,reflective
215,urbane
215,dialogue
215,special
215,vienna
215,twentysomething life
215,americans abroad
215,need to own
215,wistful
215,poignant
215,library
215,minimalist
215,talky
215,facebook rec
215,dvdvideo
215,trains
215,literate
215,vacation romances
215,subscription
215,brief encounters
215,(s)vcd
215,buy
216,school
216,funniest movies
216,vhs
216,tv
216,seen more than once
216,adam sandler
220,hp lovecraft
222,high school
222,chick flick
222,ireland
222,irish
223,surreal
223,bad acting
223,quirky
223,low budget
223,witty
223,seen more than once
223,black and white
223,must see
223,workplace
223,view askew
223,dialogue driven
223,get
223,own
223,one day
223,irreverent
223,hillarious
223,twentysomething life
223,crude humor
223,cynical
223,hard to rate
223,slackers
223,minimalist
223,hilarity
223,talky
223,tumeys dvds
223,to see
223,new jersey
223,literate
223,wry
223,rent
223,work ethics
223,do kupienia
223,matteroffact
224,johnny depp
224,fantasy
224,mental illness
224,romance
224,nudity (rear)
224,psychology
224,cant remember
224,afternoon section
224,passion
225,based on a book
225,cant remember
225,michael crichton
227,cant remember
229,roman polanski
230,horror
230,stephen king
230,drama
230,adapted from:book
230,cant remember
230,book
230,child abuse
231,comedy
231,stupid
231,jim carrey
231,quirky
231,vhs
231,tv
231,silly
231,raunchy
231,goofy
231,get
231,own
231,irreverent
231,madcap
231,buddy movie
231,jeff daniels
231,infantile
232,school
232,in netflix queue
232,buddhism
232,father daughter relationship
232,workplace
232,marriage
232,remade
232,cooking
232,fast food
232,food
232,minimalist
232,restaurant
232,library vhs
232,corvallis library
232,dvdvideo
232,photography
232,food/cooking
232,aging
232,teacher
232,widows/widowers
232,sister sister relationship
232,chefs
232,karaoke
232,breakups and divorces
232,volleyball
232,letters
232,family gatherings
232,tasteful
232,makes you hungry
232,rival suitor
232,christians
233,mystery
233,romance
233,gay
233,smuggling
233,obsession
233,death
233,toronto
233,canada
233,dvdvideo
233,to see
233,widower
234,sexuality:bdsm
235,johnny depp
235,biopic
235,tim burton
235,imdb top 250
235,quirky
235,witty
235,dvd
235,black and white
235,underrated piece of genius
235,oscar (best supporting actor)
235,affectionate
235,gentle
235,poignant
235,edith wharton
235,movie business
235,elegiac
236,comedy
236,romance
236,girlie movie
236,meg ryan
236,fear of airplanes
236,marriage
237,boring
237,nice
237,paris
237,france
237,basketball
237,erlends dvds
237,debra winger
237,infertility
237,ordinary
239,disney animated feature
239,disney
239,road trip
239,fatherson relationship
239,katottava
240,based on a book
240,dean koontz
242,musical
242,sad
242,opera
242,18th century
242,backstage
246,sports
246,school
246,documentary
246,on dvr
246,true story
246,poverty
246,high school
246,basketball
246,movie to see
246,hulu
246,national film registry
246,library vhs
246,setting:chicago
246,sport:basketball
247,surreal
247,nudity (topless)
247,surrealism
247,fantasy life
247,troy library
247,boring
247,lesbian
247,romance
247,peter jackson
247,new zealand
247,dvd
247,queer
247,disturbing
247,stylized
247,crazy
247,kate winslet
247,coming of age
247,passionate
247,bizarre
247,wistful
247,australia
247,poignant
247,lgbt
247,visceral
247,scope
247,opposites attract
247,sexual awakening
248,bad
249,nudity (full frontal)
249,gary oldman
249,deafness
249,beautiful music
249,biographical
249,beethoven
249,to see
249,topic:deafness
250,nostalgic
252,romance
252,italian
252,bibliothek
252,tim robbins
253,vampire
253,spooky
253,vampires
253,fantasy
253,book was better
253,boring
253,terror
253,drama
253,tom cruise
253,brad pitt
253,based on a book
253,lots of blood
253,nudity (full frontal)
253,adapted from:book
253,cant remember
253,anne rice
253,book
253,mediocre plot
253,antonio banderas
253,kirsten dunst
253,usa
253,want to own
253,literature
253,interviews
253,want
253,my dvds
253,to see
253,dracula
253,debased
253,my movies
256,funny
256,horrible
256,easygoing
256,arnold schwarzenegger
256,silly
256,julie andrews
256,light
256,earnest
256,bright
257,court
257,wow
259,samuel l jackson
260,robots
260,overrated
260,action
260,sequel
260,empire
260,space
260,fantasy
260,war
260,akira kurosawa
260,imdb top 250
260,scifi
260,vhs
260,tv
260,space travel
260,adventure
260,great soundtrack
260,dvd
260,classic
260,seen more than once
260,usa film registry
260,desert
260,70mm
260,harrison ford
260,stylized
260,70s
260,space opera
260,franchise
260,luke skywalker
260,darth vader
260,x wing
260,princess
260,force
260,luke
260,breakthroughs
260,usa
260,atmospheric
260,futuristmoviescom
260,series
260,james earl jones
260,carrie fisher
260,mark hamill
260,gfei own it
260,afi 100
260,quotable
260,heroic mission
260,sword fight
260,lucas
260,oscar (best editing)
260,nerdy
260,seen at the cinema
260,reluctant hero
260,alec guiness
260,divx1
260,dvd1
260,saturn award (best makeup)
260,saturn award (best actress)
260,afi 100 (cheers)
260,afi 100 (movie quotes)
260,saturn award (best music)
260,oscar (best costume design)
260,saturn award (best costumes)
260,saturn award (best actor)
260,oscar (best sound)
260,saturn award (best director)
260,saturn award (best writing)
260,afi 100 (thrills)
260,national film registry
260,erics dvds
260,homage
260,tumeys dvds
260,epic adventure
260,highly quotable
260,spaceopera
260,myth
260,bechdel test:fail
260,murder/fatality
260,awesome soundtrack
260,w/e
260,robots and androids
260,noise in space
260,directorscreenwriter
260,rousing
260,space wars
260,galactic
260,midgets
260,far future
260,spielberg/lucas
261,drama
261,gay
261,based on a book
261,ok
261,chick flick
261,adapted from:book
261,kirsten dunst
261,great adaptations
261,moving
261,americana
262,england
262,india
262,girls
262,nice period piece
263,forceful
263,angry
263,harsh
263,cathartic
263,biting
263,drab
264,actress from nathalie
265,intimate
265,magic realism
265,bittersweet
265,passionate
265,warm
265,compassionate
265,food
265,starcrossed lovers
265,food/cooking
265,downbeat
265,supernatural romance
266,war
266,dramatic
266,brad pitt
266,oscar (best cinematography)
266,cant remember
266,mountain man
266,prohibition
270,ennio morricone
272,funny
272,biopic
272,england
272,mental illness
272,history
272,costume drama
272,18th century
272,hulu
272,not corv lib
272,biopics
273,gothic
273,bibliothek
273,based on a book
273,adapted from:book
273,frankenstein
273,seen at the cinema
275,steve martin
276,sexy
276,comedy
276,family
276,turd
276,okay
276,ed harris
276,anne heche
276,malcolm mcdowell
276,haha
277,drama
277,christmas
277,classic
277,remake
277,family
277,70mm
277,holiday
277,santa claus
277,richard attenborough
277,elizabeth perkins
277,childrens story
277,bad remake
279,in netflix queue
280,prison
280,alcatraz
280,gary oldman
280,courtroom setting
281,underrated
281,hulu
281,paul newman
281,hw drama
282,drama
282,jodie foster
282,nudity (full frontal)
282,cant remember
282,liam neeson
282,disability
282,twins
288,satire
288,crime
288,serial killer
288,violence
288,satirical
288,want to see again
288,ultraviolence
288,owned
288,brutal
288,paranoid
288,stylized
288,robert downey jr
288,psychedelic
288,oliver stone
288,gfei own it
288,hallucinatory
288,annoying
288,erics dvds
288,frantic
288,visceral
288,menacing
288,do kupienia
288,lurid
288,cinematographer:robert richardson
289,cant remember
289,robert downey jr
289,bonnie hunt
289,marissa tomei
290,abuse
290,in netflix queue
290,violent
290,new zealand
290,owned
290,rape
290,tattoos
290,alcoholism
290,sad
290,maori
292,overrated
292,morgan freeman
292,futuristmoviescom
292,seen at the cinema
292,formulaic
292,biology
292,disease
292,wolfgang petersen
292,want
293,imdb top 250
293,quirky
293,drama
293,hit men
293,owned
293,assassin
293,seen more than once
293,tense
293,love story
293,murder
293,disturbing
293,classic crime
293,unique
293,predictable
293,jean reno
293,natalie portman
293,luc besson
293,hitman
293,assassins
293,gary oldman
293,strong
293,beautiful
293,shooting
293,great acting
293,lame ending
293,need to buy
293,harsh
293,erics dvds
293,could have been better
293,estrangeinro
293,sniper
293,visceral
293,killerasprotagonist
293,revenge as motive
293,assassinintraining
293,major recutting
293,tumeys to see again
293,scope
293,forbidden love
293,do kupienia
296,great movie
296,crime
296,comedy
296,drugs
296,action
296,violence
296,nonlinear
296,quentin tarantino
296,imdb top 250
296,samuel l jackson
296,dark comedy
296,quirky
296,vhs
296,tv
296,drama
296,great soundtrack
296,hit men
296,ensemble cast
296,ultraviolence
296,violent
296,twist
296,owned
296,dvd
296,bibliothek
296,classic
296,multiple storylines
296,organized crime
296,assassin
296,cult film
296,seen more than once
296,clever
296,test tag
296,black comedy
296,bloody
296,stylish
296,humor
296,good music
296,john travolta
296,murder
296,too violent
296,good dialogues
296,bruce willis
296,classic crime
296,christopher walken
296,cant remember
296,stylized
296,sweet
296,90s
296,must see
296,puppets
296,pulp
296,bfi modern classic
296,great use of music
296,guns
296,tarantino
296,dialogue
296,dialogue driven
296,uma thurman
296,usa
296,oneliners
296,golden palm
296,awesome
296,sick
296,own
296,neonoir
296,gfei own it
296,afi 100
296,wired 50 greatest soundtracks
296,notable soundtrack
296,quotable
296,irreverent
296,seen at the cinema
296,watchfully
296,great music
296,buddy movie
296,ensemble
296,tarantino is god
296,emerson must see
296,hilarity
296,need to buy
296,want
296,oscar (best screenplay)
296,afi 100 (thrills)
296,talky
296,erics dvds
296,heroin
296,tumeys dvds
296,facebook rec
296,my dvds
296,suitcase of light
296,highly quotable
296,cons and scams
296,visceral
296,literate
296,killerasprotagonist
296,hypertextual
296,moral ambiguity
296,travolta
296,rousing
296,my movies
296,samuel ljackson
296,bmf
296,mysterious parcel
296,thrill crime
296,hostage situations
296,hired killers
296,tim roth
298,directorial debut
299,funny
299,gay
299,queer
299,religion
299,homosexuality
299,to see
299,toronto film festival winner
299,religion:xian
299,priest
299,members of the clergy
300,tv show
300,corruption
300,on computer
300,tv
300,want to see again
300,bibliothek
300,television
300,john turturro
300,ralph fiennes
300,david paymer
300,rob morrow
300,mira sorvino
300,paul scofield
300,almost favorite
300,slow starter
300,tumeys vhs
301,japan
302,nudity (full frontal)
302,french
302,netflix
302,dumas
303,sam raimi
303,boring
303,russell crowe
303,gene hackman
305,nudity (full frontal)
305,robert altman
305,fashion
305,altman
305,forest whitaker
306,sequel
306,on dvr
306,bibliothek
306,french
306,reflective
306,meditative
306,bfi modern classic
306,red
306,atmospheric
306,coincidences
306,melancholy
306,gentle
306,library
306,enigmatic
306,lyrical
306,three colours trilogy
306,seen
306,desert island flicks
306,cdon
306,three colors trilogy
307,music
307,bibliothek
307,love
307,family
307,french
307,meditative
307,bfi modern classic
307,atmospheric
307,death
307,relationships
307,brian
307,darrin
307,melancholy
307,enigmatic
307,lyrical
307,composer
307,haunted by the past
307,somber
307,trilogy
307,three colours trilogy
307,death of a child
307,car accident
307,swimming pool
307,starting over
307,cdon
307,bluish
307,death of a spouse
307,three colors trilogy
308,sequel
308,on dvr
308,satirical
308,bibliothek
308,ironic
308,marriage
308,bfi modern classic
308,humane
308,beautiful
308,cynical
308,biting
308,wry
308,three colours trilogy
308,cdon
308,white
308,three colors trilogy
309,business
315,nudity (topless)
315,sylvester stallone
315,nudity (rear)
316,time travel
316,archaeology
316,timetravel
316,space
316,aliens
316,scifi
316,bibliothek
316,tense
316,sweeping
316,guilty pleasure
316,atmospheric
316,futuristmoviescom
316,lavish
316,seen at the cinema
316,watchagain
316,mythology
316,divx1
316,jbs dvds
316,rousing
317,tim allen
317,christmas
317,judge reinhold
317,pretty funny
318,great movie
318,prison
318,stephen king
318,frank darabont
318,imdb top 250
318,vhs
318,tv
318,revenge
318,drama
318,owned
318,dvd
318,inspirational
318,bibliothek
318,classic
318,genius
318,seen more than once
318,friendship
318,justice
318,prison escape
318,adaptation
318,based on a book
318,narrated
318,reflective
318,swearing
318,united states
318,wrongful imprisonment
318,bfi modern classic
318,erlends dvds
318,foul language
318,morgan freeman
318,tim robbins
318,brilliant
318,own
318,directorial debut
318,want it
318,brotherhood
318,warm
318,sentimental
318,great cast
318,author:stephen king
318,need to own
318,thoughtprovoking
318,faith
318,delights
318,gefaengnisfilm
318,top 10 ever
318,oscar nominee
318,great adaptations
318,compassionate
318,based on book
318,literature
318,earnest
318,escape
318,divx1
318,show business
318,afi 100 (cheers)
318,talky
318,tumeys dvds
318,hope
318,freedom
318,cinematographerdirector
318,rita hayworth
318,adapted from:short story
318,autonomy
318,halfway house
318,institutionalization
319,dark comedy
319,quirky
319,friendship
319,disturbing
319,underrated
319,macabre
319,stylized
319,erlends dvds
319,atmospheric
319,directorial debut
319,cynical
319,stupidity
319,seen at the cinema
319,menacing
319,biting
319,faltering friendships
319,criminals revenge
319,unlikely criminals
319,hide the dead body
320,underrated
321,communism
321,cuba
321,homophobia
324,homosexuality
324,russell crowe
324,single father
324,fatherson relationship
324,socially relevant
326,in netflix queue
326,tense
326,politics
326,poignant
326,oppl
326,gritty
326,fantastic foreign films
326,class issues
326,purpose in life
327,postapocalyptic
327,post apocalyptic
327,desert
327,craptacular
327,mutants
328,nudity (topless)
329,space
329,tv
329,owned
329,seen more than once
329,franchise
329,patrick stewart
329,futuristmoviescom
329,star trek
329,whoopi goldberg
329,william shatner
329,gene roddenberry
329,far future
332,remake
332,evil children
332,psychic powers
333,funniest movies
333,tom cruise
333,seen more than once
333,david spade
333,chris farley
333,salesmen
334,new york city
334,intimate
334,meditative
334,wistful
334,delights
334,lyrical
334,actors
334,talky
334,literate
334,sibling relationships
334,austere
334,elegiac
334,family gatherings
334,autumnal
334,families in crisis
337,johnny depp
337,mental illness
337,on computer
337,vhs
337,want to see again
337,owned
337,bibliothek
337,kids movie
337,brothers
337,leonardo dicaprio
337,cant remember
337,whimsical
337,coming of age
337,john c reilly
337,comingofage
337,tumeys dvds
338,serial killer
338,virtual reality
338,cant remember
338,russell crowe
338,futuristmoviescom
338,peter gabriel music
339,boring
339,good romantic comedies
339,chick flick
339,sandra bullock
339,its alright
339,avuncular grandfatherfigure
339,bechdel test:fail
339,coma
340,cant remember
342,comedy
342,quirky
342,cant remember
342,bittersweet
342,gentle
342,australia
342,light
342,dani2006
342,ummarti2006
342,weddings
342,rousing
342,upbeat
342,bright
344,comedy
344,action
344,jim carrey
344,dumb
344,goofy
344,own
344,directorial debut
344,silly fun
344,want
344,tom shadyac
345,gay
345,queer
345,musical
345,cross dressing
345,gender identity
345,erlends dvds
345,remade
345,disco
345,hugo weaving
345,australia
345,watched 2007
345,small town
345,transgender
345,test
345,transvestites
345,subgenre:road trip
345,men in drag
345,happy
345,crossdressing men
346,na
347,roman polanski
347,hugh grant
348,johnny depp
348,woody allen
348,oscar (best supporting actress)
348,new york city
348,theater
348,erlends dvds
348,play
348,mobster
348,oscar nominee: supporting actor
348,oscar nominee: director
348,oscar nominee: costume design
348,oscar nominee: art direction
348,oscar nominee: original screenplay
348,oscar nominee: supporting actress
349,action
349,tense
349,based on a book
349,harrison ford
349,cant remember
349,tom clancy
349,cia
349,usa
349,want
349,jack ryan
349,character:jack ryan
349,confrontational
349,rousing
349,ussr
350,language
350,based on a book
350,adapted from:book
350,john grisham
350,southern theme
350,author:john grisham
350,rewatch for rating
351,jazz
351,cant remember
351,directorial debut
352,wired 50 greatest soundtracks
353,ghosts/afterlife
353,gothic
353,romance
353,revenge
353,halloween
353,nudity (rear)
353,cult film
353,dreamlike
353,cool
353,goth
353,stylized
353,birds
353,rock and roll
353,rain
353,bittersweet
353,based on a comic
353,own
353,halloween movie
353,memories
353,tumeys dvds
353,my dvds
353,adapted from:comic
353,gritty
353,menacing
353,crappy remake
353,proyas
353,nocturnal
353,elegiac
353,cdon
353,resurgence
353,bride
353,spirit animal
353,tissue regeneration
353,extrasensory visual capacity
353,cinematographer:dariusz wolski
354,baseball
355,flying
355,sitcom
356,overrated
356,comedy
356,biopic
356,oscar (best directing)
356,sappy
356,history
356,oscar (best actor)
356,war
356,vietnam
356,oscar (best picture)
356,imdb top 250
356,tom hanks
356,romance
356,drama
356,owned
356,dvd
356,classic
356,psychology
356,seen more than once
356,heartwarming
356,football
356,life in general
356,based on a book
356,pg13
356,good story
356,good dialogues
356,classic comedy
356,melodrama
356,sweeping
356,silly
356,must see
356,chocolate
356,united states
356,book
356,box
356,jfk
356,gary sinise
356,robert zemeckis
356,usa
356,bittersweet
356,whimsical
356,special
356,great acting
356,nostalgic
356,own
356,well done
356,afi 100
356,sentimental
356,oscar (best editing)
356,oscar winner
356,seen at the cinema
356,sad but good
356,based on book
356,earnest
356,us culture
356,sally field
356,need to buy
356,afi 100 (cheers)
356,afi 100 (movie quotes)
356,us history
356,erics dvds
356,tumeys dvds
356,best picture
356,lord of the ring
356,bechdel test:fail
356,related:forrest gump
356,related:technique:forrest gump
356,biographical view
356,jbs dvds
356,mothers and sons
356,amputee
356,mentally impaired
356,mental
356,anthology
356,buy
356,saintly fools
357,seen more than once
357,girlie movie
357,chick flick
357,wedding
357,guilty pleasure
357,relationships
357,hugh grant
357,kristin scott thomas
357,seen at the cinema
357,my movies
358,racism
358,college
361,comedy
361,gambling
361,nicolas cage
361,cant remember
362,jude law
362,adapted from:book
362,animated classic
363,in netflix queue
363,filmmaking
363,german
364,fun
364,animals
364,disney animated feature
364,children
364,animation
364,seen more than once
364,kids
364,musical
364,70mm
364,animated
364,disney
364,lions
364,talking animals
364,africa
364,very good for kids
364,coming of age
364,own
364,whoopi goldberg
364,fatherson relationship
364,literature
364,want
364,erics dvds
364,meaningful
364,infantil
364,hard to rate (personal)
364,baptism
364,desenho
364,avi
364,tumeys vhs
364,bearable disney
364,poetic justice
364,ihq
365,bernardo bertolucci
365,keanu reeves
365,bibliothek
365,70mm
367,funny
367,comedy
367,mafia
367,jim carrey
367,classic
367,ok
367,classic comedy
367,green
367,afternoon section
367,cartoonish
367,own
367,cameron diaz
367,peter reigert
367,seen at the cinema
367,animal:dog
367,disambiguation:the mask
367,comics based
368,gambling
368,jodie foster
368,mel gibson
368,graham greene
368,james garner
368,alfred molina
368,poker
368,watchfully
369,biopics
369,writers at work
370,police
370,comedy
370,boring
370,cant remember
370,screwball
370,parody
370,foqam
370,zaz
370,nazi
370,leslie neilsen
370,peter segal
371,seen more than once
371,journalism
371,news media
372,ethan hawke
372,grunge
372,90s
372,okay
372,houston
372,slackers
372,slick adventure
372,winona
373,hitman
373,red
373,wyoming
374,comedy
374,fun
374,children
374,kids
374,money
374,macaulay culkin
374,warm
374,adapted from:comic
374,vault
374,parents
376,scenic
376,hostage
377,action
377,chase
377,speed
377,keanu reeves
377,seen more than once
377,tense
377,space opera
377,explosions
377,dennis hopper
377,injuries
377,highway
377,sandra bullock
377,want it
377,keanu reaves
377,forceful
377,seen at the cinema
377,want
377,afi 100 (thrills)
377,visceral
377,bechdel test:fail
377,bus
377,rousing
377,jan de bont
379,time travel
379,timetravel
379,nudity (full frontal)
379,cant remember
379,futuristmoviescom
379,jeanclaude van damme
380,funny
380,comedy
380,action
380,espionage
380,quirky
380,seen more than once
380,family
380,70mm
380,arnold schwarzenegger
380,clearplay
380,terrorism
380,spies
380,schwarzenegger
380,buddy
380,james cameron
380,foqam
380,seen at the cinema
380,want
380,special effects
380,decent thiller
380,gadget car
380,explodeytime
381,addiction
381,alcoholism
381,likeilike top pick
382,gothic
382,classic
382,cant remember
382,jack nicholson
382,werewolf
382,afternoon section
382,killerasprotagonist
383,cant remember
383,gene hackman
383,golden raspberry (worst actor)
389,period piece
389,gerard depardieu
390,dvd
390,campy
390,raunchy
390,camp
390,sexual
390,irreverent
390,hallucinatory
390,svens to see list
390,lurid
392,to see
393,video game adaptation
393,no rec
393,adapted from:game
393,jeanclaude van damme
394,less than 300 ratings
395,less than 300 ratings
395,not at library
404,politics
405,sequel
405,nudity (full frontal)
405,immortals
405,crappy sequel
405,want
407,lovecraftian
407,lovecraftian mythology
410,gothic
410,stupid
410,quirky
410,creepy
410,macabre
410,goth
410,adolescence
412,19th century
412,costume drama
412,tumeys dvds
412,edith wharton
412,playlist
413,comedy
413,awful
413,stupid
413,music
413,funniest movies
413,rock
413,cult film
413,crap
413,brendan fraser
413,silly but good
413,rock and roll
413,dan akroyd
413,adam sandler
413,hostage
413,snl alums
413,dont know
413,solid comedy
413,ridiculous training sequence
413,rock movies
415,cant remember
416,nudity (topless)
416,clv
417,watch
419,television
419,hillbillies
420,comedy
420,sequel fever
420,eddie murphy
421,classic
421,sean bean lives
421,horses
421,animal:horse
423,forest whitaker
424,shaquille oneal
425,mental illness
425,oscar (best actress)
425,dvdvideo
426,vhs
426,forest whitaker
426,evil twin
427,dvdvideo
428,great movie
428,mafia
428,bibliothek
428,robert de niro
428,erics dvds
428,bikers
431,nudity (topless)
431,gangster
431,on dvr
431,bibliothek
431,sean penn
431,al pacino
431,brian de palma
431,brian depalma
431,erics dvds
431,corvallis library
431,tumeys vhs
431,seen
431,suspense cut
432,lame
434,sylvester stallone
434,clint eastwood
434,70mm
434,harlin
434,mountain climbing
434,watchfully
434,clv
434,colorado
434,renny harlin
434,mountains
435,aliens
435,stupid
435,coen brothers
435,dan akroyd
435,alien invasion
435,snl
436,psychology
436,golden raspberry (worst picture)
440,seen more than once
440,president
440,chick flick
440,kevin kline
441,drugs
441,easygoing
441,quirky
441,bullying
441,marijuana
441,austin
441,texas
441,teen
441,nostalgic
441,wired 50 greatest soundtracks
441,notable cast
441,irreverent
441,affectionate
441,1970s
441,high school life
441,deadpan
442,funny
442,dystopia
442,action
442,sylvester stallone
442,owned
442,los angeles
442,cant remember
442,futuristmoviescom
442,wesley snipes
442,seen at the cinema
442,dumb dystopia
443,surfing
444,lesbian
444,queer
444,uma thurman
444,lgbt
445,parody
446,china
446,gay
446,sweeping
446,homosexuality
446,golden palm
446,passionate
446,lavish
446,culture
446,compassionate
446,earnest
446,corvallis library
446,to see
446,backstage
446,courtesan
448,slow
448,boring
448,psychology
448,depression
448,death
448,jeff bridges
448,car crash
448,accident
448,isabella rossellini
448,cheating death
451,hulu
454,book was better
454,tom cruise
454,based on a book
454,adapted from:book
454,cant remember
454,john grisham
454,erlends dvds
454,more or less
454,gene hackman
454,te kijken
454,own
454,lawyer
454,author:john grisham
454,lawyers
455,nostalgic
455,animal:whale
456,drugs
456,samuel l jackson
456,directorial debut
456,chess
456,ghetto
457,action
457,chase
457,violence
457,funniest movies
457,thriller
457,tv
457,tense
457,murder
457,paranoid
457,harrison ford
457,julianne moore
457,andrew davis
457,usa
457,framed
457,oscar (best supporting actor)
457,adapted from:tv series
457,seen at the cinema
457,police investigation
457,excellent just excellent
457,want
457,afi 100 (thrills)
457,ominous
457,frantic
457,menacing
457,sewer/tunnel chase
457,fugitive
457,setting:chicago
457,protagonist is medical doctor
457,video surveillance
457,tumeys vhs
457,rousing
457,veja
458,70mm
458,gene hackman
459,remake
460,ted danson
461,lesbian
461,teddy award
464,jeanclaude van damme
464,setting:new orleans
464,ssh im hunting human
464,lance henriksen
465,vietnam war
465,oliver stone
465,cinematographer:robert richardson
466,comedy
466,humor
466,cool
466,cant remember
466,charlie sheen
466,parody
466,silly
466,seen at the cinema
466,watch
466,zaz
468,funny
468,comedy
468,british comedy
468,drama
468,bibliothek
468,not very good
468,chick flick
468,english
468,hugh grant
468,gentle
468,seen 2008
469,winona ryder
470,bernie mac
470,betamax
470,imdb bottom 100
471,easygoing
471,coen brothers
471,satirical
471,quirky
471,vhs
471,netflixq
471,witty
471,underrated
471,urbane
471,whimsical
471,didnt finish
471,madcap
471,1950s
471,tumeys dvds
471,capraesque
471,hula hoop
471,fighting the system
472,satire
472,hollywood
472,child actor
474,assassination
474,thriller
474,clint eastwood
474,70mm
474,secret service
474,torent
474,rene russo
474,john malkovich
474,wolfgang petersen
475,very moving
475,prison
475,drama
475,true story
475,based on a book
475,terrorism
475,emma thompson
475,historical
475,daniel daylewis
475,library
475,based on book
475,ira
475,based on true story
477,biopic
477,biography
477,inspirational
477,true story
477,womens lib
477,rock and roll
477,angela bassett
477,afi 100 (cheers)
480,action
480,suspense
480,scifi
480,thriller
480,adventure
480,drama
480,owned
480,dinosaurs
480,tense
480,creepy
480,based on a book
480,genetics
480,steven spielberg
480,adapted from:book
480,stylized
480,science
480,cgi
480,franchise
480,book
480,scenic
480,usa
480,futuristmoviescom
480,foqam
480,cloning
480,cool but freaky
480,jeff goldblum
480,oscar winner
480,speilberg
480,seen at the cinema
480,based on book
480,not that good
480,biology
480,michael crichton
480,divx1
480,oscar (best sound)
480,saturn award (best director)
480,saturn award (best writing)
480,afi 100 (thrills)
480,tumeys dvds
480,groundbreaking effects
480,ominous
480,menacing
480,herds of cgi animals
480,nostalgia
480,read the book
480,spielberg/lucas
480,buy
480,wayne knight
481,serial killer
481,ultraviolence
481,tense
481,creepy
481,disturbing
481,bleak
481,atmospheric
481,menacing
482,drugs
482,heist
482,ultraviolence
482,heroin
483,coming of age
483,tumeys dvds
484,dogs
485,stupid
485,70mm
485,arnold schwarzenegger
485,parody
485,campy
485,kid flick
485,friday night movie
485,related:last action hero
488,japan
488,sexuality
488,adultery
488,alter ego
489,whoopi goldberg
489,ted danson
490,nudity (rear)
490,aaron sorkin
491,mel gibson
491,directorial debut
492,woody allen
492,erlends dvds
493,samuel l jackson
493,classic
493,tense
493,los angeles
493,gangs
493,bleak
493,ice cube
493,forceful
493,angry
493,visceral
493,grim
493,real
493,nostaglic
494,harrison ford
494,kurt russell
494,halle berry
494,seen at the cinema
494,clv
495,disturbing
495,japanese
495,passionate
495,sexual
495,poignant
495,claustrophobic
495,library vhs
495,bfi classic
496,sundance award winner
496,new york city
496,loneliness
496,sundance grand jury prize
497,keanu reeves
497,cute
497,shakespeare
497,emma thompson
497,kenneth branagh
497,own
497,want to own
497,literature
497,based on a play
497,feel good movie
497,playwright:shakespeare
497,adapted from:play
497,stage
497,tumeys vhs
497,playlist
499,director of english patient
500,divorce
500,robin williams
500,san francisco
500,girlie movie
500,cross dressing
500,pierce brosnan
500,harvey fierstein
500,afi 100 (laughs)
500,deceit
500,chris columbus
500,seen at the cinema
500,impersonation
500,transvestism
500,nanny
500,mrs ted danson
500,gender disguise
500,men in drag
500,families
500,soft
500,jbs dvds
500,fun family movie
501,nudity (topless)
501,violence
501,british
501,bleak
501,intimate
501,criterion
501,underrated piece of genius
501,brilliant
501,david thewlis
501,angry
501,harsh
501,ohsoso
501,tumeys dvds
501,gritty
501,biting
501,drab
501,mike leigh
501,edgy
502,martial arts
502,high school
502,new york
502,recommendz top pick
502,bowling
502,hilary swank
502,pat morita
502,boston
502,prom
502,air force academy dreams
502,veterans
502,monks
503,less than 300 ratings
504,futuristmoviescom
504,ray liotta
506,nudity (full frontal)
506,adapted from:book
506,gender identity
506,beautiful
506,transgender
506,crossdressing women
506,author:virginia woolf
506,elizabethan
506,virginia woolf
507,car chase
507,kidnapping
507,clint eastwood
507,absent fathers
508,oscar (best actor)
508,tom hanks
508,denzel washington
508,exceptional acting
508,gay
508,bibliothek
508,courtroom
508,cant remember
508,death
508,aids
508,law
508,great acting
508,alone
508,demme
508,afi 100 (cheers)
508,tumeys dvds
508,homophobia
508,catchy score
508,activism
508,homosexual theme
509,sexy
509,oscar (best actress)
509,oscar (best supporting actress)
509,music
509,on computer
509,new zealand
509,owned
509,bibliothek
509,nudity (rear)
509,holly hunter
509,harvey keitel
509,girlie movie
509,good music
509,clearplay
509,stylized
509,sexuality
509,19th century
509,notable nudity
509,gripping
509,atmospheric
509,golden palm
509,passionate
509,adultery
509,melancholy
509,library
509,lyrical
509,tumeys dvds
509,attachment
511,football
511,sport:american football
512,based on a book
512,adapted from:book
512,author:robert heinlein
512,andy robinson
512,robert heinlein
512,massacred the book
513,radio
513,show business
514,comedy
514,irreverent
514,angry
514,talky
514,literate
514,biting
514,wry
514,confrontational
514,wintry
515,book was better
515,romance
515,70mm
515,anthony hopkins
515,emma thompson
515,butler
516,military
517,crime
517,nudity (topless)
517,bibliothek
517,nudity (rear)
517,japan
517,murder
517,based on a book
517,cant remember
517,seen at the cinema
517,michael crichton
518,literary adaptation
518,alan parker
519,robots
519,future
519,cyborgs
519,sci fi
519,crappy sequel
519,nothing special
520,medieval
520,funny
520,comedy
520,spoof
520,very funny
520,mel brooks
520,parody
520,cary elwes
520,mel brooks movie
520,dont remember
520,rewatch for rating
521,nudity (topless)
521,gary oldman
522,violence
522,racism
522,russell crowe
522,australia
522,tumeys dvds
523,sundance award winner
523,intimate
523,understated
523,reflective
523,bittersweet
523,compassionate
523,ashley judd
523,sundance grand jury prize
523,wry
524,sports
524,biography
524,inspirational
524,true story
524,football
524,college
524,afi 100 (cheers)
524,sport:american football
524,inspiring sports movie
527,biopic
527,world war 2
527,oscar (best directing)
527,holocaust
527,history
527,poland
527,world war ii
527,war
527,oscar (best picture)
527,nazis
527,imdb top 250
527,drama
527,biography
527,want to see again
527,violent
527,dvd
527,classic
527,true story
527,oscar (best cinematography)
527,ww2
527,wwii
527,murder
527,disturbing
527,steven spielberg
527,black and white
527,bleak
527,sad
527,book
527,erlends dvds
527,historical
527,usa
527,spielberg
527,jews
527,own
527,liam neeson
527,afi 100
527,great
527,oscar (best director)
527,oscar (best editing)
527,speilberg
527,seen at the cinema
527,culture
527,compassionate
527,based on book
527,jewish holocaust
527,earnest
527,german movie
527,moving
527,literary adaptation
527,judaica
527,want
527,meaning of life
527,oscar nominee: supporting actor
527,afi 100 (cheers)
527,national film registry
527,tumeys dvds
527,somber
527,holocaust poland
527,strong director
527,best picture
527,guerra
527,warsaw ghetto
527,cathartic
527,deliberate
527,the shoah
527,afi100
527,nightclub
527,scope
527,austere
527,savior
527,altruism
527,elegiac
527,hitler
527,life choices
527,my movies
527,do kupienia
527,spielberg/lucas
527,oscar best picture
529,baseball
529,disk
529,afi 100 (cheers)
529,chess
531,in netflix queue
531,fairy tale
531,lyrical
531,magical
531,childrens
532,dark comedy
532,psychology
532,true story
532,spoof
532,afternoon section
532,rock concert footage
533,comic book adaption
534,biography
534,cs lewis
534,based on a play
535,ensemble cast
535,bibliothek
535,multiple storylines
535,los angeles
535,70mm
535,fathers and sons
535,sweeping
535,robert downey jr
535,robert altman
535,criterion
535,julianne moore
535,melancholy
535,altman
535,to see
535,literate
535,biting
535,large cast
535,rent
535,faltering friendships
535,likeilike top pick
535,intersecting lives
535,crumbling marriages
535,racy
536,lost classic
536,touching
537,cant remember
537,notable nudity
537,great story
538,will smith
538,race
538,thought provoking
538,race issues
538,humorous
538,1990s
538,stockard channing
538,donald sutherland
538,coincidences
538,talky
538,adapted from:play
539,boring
539,tom hanks
539,romance
539,seen more than once
539,girlie movie
539,good romantic comedies
539,meg ryan
539,chick flick
539,cant remember
539,soundtrack
539,watch
539,want
539,slow and predictable plot
539,nora ephron
539,empire state building
539,ownable
539,i own this
540,sexy
540,mystery
540,nudity (topless)
540,thriller
540,nudity (rear)
540,cant remember
540,bad
540,silly
540,voyeurism
540,sharon stone
541,robots
541,dystopia
541,action
541,existentialism
541,slow
541,nudity (topless)
541,fantasy
541,androids
541,futuristic
541,memory
541,philip k dick
541,imdb top 250
541,on dvr
541,scifi
541,boring
541,thriller
541,vhs
541,drama
541,great soundtrack
541,dark
541,violent
541,owned
541,classic
541,assassin
541,dreamlike
541,mindfuck
541,future
541,noir
541,los angeles
541,70mm
541,futuro
541,murder
541,based on a book
541,adapted from:book
541,great cinematography
541,harrison ford
541,stylized
541,narrated
541,cyborgs
541,must see
541,bfi modern classic
541,erlends dvds
541,mortality
541,rain
541,sci fi
541,ridley scott
541,filmnoir
541,atmospheric
541,futuristmoviescom
541,distopia
541,afi
541,neonoir
541,blaxploitation
541,gfei own it
541,melancholy
541,eerie
541,cyberpunk
541,best movies ever
541,noir thriller
541,library
541,ahead of its time
541,based on book
541,dystopian
541,morality
541,rutger hauer
541,afi 100 (thrills)
541,national film registry
541,tumeys dvds
541,mindblowing
541,cav
541,somber
541,ominous
541,future dystopias
541,katsomattomat
541,dark hero
541,dystopic future
541,setting:la
541,killerasprotagonist
541,bechdel test:fail
541,author:philip k dick
541,beautiful effects
541,jbs dvds
541,robots and androids
541,experiments gone awry
541,technology run amok
541,far future
541,obsessive quests
541,sf
541,buy
541,android
541,cinematographer:jordan cronenweth
541,who cares dvds
541,noirish
542,cant remember
543,comedy
543,mike myers
543,head movie
544,bruce willis
546,funny
546,comedy
546,stupid as hell
546,scifi
546,animation
546,dinosaurs
546,classic
546,video game adaptation
546,videogame
546,crap
546,bad
546,alternate reality
546,video game
546,bob hoskins
546,john leguizamo
546,strangely compelling
546,corny
546,adapted from:game
546,failure
547,so bad its funny
547,ssh im hunting human
548,cant remember
549,nonlinear
549,music
549,canada
549,biopics
550,nudity (rear)
550,group sex
551,gothic
551,claymation
551,tim burton
551,animation
551,christmas
551,halloween
551,dark
551,dvd
551,classic
551,cult film
551,creepy
551,musical
551,animated
551,nicole kidman
551,atmospheric
551,whimsical
551,beautiful
551,special
551,chris sarandon
551,good musicals
551,inventive
551,warm
551,halloween movie
551,animated opera
551,lavish
551,eerie
551,poignant
551,innovative
551,want to own
551,need to buy
551,saturn award (best music)
551,tumeys dvds
551,halloween theme
551,my dvds
551,danny elfman
551,ratedpg
551,xmas
551,based on a poem
551,desenho
551,danny elfman score
551,merry
552,knights
552,tim curry
552,swashbuckler
553,bibliothek
553,clearplay
553,kurt russell
553,guns
553,shooting
553,own
553,want it
553,watchagain
553,west
553,sheriffs and outlaws
553,gritty
553,arizona
553,visceral
553,stirring
553,kinda slow
554,murder
555,action
555,violence
555,samuel l jackson
555,dvd
555,christopher walken
555,erlends dvds
555,gary oldman
555,shooting
555,tarantino is god
555,showdown
555,homage
555,tumeys dvds
555,elvis iconography
556,classic
556,politics
556,clinton
558,cant remember
558,christopher lloyd
558,original
559,nc17
562,horrible
562,comedy
562,quirky
562,depressing
562,disturbing
562,school drama
562,adolescence
563,working class
563,class issues
563,social message
563,strike
565,slow
565,dreamlike
565,guillermo del toro
565,goth
565,stylized
565,atmospheric
565,directorial debut
565,eerie
565,tumeys dvds
565,moody
565,automata
565,fanciful
565,clockwork devices
567,almodovar
567,writer
567,television
568,directorial debut
574,nudity (full frontal)
574,directorial debut
581,lesbian
581,gay
581,hollywood
581,based on a book
581,dvdr
581,interviews
581,dvdram
581,teddy award
585,brad pitt
585,likeilike top pick
586,comedy
586,christmas
586,classic
586,seen more than once
586,family
586,homosexuality
586,erlends dvds
586,for kids
586,get
586,macaulay culkin
586,childhood classics
586,sadistic
586,to see
586,xmas theme
587,ghosts/afterlife
587,ghosts
587,oscar (best supporting actress)
587,romance
587,drama
587,seen more than once
587,girlie movie
587,good romantic comedies
587,chick flick
587,sweet
587,afternoon section
587,bittersweet
587,death
587,whoopi goldberg
587,passionate
587,sentimental
587,quite romantic
587,library
587,tearjerking
587,whoopie goldberg
587,want
587,patrick swayze
587,catchy score
587,protagonist is recently widowed
587,remakeof:truly madly deeply
587,subway
587,sensual
587,buy
587,ghana
588,fun
588,aliens
588,cartoon
588,artistic
588,disney animated feature
588,stereotypes
588,adventure
588,animation
588,robin williams
588,seen more than once
588,young kids
588,musical
588,animated
588,disney
588,rags to riches
588,fairy tale
588,middle east
588,coming of age
588,own
588,family comedy
588,hard to rate
588,seen at the cinema
588,want to own
588,divx1
588,cav
588,dvd collection
588,good versus evil
588,hard to rate (personal)
588,avi
588,bearable disney
588,(s)vcd
588,katottava
589,robots
589,time travel
589,dystopia
589,computers
589,action
589,timetravel
589,chase
589,androids
589,violence
589,imdb top 250
589,suspense
589,scifi
589,thriller
589,dvd
589,bibliothek
589,classic
589,seen more than once
589,tense
589,future
589,70mm
589,france
589,murder
589,redemption
589,arnold schwarzenegger
589,paranoid
589,stylized
589,narrated
589,cyborgs
589,motorcycle
589,cgi
589,schwarzenegger
589,television
589,james cameron
589,usa
589,futuristmoviescom
589,emotional and heroic
589,memorable characters
589,get
589,sequel better than original
589,better than original
589,heroic mission
589,kick ass
589,apocalypse
589,library
589,seen at the cinema
589,nuclear war
589,rebels
589,divx1
589,scifi masterpiece
589,saturn award (best actress)
589,afi 100 (movie quotes)
589,oscar (best sound)
589,saturn award (best director)
589,oscar (best makeup)
589,afi 100 (thrills)
589,erics dvds
589,groundbreaking effects
589,realistic tough female
589,dystopic future
589,visceral
589,menacing
589,killerasprotagonist
589,avi
589,jbs dvds
589,robots and androids
589,welldone time travel
589,explodeytime
590,biopic
590,oscar (best directing)
590,war
590,oscar (best picture)
590,david lynch
590,on dvr
590,native
590,too long
590,culture clash
590,oscar (best cinematography)
590,70mm
590,native americans
590,cant remember
590,sweeping
590,kevin costner
590,historical
590,bittersweet
590,lame
590,afi 100
590,k movie
590,indians
590,oscar (best editing)
590,poignant
590,library
590,culture
590,compassionate
590,based on book
590,earnest
590,afi 100 (cheers)
590,oscar (best sound)
590,national film registry
590,us history
590,best picture
590,tribal
590,oscar best picture
592,comic book
592,action
592,superhero
592,tim burton
592,revenge
592,dark
592,seen more than once
592,tense
592,dreamlike
592,future
592,70mm
592,bleak
592,goth
592,stylized
592,jack nicholson
592,dc
592,franchise
592,atmospheric
592,get
592,dated
592,lavish
592,based on book
592,alter ego
592,way overrated
592,want
592,erics dvds
592,betamax
592,clv
592,to see
592,adapted from:comic
592,dc comics
592,comic bookie
592,villain:the joker
592,batman (series)
592,tumeys to see again
592,moody
593,gothic
593,serial killer
593,horror
593,hannibal lecter
593,oscar (best directing)
593,oscar (best actress)
593,oscar (best actor)
593,oscar (best picture)
593,jonathan demme
593,imdb top 250
593,thriller
593,vhs
593,tv
593,drama
593,katso sanna
593,violent
593,owned
593,dvd
593,classic
593,psychology
593,seen more than once
593,tense
593,creepy
593,cannibalism
593,jodie foster
593,murder
593,based on a book
593,disturbing
593,anthony hopkins
593,classic thriller
593,criterion
593,book
593,bfi modern classic
593,erlends dvds
593,usa
593,investigation
593,fbi
593,own
593,want it
593,afi 100
593,oscar winner
593,demme
593,based on book
593,manipulation
593,scott glenn
593,want
593,saturn award (best makeup)
593,afi 100 (movie quotes)
593,saturn award (best actor)
593,saturn award (best writing)
593,afi 100 (thrills)
593,haunted by the past
593,my dvds
593,best picture
593,psychiatrist
593,mind games
593,menacing
593,psychiatrist as protagonist
593,prequel to:hannibal
593,tumeys vhs
593,downbeat
593,rookie cops
593,trapped or confined
593,metamorphosis
593,gruesome
594,disney animated feature
594,animation
594,classic
594,usa film registry
594,animated
594,disney
594,cant remember
594,fairy tale
594,breakthroughs
594,own
594,afi 100
594,childhood classics
594,original medium was better
594,fairytale
594,almost favorite
594,national film registry
594,good versus evil
594,subgenre:fairy tale
594,heroine
594,(s)vcd
594,classic animated tale
595,disney animated feature
595,nice
595,animation
595,classic
595,seen more than once
595,heartwarming
595,kids
595,70mm
595,disney
595,redemption
595,kids and family
595,fairy tale
595,sweet
595,cellos
595,whimsical
595,beautiful
595,own
595,affectionate
595,lavish
595,gentle
595,almost favorite
595,want
595,national film registry
595,subgenre:fairy tale
595,bechdel test:fail
595,avi
595,tumeys vhs
595,heroine
595,fathers and daughters
595,opposites attract
595,playlist
595,bearable disney
595,servants and employers
595,animated classic
595,ihq
596,fantasy
596,cartoon
596,pixar
596,disney animated feature
596,children
596,musical
596,animated
596,disney
596,cant remember
596,whales
596,puppets
596,puppetry
596,afi 100 (cheers)
596,national film registry
596,(s)vcd
597,romance
597,julia roberts
597,seen more than once
597,hollywood
597,president
597,girlie movie
597,good romantic comedies
597,classical
597,chick flick
597,prostitution
597,afternoon section
597,richard gere
597,foqam
597,jason alexander
597,ralph bellamy
597,shopping
597,divx1
597,hooker
597,sport car
598,russian
599,violence
599,imdb top 250
599,tense
599,70mm
599,bleak
599,stylized
599,atmospheric
599,afi
599,edmond obrien
599,afi 100
599,melancholy
599,cynical
599,library
599,emerson must see
599,william holden
599,sheriffs and outlaws
599,afi 100 (thrills)
599,national film registry
599,tumeys dvds
599,gritty
599,one last heist
599,earthy
599,robert ryan
600,media
600,hulu
602,music
602,jazz
605,george clooney
605,bibliothek
605,afternoon section
605,michelle pfeiffer
605,alex d linz
605,charles durning
608,police
608,crime
608,oscar (best actress)
608,coen brothers
608,imdb top 250
608,on computer
608,dark comedy
608,quirky
608,violent
608,witty
608,minnesota
608,kidnapping
608,owned
608,dvd
608,classic
608,black comedy
608,murder
608,clearplay
608,cant remember
608,goofy
608,snow
608,crime gone awry
608,mediocre plot
608,great story
608,cult
608,william h macy
608,frances mcdormand
608,steve buscemi
608,afi 100 (laughs)
608,afi 100
608,affectionate
608,library
608,watchagain
608,great music
608,hostage
608,deadpan
608,need to buy
608,want
608,national film registry
608,offbeat humor
608,strong director
608,qube
608,protagonist sells cars
608,tumeys to see again
608,debased
608,wintry
608,my movies
608,frances
608,far and away
608,veja
610,surreal
610,rotoscoping
610,good versus evil
611,nudity (topless)
616,disney animated feature
616,paris
616,animated
616,disney
616,france
616,jazz
616,greed
616,dont remember
617,almodovar
617,bibliothek
618,boring
619,imdb bottom 100
620,werner herzog
627,dark comedy
627,black comedy
627,murder
627,cameron diaz
627,intellectual
628,crime
628,edward norton
628,drama
628,twist ending
628,twist
628,psychology
628,politics
628,scary
628,murder
628,based on a book
628,jonossa
628,courtroom drama
628,stunning
628,richard gere
628,deep
628,atmospheric
628,thoughtprovoking
628,best movies ever
628,ed norton
628,talky
628,to see
628,priest
628,acting debut
628,lurid
628,star lawyers
629,less than 300 ratings
632,war movie
636,serial killer
636,adapted from:book
637,crappy remake
638,baby
638,babies
639,hw comedy
645,understated
645,reflective
645,lyrical
645,deliberate
645,love triangles
645,age disparity romance
645,moody
647,gulf war
647,bibliothek
647,not seen
648,espionage
648,military
648,tom cruise
648,murder
648,classic thriller
648,jean reno
648,brian de palma
648,confusing
648,henry czerny
648,gfei own it
648,seen at the cinema
648,confusing plot
648,divx1
648,big budget
650,morgan freeman
650,library vhs
653,medieval
653,action
653,high fantasy
653,adventure
653,dragon
653,dreamlike
653,sean connery
653,dragons
653,epico
653,sweet
653,bittersweet
653,whimsical
653,blood and guts
653,poignant
653,watch
653,clv
653,fanciful
653,drab
655,sentana filmproduktion
659,bibliothek
659,not corv lib
661,claymation
661,fantasy
661,tim burton
661,disney animated feature
661,animation
661,family
661,disney
661,based on a book
661,adapted from:book
661,james cameron
661,stopmotion
661,based on book
661,creepy good
661,author:roald dahl
661,fruits and veggies
663,comedy
663,drugs
663,brian
663,seth
663,excellent just excellent
663,sketch comedy
663,canadian humor
665,world war ii
665,too long
665,sweeping
665,cerebral
665,golden palm
665,1990s
665,irreverent
665,cynical
665,madcap
665,library
665,yugoslavia
665,harsh
665,biting
666,less than 300 ratings
667,sucks big time
668,india
668,based on a book
668,adapted from:book
668,bengal
668,apu trilogy
668,satyajit ray
668,setting:india
668,trilogy:apu
670,india
670,fathers and sons
670,intimate
670,understated
670,stylized
670,passionate
670,apu trilogy
670,poignant
670,satyajit ray
670,lyrical
670,writers life
670,arranged marriages
670,death of a spouse
671,funny
671,comedy
671,scifi
671,tv
671,classic
671,spoof
671,parody
671,hillarious comedy
671,awesome
671,hillarious
671,mst3k
671,funny shit
671,funniest movie ever
671,rent
671,robots and androids
673,nostalgic
673,bugs bunny
673,first
674,space travel
674,cult film
674,cult classic
674,futuristmoviescom
674,dvdvideo
674,awesinine
678,short
680,dystopia
680,stylized
680,criterion
680,meditative
680,futuristmoviescom
680,eerie
680,merde
680,betamax
680,clv
680,future dystopias
680,literate
680,deliberate
680,svens to see list
680,moody
680,private eyes
681,satirical
681,quirky
681,witty
681,criterion
681,cynical
681,extramarital affairs
681,crime sprees
681,unlikely criminals
685,gay
685,friendship
685,party
685,homosexuality
685,friends
692,cant remember
692,plot: seven samurai
696,nudity (full frontal)
697,keanu reeves
698,dvdr
698,ohsoso
702,disturbing
702,bleak
702,intimate
702,stylized
702,energy
702,talky
702,biting
702,austere
702,matteroffact
704,martial arts
704,jeanclaude van damme
704,roger moore
705,ironic
705,goofy
705,opera
705,affectionate
705,madcap
705,biting
705,rousing
705,bright
707,drama
707,cult film
707,bad
707,neonoir
707,noir thriller
707,50 cent
707,excellent for its time
707,dont know
708,chick flick
708,romantic
708,uma thurman
708,childhood classics
708,janeane garofalo
709,disney animated feature
709,disney
709,based on a book
709,adapted from:book
709,new york
709,based on book
709,author:charles dickens
709,charles dickens
711,cant remember
714,johnny depp
714,jim jarmusch
714,quirky
714,dreamlike
714,black and white
714,bleak
714,bfi modern classic
714,beautiful
714,melancholy
714,hallucinatory
714,enigmatic
714,not corv lib
714,lance henriksen
716,cult film
716,cynical
716,angry
716,gritty
716,visceral
716,kids in trouble
716,lurid
718,jean reno
719,stupid
719,lame
719,michael keaton
719,mentally impaired
720,funny
720,great movie
720,comedy
720,claymation
720,aardman
720,nice
720,comic
720,cool
720,must see
720,dogs
720,torent
720,want
720,retarded
720,wallace and gromit
722,ed wood
724,supernatural
724,chick flick
724,goth
724,teen
724,witches
724,teenagers
725,samuel l jackson
725,cant remember
728,in netflix queue
728,ian mckellen
728,rural
728,desert island flicks
728,stephen fry
729,less than 300 ratings
729,blindfold
733,nicolas cage
733,sean connery
733,clearplay
733,terrorism
733,criterion
733,alcatraz
733,ed harris
733,gfei own it
733,seen at the cinema
733,biological warfare
733,want
733,homelist1
735,nudity (topless)
735,satirical
735,dark comedy
735,zombies
735,dreamlike
735,black comedy
735,adaptation
735,macabre
735,goth
735,stylized
735,campy
735,zombie
735,living dead
735,based on book
735,interpretable
736,action
736,philip seymour hoffman
736,thriller
736,adventure
736,twist ending
736,disaster
736,science
736,storm
736,helen hunt
736,foqam
736,bill paxton
736,exciting
736,tornados
736,michael crichton
736,want
736,weather
736,jan de bont
737,nudity (topless)
737,futuristmoviescom
737,dvdvideo
737,heroine in tight suit
738,gerard depardieu
741,philosophical
741,anime
741,japan
741,ghost
741,adult swim
741,erlends dvds
741,futuristmoviescom
741,complex
741,cyberpunk
741,library
741,erics dvds
741,technoevolution
741,artificial intelligence
741,2d/3d hybrid animation
741,great anime
743,spoof
743,cant remember
743,parody
743,spy
743,related:007 (series)
745,funny
745,comedy
745,fun
745,claymation
745,aardman
745,animation
745,car chase
745,short
745,animated
745,dogs
745,motorcycle
745,stop motion
745,clay
745,own
745,want to own
745,aardman studios
745,nick park
745,bechdel test:fail
745,short films
745,seen
745,small business
745,invention
745,animals as companions
745,sheep
745,wallace and gromit
745,bob baker
745,happy
746,national film registry
747,golden raspberry (worst actor)
748,aliens
748,conspiracy
748,charlie sheen
748,futuristmoviescom
748,alien invasion
750,satire
750,comedy
750,war
750,stanley kubrick
750,imdb top 250
750,satirical
750,dark comedy
750,dramatic
750,want to see again
750,witty
750,owned
750,dvd
750,classic
750,genius
750,politics
750,black comedy
750,usa film registry
750,humor
750,based on a book
750,black and white
750,kubrick
750,erlends dvds
750,breakthroughs
750,deep
750,nuclear bomb
750,own
750,george c scott
750,want it
750,afi 100 (laughs)
750,afi 100
750,irreverent
750,apocolypse
750,great
750,peter sellers
750,cynical
750,watch
750,i dont get it
750,nuclear war
750,based on book
750,slim pickens
750,wheelchair
750,antiwar
750,deadpan
750,want
750,afi 100 (movie quotes)
750,national film registry
750,cav
750,nuclear
750,doomsday
750,literate
750,biting
750,multiple roles
750,atomic bomb
750,tumeys to see again
750,nuclear weapons
750,my movies
751,surreal
751,mountain climbing
751,dvdvideo
753,uma thurman
757,dreamlike
757,stylized
757,sweeping
757,lavish
757,poignant
759,oscar (best documentary feature)
760,world war ii
761,cant remember
761,treat williams
762,stupid
762,nudity
762,steven spielberg
762,voyeurism
762,golden raspberry (worst picture)
762,golden raspberry (worst actress)
762,carl hiaasen
764,directorial debut
765,robin williams
765,francis ford coppola
766,nudity (topless)
766,artist
766,activism
775,literary adaptation
778,drugs
778,violence
778,imdb top 250
778,dark comedy
778,soccer
778,great soundtrack
778,violent
778,owned
778,dvd
778,classic
778,addiction
778,black comedy
778,based on a book
778,cant remember
778,ewan mcgregor
778,sex
778,bfi modern classic
778,drug abuse
778,real estate
778,own
778,wired 50 greatest soundtracks
778,notable soundtrack
778,child abuse
778,library
778,seen at the cinema
778,literature
778,need to buy
778,oscar nominee: adapted screenplay
778,heroin
778,tumeys dvds
778,united kingdom
778,tumeys to see again
778,vomit
778,channel 4
778,jo list
780,action
780,aliens
780,stupid
780,war
780,scifi
780,adventure
780,ensemble cast
780,dvd
780,end of the world
780,seen more than once
780,tense
780,70mm
780,will smith
780,disaster
780,afternoon section
780,invasion
780,futuristmoviescom
780,cheesy
780,bad movie
780,oscar winner
780,cheese
780,seen at the cinema
780,watchfully
780,alien invasion
780,want
780,saturn award (best director)
780,roland emmerich
780,ominous
780,patriotic
780,frantic
780,pretty sucky
780,us president
780,et
780,70mm blowup
780,rousing
780,flashy
780,sf
780,america porn
780,explodeytime
781,bernardo bertolucci
781,library vhs
782,bibliothek
783,awful
783,disney animated feature
783,70mm
783,disney
783,adapted from:book
783,based on book
783,author:victor hugo
783,avi
783,bearable disney
784,stupid
784,jim carrey
784,boring
784,black comedy
784,goofy
784,watch
784,cathartic
784,stalker
785,witty
785,cant remember
785,silly
785,raunchy
785,goofy
785,jonathan richman
785,bowling
785,madcap
785,deadpan
785,sport:10 pin bowling
785,curious
785,friday night fare
786,action
786,arnold schwarzenegger
786,james caan
786,watch
786,oscar nominee
786,divx1
786,clv
787,less than 300 ratings
788,remake
788,eddie murphy
788,john ales
788,larry miller
788,james coburn
788,jada pinkett smith
788,crappy remake
788,tom shadyac
789,lesbian
789,17th century
789,biopics
789,writers at work
798,sylvester stallone
798,ok
798,cant remember
799,serial killer
799,ghosts
799,peter jackson
799,cult
799,michael j fox
799,cliche
800,mystery
800,on dvr
800,in netflix queue
800,erlends dvds
800,great direction
800,delights
800,rent
800,impressive
801,directorial debut
802,genius
802,interesting concept
802,robert duvall
802,own
802,forest whitaker
802,clarivoyance
803,friendship
803,marriage
803,dating
804,jennifer aniston
804,irish americans
805,racism
805,samuel l jackson
805,courtroom
805,murder
805,based on a book
805,adapted from:book
805,rape
805,courtroom drama
805,john grisham
805,southern theme
805,poignant
805,author:john grisham
805,bmf
808,alaska
810,no rec
810,imdb bottom 100
818,sequel
818,cant remember
823,sexy
823,light
823,talky
823,literate
823,summery
827,john malkovich
830,cant remember
830,women
830,adultery
831,gay
832,action
832,kidnapping
832,ron howard
832,mel gibson
832,shit on a stick
832,clearplay
832,gary sinise
832,rene russo
832,lili taylor
832,acting
832,great
832,mediocre
833,zaz
836,thriller
836,keanu reeves
836,morgan freeman
836,andrew davis
836,seen at the cinema
836,go
837,funny
837,great movie
837,comedy
837,school
837,dark comedy
837,children
837,fable
837,drama
837,supernatural
837,clever
837,adaptation
837,family
837,girl
837,crap
837,based on a book
837,fairy tale
837,elementary school
837,book
837,good message
837,danny devito
837,adoption
837,nice movie
837,childrens comedy
837,author:roald dahl
837,teacher
838,funny
838,comedy
838,book was better
838,gwyneth paltrow
838,based on a book
838,chick flick
838,adapted from:book
838,jane austen
838,period drama
838,18th century
838,austen
838,literature
838,author:jane austen
838,1800s
839,gothic
839,sequel
839,adapted from:comic
841,gothic
841,disturbing
841,goth
841,erlends dvds
841,atmospheric
841,claustrophobic
841,somber
841,ominous
841,moody
841,face
841,gruesome
842,nudity (topless)
849,bruce campbell
849,dystopia
849,thriller
849,kurt russell
849,john carpenter
849,futuristmoviescom
849,weird
852,golf
852,didnt see
852,chick flick
852,texas
852,golfing
853,music
853,paris
853,jazz
853,obsession
853,australia
853,outback
858,overrated
858,nudity (topless)
858,mafia
858,oscar (best actor)
858,oscar (best picture)
858,marlon brando
858,francis ford copolla
858,imdb top 250
858,immigrants
858,boring
858,drama
858,katso sanna
858,exceptional acting
858,owned
858,dvd
858,classic
858,organized crime
858,hollywood
858,new york city
858,family
858,visual
858,based on a book
858,fathers and sons
858,classical
858,great cast excellent
858,cant remember
858,coppola
858,stylized
858,sweeping
858,book
858,erlends dvds
858,guns
858,movie to see
858,breakthroughs
858,robert duvall
858,al pacino
858,francis ford coppola
858,usa
858,atmospheric
858,memorable characters
858,father son relationship
858,own
858,sequel better than original
858,james caan
858,diane keaton
858,afi 100
858,melancholy
858,lavish
858,best movies ever
858,top 10 ever
858,watchagain
858,i dont get it
858,goldie hawn
858,need to buy
858,divx1
858,afi 100 (movie quotes)
858,afi 100 (thrills)
858,national film registry
858,tumeys dvds
858,somber
858,long
858,strong director
858,mafia life
858,best picture
858,visceral
858,menacing
858,afi100
858,tumeys to see again
858,fall from power
858,my movies
858,cinematographer:gordon willis
860,library vhs
861,cant remember
861,jackie chan
864,nudity (topless)
866,sexy
866,heist
866,mafia
866,on dvr
866,on disc
866,lesbian
866,dramatic
866,drama
866,gay
866,dvd
866,organized crime
866,queer
866,tense
866,bdsm
866,murder
866,hot girls
866,didnt see
866,stylized
866,money
866,well acted
866,slash
866,atmospheric
866,lesbian sex scene
866,lesbian character
866,lgbt
866,no
866,to see
866,ominous
866,downbeat
867,cary grant
867,golden raspberry (worst actor)
869,robert altman
880,marlon brando
880,based on a book
880,adapted from:book
880,pointless
880,futuristmoviescom
880,hg wells
882,boring
885,haley joel osment
885,whoopi goldberg
885,gerard depardieu
888,franchise
891,nudity (topless)
891,franchise
891,slasher
892,shakespeare
892,based on a play
892,crossdressing women
892,playwright:shakespeare
892,adapted from:play
893,adapted from:book
893,lies
893,vonnegut
897,oscar (best supporting actress)
897,based on a book
897,ingrid bergman
897,netwatch
897,ernest hemingway
898,divorce
898,oscar (best actor)
898,imdb top 250
898,bibliothek
898,classic
898,screwball
898,remade
898,cary grant
898,james stewart
898,afi 100 (laughs)
898,afi 100
898,strong women
898,need to own
898,quite romantic
898,katherine hepburn
898,national film registry
898,tumeys dvds
898,adapted from bway
899,comedy
899,imdb top 250
899,romance
899,usa film registry
899,musical
899,classical
899,black and white
899,enjoyable
899,silly
899,erlends dvds
899,movie to see
899,gene kelly
899,usa
899,afi 100 (laughs)
899,afi 100
899,delights
899,light
899,library
899,national film registry
899,slashy
899,bfi classic
899,afi100
899,movie business
899,tumeys vhs
899,desert island flicks
900,oscar (best picture)
900,on computer
900,oscar (best cinematography)
900,france
900,afi 100
900,national film registry
900,best picture
900,film theory & criticism
901,audrey hepburn
901,fred astaire
901,astaire/kelly musical
902,satirical
902,stereotypes
902,romance
902,classic
902,truman capote
902,chick flick
902,adapted from:book
902,retro
902,new york
902,erlends dvds
902,urbane
902,bittersweet
902,sentimental
902,didnt finish
902,wistful
902,lyrical
902,author:truman capote
902,writers life
902,tumeys dvds
902,haunted by the past
902,clv
902,books
902,5 stars
902,apartment
902,1960s
902,cat
902,librarians
902,capote
902,good score
902,neighbors
902,beautiful woman
902,elegant
902,social climbing
902,facades
903,alfred hitchcock
903,imdb top 250
903,dvd
903,classic
903,seen more than once
903,usa film registry
903,70mm
903,disturbing
903,hitchcock
903,paranoid
903,cant remember
903,switching places
903,erlends dvds
903,movie to see
903,atmospheric
903,james stewart
903,afi 100
903,need to own
903,dated
903,melancholy
903,eerie
903,almost favorite
903,afi 100 (thrills)
903,national film registry
903,tumeys dvds
903,haunted by the past
903,ratedpg
903,hitchcock at his best
903,bfi classic
903,deliberate
903,falling
903,vista vision
903,selfdestructive romance
903,rewatch for rating
903,private eyes
904,mystery
904,alfred hitchcock
904,imdb top 250
904,thriller
904,classic
904,tense
904,hollywood
904,murder
904,hitchcock
904,voyeurism
904,erlends dvds
904,obsession
904,urbane
904,movie to see
904,thelma ritter
904,james stewart
904,grace kelly
904,afi 100
904,alone
904,noir thriller
904,top 10 ever
904,emerson must see
904,claustrophobic
904,afi 100 (thrills)
904,national film registry
904,tumeys dvds
904,frightening
904,photography
904,apartment
904,photographer
904,menacing
904,wry
904,remadeas:disturbia (2007)
904,remakeof:rear window (1954)
904,amateur detective
904,phobias
904,handicapped
904,witnessing a crime
904,voyeurs
904,amateur sleuths
905,oscar (best directing)
905,oscar (best actress)
905,oscar (best actor)
905,oscar (best picture)
905,frank capra
905,imdb top 250
905,romantic comedy
905,afi 100 (laughs)
905,afi 100
905,need to own
905,clark gable
905,national film registry
905,best picture
906,oscar (best actress)
906,memory
906,tense
906,murder
906,understated
906,paranoid
906,erlends dvds
906,painting
906,atmospheric
906,ingrid bergman
906,angela lansbury
906,gloomy
906,eerie
906,library
906,manipulation
906,afi 100 (thrills)
906,frightening
906,friends should see
906,maid
906,trapped or confined
906,letters
906,dangerous attraction
906,lhomme fatal
906,acting debut
906,servants and employers
906,singer
906,house
907,divorce
907,clv
908,mystery
908,alfred hitchcock
908,imdb top 250
908,thriller
908,adventure
908,witty
908,bibliothek
908,classic
908,tense
908,hitchcock
908,paranoid
908,erlends dvds
908,urbane
908,usa
908,on the run
908,cary grant
908,james mason
908,afi 100
908,kate
908,need to own
908,mistaken identity
908,afi 100 (thrills)
908,national film registry
908,tumeys dvds
908,trains
908,menacing
908,wry
908,desert island flicks
908,mistaken identities
908,rousing
908,classic chase scenes
908,pua
908,flight of the innocent
908,veja
909,comedy
909,oscar (best directing)
909,oscar (best picture)
909,billy wilder
909,imdb top 250
909,on dvr
909,classic
909,black comedy
909,black and white
909,gay cowboy
909,jack lemmon
909,afi 100 (laughs)
909,afi 100
909,adultery
909,national film registry
909,tumeys dvds
909,dvd collection
909,best picture
910,farce
910,gangster
910,imdb top 250
910,want to see again
910,funny as hell
910,classic
910,organized crime
910,romantic comedy
910,usa film registry
910,black and white
910,prohibition
910,movie to see
910,on the run
910,afi 100 (laughs)
910,afi 100
910,marilyn monroe
910,afi 100 (movie quotes)
910,oscar (best costume design)
910,national film registry
910,fish out of water
910,slashy
910,men disguised as women
910,gender disguise
910,men in drag
910,tumeys vhs
910,friends should see
910,veja
910,crossdressing men
911,heist
911,vhs
911,bibliothek
911,paris
911,criterion
911,urbane
911,light
911,homage to hitchcock
911,seen 2008
911,elegant
912,espionage
912,oscar (best directing)
912,world war ii
912,war
912,oscar (best picture)
912,nazis
912,imdb top 250
912,on computer
912,romance
912,vhs
912,drama
912,classic
912,seen more than once
912,hollywood
912,usa film registry
912,noir
912,bogart
912,wwii
912,murder
912,classical
912,black and white
912,erlends dvds
912,dialogue
912,michael curtiz
912,play
912,usa
912,bittersweet
912,atmospheric
912,humphrey bogart
912,ingrid bergman
912,film noir
912,claude rains
912,afi 100
912,adultery
912,quotable
912,sentimental
912,delights
912,watchagain
912,earnest
912,overly sentimental
912,sidney greenstreet
912,afi 100 (cheers)
912,afi 100 (movie quotes)
912,afi 100 (thrills)
912,national film registry
912,great screenplays
912,tumeys dvds
912,clv
912,cav
912,best picture
912,slow starter
912,nazi
912,bechdel test:fail
912,afi100
912,stage
912,elegant
912,my movies
912,(s)vcd
913,mystery
913,imdb top 250
913,classic
913,peter lorre
913,remake
913,usa film registry
913,noir
913,adapted from:book
913,stylized
913,book
913,erlends dvds
913,filmnoir
913,usa
913,atmospheric
913,humphrey bogart
913,mary astor
913,afi 100
913,kate
913,cynical
913,emerson must see
913,sidney greenstreet
913,afi 100 (movie quotes)
913,afi 100 (thrills)
913,national film registry
913,tumeys dvds
913,author:dashiell hammett
913,gritty
913,film theory & criticism
913,literate
913,private detective
913,statue
914,oscar (best directing)
914,oscar (best actor)
914,oscar (best picture)
914,children
914,romance
914,classic
914,family
914,oscar (best cinematography)
914,musical
914,70mm
914,audrey hepburn
914,memorable characters
914,rex harrison
914,afi 100
914,good musicals
914,k movie
914,oscar (best director)
914,delights
914,best picture
914,adapted from bway
914,george bernard shaw
914,old classic
915,romance
915,classic
915,black and white
915,chick flick
915,audrey hepburn
915,remade
915,humphrey bogart
915,classic romantic comedy
915,based on a play
915,william holden
915,national film registry
915,library vhs
915,high society
915,remakeof:sabrina(1954)
915,remadeas:sabrina(1995)
915,upstairsdownstairs
915,nostalgia
916,rome
916,italy
916,oscar (best actress)
916,imdb top 250
916,romance
916,netflixq
916,classic
916,romantic comedy
916,seen more than once
916,love story
916,black and white
916,enjoyable
916,audrey hepburn
916,princess
916,k movie
916,need to own
916,gregory peck
916,national film registry
916,royalty
917,based on a book
917,shirley temple
918,classic
918,movie to see
918,margaret o brian
918,mary astor
918,1900s
918,judy garland
918,national film registry
918,corvallis library
919,fantasy
919,war
919,imdb top 250
919,classic
919,queer
919,heartwarming
919,dreamlike
919,usa film registry
919,musical
919,courage
919,based on a book
919,black and white
919,sweet
919,witch
919,lion
919,dream
919,erlends dvds
919,yellow
919,brain
919,memorable characters
919,get
919,own
919,afi 100
919,wistful
919,lavish
919,witches
919,original
919,delights
919,victor fleming
919,almost favorite
919,earnest
919,emerson must see
919,judy garland
919,divx1
919,afi 100 (cheers)
919,afi 100 (movie quotes)
919,afi 100 (thrills)
919,national film registry
919,tumeys dvds
919,highly quotable
919,animal:dog
919,bfi classic
919,wizardofoz
919,afi100
919,midgets
919,bright
920,masterpiece
920,oscar (best directing)
920,oscar (best actress)
920,war
920,oscar (best supporting actress)
920,oscar (best picture)
920,imdb top 250
920,want to see again
920,classic
920,love
920,oscar (best cinematography)
920,usa film registry
920,i love this movie
920,70mm
920,epic
920,based on a book
920,civil war
920,black and white
920,racist rubbish
920,cant remember
920,erlends dvds
920,social commentary
920,historical
920,own
920,southern theme
920,afi 100
920,clark gable
920,victor fleming
920,american civil war
920,literature
920,emerson must see
920,vivian leigh
920,afi 100 (cheers)
920,afi 100 (movie quotes)
920,national film registry
920,tumeys dvds
920,vday
920,to see
920,best picture
920,afi100
920,from kata
920,own it
920,strong woman
921,television
921,peter otoole
921,tumeys dvds
922,satire
922,billy wilder
922,imdb top 250
922,satirical
922,dark
922,interesting
922,classic
922,hollywood
922,black comedy
922,usa film registry
922,los angeles
922,erlends dvds
922,atmospheric
922,afi 100
922,irreverent
922,eerie
922,noir thriller
922,emerson must see
922,william holden
922,oscar nominee: lead actress
922,oscar (best art direction)
922,oscar (best screenplay)
922,afi 100 (movie quotes)
922,national film registry
922,tumeys dvds
922,highly quotable
922,biting
922,svens to see list
922,movies
922,age disparity romance
922,swimming pool
922,elegiac
922,friends should see
922,stardom
923,overrated
923,mystery
923,biopic
923,orson welles
923,imdb top 250
923,drama
923,owned
923,dvd
923,classic
923,seen more than once
923,usa film registry
923,black and white
923,amazing cinematography
923,jonossa
923,sweeping
923,ironic
923,erlends dvds
923,movie to see
923,breakthroughs
923,usa
923,atmospheric
923,own
923,afi 100
923,ari
923,abe
923,knoll
923,sucks
923,melancholy
923,poignant
923,newspaper theme
923,library
923,watch
923,enigmatic
923,beautifully done
923,afi 100 (movie quotes)
923,national film registry
923,tumeys dvds
923,dvdvideo
923,clv
923,highly quotable
923,film theory & criticism
923,bfi classic
923,literate
923,biographical view
923,afi100
923,welles
924,surreal
924,slow
924,space
924,aliens
924,stanley kubrick
924,imdb top 250
924,scifi
924,boring
924,space travel
924,adventure
924,classic
924,genius
924,cult film
924,future
924,70mm
924,based on a book
924,amazing cinematography
924,adapted from:book
924,kubrick
924,stoner movie
924,meditative
924,cerebral
924,erlends dvds
924,breakthroughs
924,uk
924,usa
924,atmospheric
924,futuristmoviescom
924,breathtaking
924,evolution
924,cool but freaky
924,afi 100
924,hard to rate
924,enigmatic
924,human versus computer
924,baffling
924,arthur c clarke
924,afi 100 (cheers)
924,afi 100 (movie quotes)
924,afi 100 (thrills)
924,national film registry
924,ohsoso
924,tumeys dvds
924,betamax
924,clv
924,somber
924,future art deco
924,dvd collection
924,spaceships
924,future dystopias
924,avantegarde
924,5 stars
924,ai
924,artificial intelligence
924,head movie
924,deliberate
924,video surveillance
924,author:arthur c clarke
924,visionary
924,sf
924,chilly
924,benign aliens
924,cinematographer:geoffrey unsworth
924,veja
926,oscar (best directing)
926,oscar (best picture)
926,imdb top 250
926,bibliothek
926,classic
926,hollywood
926,dvdr
926,oscar (best supporting actor)
926,afi 100
926,emerson must see
926,afi 100 (movie quotes)
926,national film registry
926,fabulous
926,great screenplays
926,tumeys dvds
926,dvdram
926,ummarti2006
926,best picture
926,wikilens top pick
926,backstage
926,friends should see
926,veja
927,divorce
927,classic
927,chick flick
927,national film registry
927,adapted from bway
928,oscar (best picture)
928,alfred hitchcock
928,imdb top 250
928,classic
928,oscar (best cinematography)
928,hitchcock
928,amazing cinematography
928,criterion
928,erlends dvds
928,atmospheric
928,laurence olivier
928,lavish
928,gloomy
928,enigmatic
928,great adaptations
928,afi 100 (thrills)
928,ominous
928,mrs dewinter
928,filmaffinity top pick
928,moody
929,war
929,journalism
929,erlends dvds
930,assassination
930,alfred hitchcock
930,imdb top 250
930,hitchcock
930,criterion
930,ingrid bergman
930,claude rains
930,k movie
930,need to own
930,oscar nominee: supporting actor
930,afi 100 (thrills)
930,national film registry
930,tumeys dvds
930,put me to sleep
931,hitchcock
931,criterion
931,ingrid bergman
931,mental hospital
931,library
931,amnesia
931,gregory peck
932,didnt finish
932,classic love story
933,alfred hitchcock
933,classic
933,oscar (best cinematography)
933,murder
933,hitchcock
933,adapted from:book
933,not corv lib
933,hw classics
934,bibliothek
934,classic
934,wedding
934,remade
934,afi 100 (laughs)
935,satire
935,new york city
935,broadway
935,erlends dvds
935,national film registry
935,clv
935,cav
935,astaire/kelly musical
936,satire
936,cold war
936,bibliothek
936,communism
936,afi 100 (laughs)
936,russia
936,national film registry
936,blindfold
937,audrey hepburn
937,almost favorite
937,classic love story
937,not corv lib
937,hw classics
938,oscar (best directing)
938,oscar (best picture)
938,oscar (best cinematography)
938,musical
938,prostitution
938,good musicals
938,national film registry
938,tumeys dvds
938,adapted from:play
938,courtesan
940,medieval
940,imdb top 250
940,castle
940,movie to see
940,dvdr
940,errol flynn
940,afi 100 (thrills)
940,national film registry
940,clv
940,cav
940,swashbuckler
940,myth
940,forest
940,outlaw
940,archery
941,swashbuckler
942,oscar (best cinematography)
942,noir
942,black and white
942,famous theme song
942,erlends dvds
942,afi 100 (thrills)
942,national film registry
942,fox film noir series
943,ghosts/afterlife
943,ghosts
943,almost favorite
943,single woman
944,adapted from:book
944,based on book
944,not corv lib
944,hw classics
945,national film registry
945,clv
945,astaire and rogers
946,world war ii
946,dark comedy
946,classic
946,remade
946,afi 100 (laughs)
946,national film registry
946,bfi classic
946,the shoah
947,comedy
947,classic
947,screwball
947,criterion
947,homeless
947,great depression
947,william powell
947,afi 100 (laughs)
947,national film registry
947,j netflix
947,wealth
947,friends should see
948,oscar (best directing)
948,oil
948,epic
948,realistic
948,sweeping
948,rock hudson
948,elizabeth taylor
948,afi 100
948,melancholy
948,lavish
948,poignant
948,james dean
948,national film registry
948,tumeys dvds
948,stirring
948,elegiac
948,earthy
949,oscar (best supporting actress)
949,elia kazan
949,exceptional acting
949,based on a book
949,adapted from:book
949,netwatch
949,author:john steinbeck
949,friends should see
949,john steinbeck
949,sure thing
950,comedy
950,quirky
950,classic
950,nick and nora charles
950,afi 100 (laughs)
950,national film registry
951,satirical
951,quirky
951,classic
951,screwball comedy
951,screwball
951,dialogue driven
951,cary grant
951,afi 100 (laughs)
951,madcap
951,newspaper theme
951,national film registry
951,talky
951,great screenplays
951,members of the press
951,biting
951,adapted from bway
951,playlist
951,work ethics
951,battle of the sexes
952,oscar (best picture)
952,oscar (best cinematography)
952,70mm
952,race
952,dvdvideo
952,clv
953,fantasy
953,corporations
953,world war ii
953,frank capra
953,imdb top 250
953,romance
953,drama
953,christmas
953,favourite
953,owned
953,inspirational
953,classic
953,seen more than once
953,heartwarming
953,alternate universe
953,family
953,brothers
953,hitchcock
953,erlends dvds
953,holiday
953,money
953,alternate reality
953,usa
953,jimmy stewart
953,james stewart
953,afi 100
953,library
953,emerson must see
953,small town
953,made me cry
953,want
953,afi 100 (cheers)
953,national film registry
953,library vhs
953,tumeys dvds
953,angel
953,xmas
953,google video
953,utopia
953,hearing impairment
953,xmas movie
954,great movie
954,frank capra
954,imdb top 250
954,satirical
954,drama
954,want to see again
954,classic
954,politics
954,usa film registry
954,disturbing
954,black and white
954,great cast excellent
954,wonderfully warm and amusing
954,erlends dvds
954,afi
954,jean arthur
954,james stewart
954,claude rains
954,afi 100
954,passionate
954,didnt finish
954,angry
954,afi 100 (cheers)
954,national film registry
954,tumeys dvds
954,fighting the system
954,social injustice
954,political corruption
955,comedy
955,easygoing
955,howard hawks
955,imdb top 250
955,quirky
955,romance
955,witty
955,funny as hell
955,bibliothek
955,classic
955,romantic comedy
955,baby
955,screwball comedy
955,wonderfully warm and amusing
955,cant remember
955,screwball
955,urbane
955,cary grant
955,dvdr
955,afi 100 (laughs)
955,afi 100
955,irreverent
955,emerson must see
955,katherine hepburn
955,national film registry
955,tumeys dvds
955,clv
955,animal:dog
955,psychiatrist as character
955,cary grant&katherine hepburn
955,related:bringing up baby (1938)
955,setting:golf course (scene)
955,opposites attract
955,howard hawkes
955,otherwise engaged
956,cary grant
956,adoption
959,subscription
963,danny kaye
964,tumeys dvds
965,alfred hitchcock
965,hitchcock
965,adapted from:book
965,criterion
965,train
965,erlends dvds
965,breakthroughs
965,wrongly accused
965,janus 50
965,literary adaptation
965,tumeys dvds
965,dvdvideo
965,clv
965,charming
965,fugitive
965,secrets
965,theatre
968,zombies
968,creepy
968,disturbing
968,black and white
968,paranoid
968,zombie
968,afi 100 (thrills)
968,national film registry
968,ominous
968,george a romero
968,visceral
968,menacing
968,man vs beast
968,svens to see list
968,my movies
968,gruesome
969,oscar (best actor)
969,imdb top 250
969,vhs
969,classic
969,tense
969,heartwarming
969,jungle
969,humphrey bogart
969,afi 100
969,affectionate
969,katherine hepburn
969,literary adaptation
969,afi 100 (cheers)
969,national film registry
969,talky
969,tumeys dvds
969,charming
969,river
969,missionary
969,rousing
970,taped
971,bibliothek
971,classic
971,based on a play
971,tennessee williams
973,journalism
973,afi 100 (cheers)
974,own
976,oscar (best cinematography)
976,based on a book
976,adapted from:book
976,literary adaptation
976,hemingway
976,ernest hemingway
982,melodrama
982,not corv lib
983,gay
983,uk
986,animal movie
986,flashy
990,cant remember
990,jeanclaude van damme
991,k movie
992,clive owen
993,true story
993,science
993,physics
994,immigrants
994,italian
994,brothers
994,stanley tucci
994,immigrant
994,food
994,1950s
994,kitchen
994,restaurant
994,isabella rossellini
994,new jersey
996,action
996,nudity (rear)
996,bruce willis
996,christopher walken
996,cant remember
999,james spader
999,ub recommended
1003,gene hackman
1003,ethical
1005,sports
1005,heidi kling
1005,joshua jackson
1005,emilio estevez
1005,hockey
1005,sport:ice hockey
1006,racism
1006,murder
1006,adapted from:book
1006,cant remember
1006,courtroom drama
1006,death penalty
1006,john grisham
1006,gene hackman
1006,author:john grisham
1007,disney
1007,disney studios
1009,aliens
1009,betamax
1009,disney studios
1010,dvd
1010,disney
1010,cars
1010,volkswagen
1010,race
1010,buddy hackett
1010,joe flynn
1010,david tomlinson
1010,disney studios
1010,beetle
1012,classic
1012,sad
1012,dog
1012,animals die :(
1012,tear jerker
1012,animal:dog
1012,childrens drama
1013,cant remember
1013,movie to see
1013,okay
1013,hayley mills
1013,maureen ohara
1013,summer camp
1013,twins
1014,disney
1014,directorial debut
1014,hayley mills
1014,karl malden
1014,small town
1014,disney studios
1015,nostalgic
1016,animal:dog
1017,family
1017,disney
1017,based on a book
1017,switching places
1017,stranded
1017,childhood flashback
1017,shipwreck
1017,disney studios
1017,childhood memories
1018,disney
1019,vhs
1019,adapted from:book
1019,sea monster
1019,dvdr
1020,funny
1020,sports
1020,inspirational
1020,seen more than once
1020,olympics
1020,jamaica
1020,john candy
1020,family fun
1020,confrontational
1021,baseball
1021,christopher lloyd
1022,disney animated feature
1022,disney
1022,cant remember
1022,fairy tale
1022,own
1022,fairytale
1022,children cartoon
1022,library vhs
1022,clv
1022,subgenre:fairy tale
1022,tumeys vhs
1022,bearable disney
1023,disney animated feature
1023,disney
1023,adapted from:book
1023,pooh
1023,to see
1023,series:pooh
1024,disney animated feature
1024,disney
1024,blindfold
1024,(s)vcd
1025,fantasy
1025,disney animated feature
1025,animation
1025,classic
1025,musical
1025,animated
1025,disney
1025,cant remember
1025,swords
1025,historical
1025,library
1025,(s)vcd
1026,disney
1027,medieval
1027,funny
1027,crusades
1027,witch
1027,kevin costner
1027,morgan freeman
1027,atmospheric
1027,stuart wilson
1027,malcolm mcdowell
1027,passionate
1027,sword fight
1027,divx1
1027,sheriffs and outlaws
1027,freedom
1027,blind
1027,forest
1027,outlaw
1027,rousing
1027,upbeat
1027,forced marriage
1027,sheriff
1027,thieves
1027,fortunetelling
1027,golden raspberry (worst actor)
1028,childhood
1028,oscar (best actress)
1028,dvd
1028,classic
1028,martial arts
1028,musical
1028,disney
1028,adapted from:book
1028,cant remember
1028,well done
1028,dick van dyke
1028,david tomlinson
1028,julie andrews
1028,delights
1028,comedy of manners
1028,nanny
1028,multiple roles
1028,disney studios
1028,bearable disney
1029,animals
1029,disney animated feature
1029,animation
1029,musical
1029,disney
1029,cant remember
1029,dumb
1029,elephants
1029,circus
1029,talking animals
1029,motherson relationship
1029,children cartoon
1029,betamax
1029,clv
1029,subgenre:fable
1029,orphaned cartoon character
1030,disney animated feature
1030,classic
1030,dragon
1030,disney
1030,mickey rooney
1030,live action/animation
1030,buy
1031,seen more than once
1031,dvdr
1031,childhood flashback
1032,surreal
1032,surrealism
1032,disney animated feature
1032,animation
1032,classic
1032,dreamlike
1032,parallel universe
1032,disney
1032,girl
1032,based on a book
1032,adapted from:book
1032,stoner movie
1032,fairy tale
1032,miniaturization
1032,cats
1032,dream
1032,queen
1032,cards
1032,whimsical
1032,smoking
1032,madcap
1032,based on book
1032,rabbits
1032,betamax
1032,clv
1032,cat
1032,flowers
1032,rabbit
1032,cdon
1032,tea
1033,hunting
1033,disney animated feature
1033,friendship
1033,disney
1033,food
1034,camp
1034,neonoir
1035,oscar (best directing)
1035,world war ii
1035,oscar (best picture)
1035,nazis
1035,music
1035,owned
1035,dvd
1035,classic
1035,true story
1035,seen more than once
1035,family
1035,musical
1035,70mm
1035,good music
1035,erlends dvds
1035,movie to see
1035,scenic
1035,own
1035,christopher plummer
1035,julie andrews
1035,afi 100
1035,good musicals
1035,oscar (best editing)
1035,library
1035,based on book
1035,almost favorite
1035,afi 100 (cheers)
1035,oscar (best sound)
1035,national film registry
1035,best picture
1035,nazi
1035,austria
1035,rogers and hammerstein
1035,choir
1035,robert wise
1036,action
1036,imdb top 250
1036,thriller
1036,dvd
1036,alan rickman
1036,tense
1036,70mm
1036,bruce willis
1036,terrorism
1036,book
1036,explosions
1036,usa
1036,own
1036,gfei own it
1036,didnt finish
1036,top 10 ever
1036,claustrophobic
1036,afi 100 (thrills)
1036,erics dvds
1036,tumeys dvds
1036,clv
1036,visceral
1036,scope
1036,rousing
1036,in the nucleus
1036,al leong
1037,nudity (topless)
1037,animals
1037,god
1037,virtual reality
1037,game
1037,diary
1037,cant remember
1037,science
1037,sexuality
1037,transformation
1037,brain
1037,unintentionally funny
1037,technology
1037,games
1037,poor dialogue
1037,cyberpunk
1037,lawn mower
1037,character problems
1037,katsomattomat
1037,artificial intelligence
1037,priest
1037,2000s
1037,psychic abilities
1037,bald nemesis
1037,infernal machine
1037,ridiculous training sequence
1037,ethics of science
1037,animal research
1037,stereotyped roles
1037,mind control
1037,experiments gone awry
1037,technology run amok
1037,mentally impaired
1037,psychic
1038,bibliothek
1038,gerard depardieu
1038,hw drama
1040,gerard depardieu
1041,in netflix queue
1041,golden palm
1041,mike leigh
1042,music
1042,katso sanna
1042,seen more than once
1042,sweet
1042,afternoon section
1042,nostalgic
1042,light
1042,oscar nominee
1042,upbeat
1042,bright
1043,nudity (rear)
1046,gay
1046,london
1047,action
1047,samuel l jackson
1047,thriller
1047,drama
1047,assassin
1047,ironic
1047,assassins
1047,okay once
1047,seen at the cinema
1047,bmf
1049,adventure
1049,cant remember
1049,lions
1049,own
1049,chilling
1049,seen at the cinema
1050,shakespeare
1051,drugs
1051,intimate
1051,alcoholism
1051,funeral
1051,truck
1051,pregnancy
1051,teenagers
1051,lolitafetish
1051,not corv lib
1051,drinking
1051,cocaine
1051,video
1051,ice cream
1051,smalltown life
1051,unemployment
1051,video camera
1051,losers
1051,stealing
1051,gas station
1051,debut film
1051,boss
1051,tricycle
1051,bar
1051,buscemi
1054,racism
1054,ensemble cast
1054,16mm
1057,woody allen
1057,edward norton
1057,seen more than once
1057,singing
1057,erlends dvds
1057,didnt finish
1059,action
1059,boring
1059,romance
1059,great soundtrack
1059,clever
1059,baz luhrmann
1059,leonardo dicaprio
1059,amazing cinematography
1059,shakespeare
1059,romantic
1059,own
1059,claire danes
1059,updated classics
1059,quite romantic
1059,based on a play
1059,colourful
1059,tumeys dvds
1059,playwright:shakespeare
1059,red curtain trilogy
1059,adapted from:play
1060,vince vaughn
1060,heather graham
1060,vegas
1060,tumeys dvds
1060,jon favreau
1060,pua
1061,prison
1061,revenge
1061,bibliothek
1061,true story
1061,robert de niro
1061,vengeance
1061,brad pitt
1061,clearplay
1061,okay once
1061,emotional
1061,child abuse
1061,seen at the cinema
1061,tumeys dvds
1061,revenge as motive
1061,my movies
1064,comedy
1064,family
1066,clv
1066,film theory & criticism
1066,astaire and rogers
1068,tense
1068,bleak
1068,to see
1068,ominous
1068,visceral
1068,grim
1069,atmospheric
1069,cynical
1069,library
1069,not corv lib
1069,hw classics
1069,tumeys dvds
1069,ominous
1069,wry
1069,dangerous attraction
1069,femmes fatales
1069,blindfold
1069,private eyes
1071,russell crowe
1073,johnny depp
1073,surreal
1073,espionage
1073,boring
1073,dvd
1073,classic
1073,cult film
1073,seen more than once
1073,based on a book
1073,adapted from:book
1073,family bonds
1073,roald dahl
1073,chocolate
1073,remade
1073,whimsical
1073,brilliant
1073,memorable characters
1073,want to own
1073,gene wilder
1073,need to buy
1073,childrens story
1073,infantil
1073,better than the remake
1073,remadeas:charlie and the chocolate(2005)
1073,remakeof:willy wonka(1971)
1073,author:roald dahl
1073,screenwriter:roald dahl
1073,morals
1073,esoteric plotlines
1073,poetic justice
1076,gothic
1076,ghosts
1076,creepy
1076,understated
1076,erlends dvds
1076,atmospheric
1076,eerie
1076,not corv lib
1076,ominous
1076,deliberate
1076,austere
1076,ghost story
1077,woody allen
1077,futuristic
1077,erlends dvds
1077,futuristmoviescom
1077,technology
1077,afi 100 (laughs)
1077,delights
1077,cryogenics
1078,comedy
1078,woody allen
1078,afi 100 (laughs)
1078,dvdvideo
1078,betamax
1079,overrated
1079,dark comedy
1079,quirky
1079,vhs
1079,witty
1079,owned
1079,dvd
1079,seen more than once
1079,black comedy
1079,infidelity
1079,stuttering
1079,silly
1079,monty python alumni
1079,fish
1079,tobuy
1079,humorous
1079,oscar (best supporting actor)
1079,john cleese
1079,jamie lee curtis
1079,kevin kline
1079,afi 100 (laughs)
1079,adultery
1079,irreverent
1079,americans abroad
1079,light
1079,michael palin
1079,tumeys dvds
1079,cons and scams
1079,literate
1079,bechdel test:fail
1079,blindfold
1079,my movies
1079,bright
1079,nothing goes right
1079,assumed identities
1080,funny
1080,satire
1080,comedy
1080,terry gilliam
1080,imdb top 250
1080,satirical
1080,tv
1080,owned
1080,monty python
1080,religion
1080,humor
1080,gilliam
1080,parody
1080,silly
1080,criterion
1080,middle east
1080,mockumentary
1080,goofy
1080,very clever
1080,whimsical
1080,own
1080,biblical
1080,jesus
1080,john cleese
1080,terry jones
1080,madcap
1080,wornout
1080,graham chapman
1080,reluctant hero
1080,tumeys dvds
1080,katsomattomat
1080,based on a myth
1080,quoter
1080,religion:xian
1080,tumeys to see again
1080,rent
1080,do kupienia
1081,nudity (topless)
1081,mafia
1081,queer
1081,cross dressing
1081,julie andrews
1081,afi 100 (laughs)
1081,comedy musical
1081,alter ego
1081,transvestism
1081,to see
1081,gender disguise
1081,closeted homosexual
1082,politics
1082,betamax
1083,70mm
1083,jack lemmon
1084,biopic
1084,oscar (best supporting actress)
1084,imdb top 250
1084,on computer
1084,violent
1084,bibliothek
1084,classic
1084,gangsters
1084,oscar (best cinematography)
1084,gene hackman
1084,faye dunaway
1084,afi 100
1084,gene wilder
1084,1920s
1084,warren beatty
1084,afi 100 (movie quotes)
1084,afi 100 (thrills)
1084,national film registry
1084,dvdvideo
1084,viva violence
1084,veja
1085,based on a book
1085,ernest hemingway
1086,alfred hitchcock
1086,imdb top 250
1086,exceptional acting
1086,classic
1086,seen more than once
1086,tense
1086,murder
1086,hitchcock
1086,claustrophobic
1086,afi 100 (thrills)
1086,talky
1086,not corv lib
1086,hw classics
1086,tumeys dvds
1086,clv
1086,hitchcock at his best
1086,mind games
1086,deliberate
1086,bechdel test:fail
1086,friends should see
1086,well plotted
1086,women in jeopardy
1086,perfect crime
1086,treacherous spouses
1086,logic complexity
1086,veja
1088,music
1088,romance
1088,gay
1088,girlie movie
1088,cute
1088,not very good
1088,chick flick
1088,dance
1088,guilty pleasure
1088,cheesy
1088,coming of age
1088,musical parodies
1088,patrick swayze
1088,afi 100 (movie quotes)
1088,80s classic
1088,1960s
1089,heist
1089,violence
1089,nonlinear
1089,quentin tarantino
1089,imdb top 250
1089,quirky
1089,thriller
1089,vhs
1089,low budget
1089,drama
1089,ensemble cast
1089,ultraviolence
1089,organized crime
1089,cult film
1089,tense
1089,brutal
1089,religion
1089,stylized
1089,guns
1089,tarantino
1089,usa
1089,robbery
1089,cult
1089,own
1089,neonoir
1089,directorial debut
1089,wired 50 greatest soundtracks
1089,notable soundtrack
1089,forceful
1089,honest
1089,watch
1089,tarantino is god
1089,straight razor
1089,claustrophobic
1089,diamonds
1089,talky
1089,erics dvds
1089,tumeys dvds
1089,my dvds
1089,highly quotable
1089,katsomattomat
1089,visceral
1089,literate
1089,sadism
1089,my movies
1089,viva violence
1089,deception
1089,graphic violence
1089,crude
1089,tim roth
1090,action
1090,oscar (best directing)
1090,vietnam war
1090,war
1090,vietnam
1090,oscar (best picture)
1090,imdb top 250
1090,drama
1090,seen more than once
1090,70mm
1090,oliver stone
1090,usa
1090,own
1090,afi 100
1090,best war films
1090,oscar (best editing)
1090,planes
1090,forest whitaker
1090,willem dafoe
1090,horrors of war
1090,want
1090,oscar (best sound)
1090,afi 100 (thrills)
1090,us history
1090,tumeys dvds
1090,best picture
1090,1960s
1090,my movies
1090,cinematographer:robert richardson
1090,cameo:oliver stone
1090,veja
1091,funny
1091,comedy
1091,stupid
1091,classic
1091,cant remember
1091,90s
1091,goofy
1091,gfei own it
1091,catastrophe
1091,erics dvds
1092,erotic
1092,san francisco
1092,cant remember
1092,notable nudity
1092,sharon stone
1092,library
1092,dvdvideo
1092,paul verhoeven
1092,debased
1092,erotic thriller
1092,veja
1093,drugs
1093,nudity (topless)
1093,music
1093,70mm
1093,rock and roll
1093,oliver stone
1093,1960s
1093,my movies
1094,england
1094,on dvr
1094,twist ending
1094,violent
1094,library
1094,ira
1094,emerson must see
1094,transgender
1094,puzzling
1095,al pacino
1095,jack lemmon
1095,ari
1095,tumeys dvds
1095,stage
1096,holocaust
1096,guilt
1096,oscar (best actress)
1096,based on a book
1096,adapted from:book
1096,jewish
1096,sad
1096,meryl streep
1096,very sad
1096,kevin kline
1096,meaning of life
1096,tumeys dvds
1096,nazi
1096,the shoah
1096,ethics
1097,space
1097,fantasy
1097,aliens
1097,alien
1097,scifi
1097,vhs
1097,drama
1097,drew barrymore
1097,dvd
1097,classic
1097,family
1097,70mm
1097,steven spielberg
1097,erlends dvds
1097,good movie
1097,usa
1097,emotional
1097,futuristmoviescom
1097,spielberg
1097,afi 100
1097,sweet bikes
1097,dated
1097,speilberg
1097,sad but good
1097,divx1
1097,afi 100 (cheers)
1097,afi 100 (movie quotes)
1097,saturn award (best music)
1097,oscar (best sound)
1097,saturn award (best writing)
1097,afi 100 (thrills)
1097,national film registry
1097,fish out of water
1097,infantil
1097,strong director
1097,family relationships
1097,et
1097,antigovernment paranoia
1097,jbs dvds
1097,alien contact
1097,cute alien
1097,evil government
1097,spielberg/lucas
1099,christmas
1099,author:charles dickens
1099,adapted from:play
1099,charles dickens
1100,action
1100,car
1100,tom cruise
1100,car chase
1100,70mm
1100,cars
1100,not seen
1100,cant remember
1100,race
1100,torent
1100,nascar
1100,clv
1100,sport:car racing (nascar)
1101,action
1101,fantasy
1101,aviation
1101,military
1101,aircraft
1101,romance
1101,tom cruise
1101,gay
1101,seen more than once
1101,love
1101,70mm
1101,girlie movie
1101,chick flick
1101,cant remember
1101,predictable
1101,jets
1101,sky
1101,a classic
1101,foqam
1101,wired 50 greatest soundtracks
1101,oscar winner
1101,flight
1101,want
1101,afi 100 (movie quotes)
1101,tumeys dvds
1101,military recruits/training
1101,fighter jet planes
1101,aerial dogfights
1101,friday night fare
1101,uss enterprise (cvn65)
1103,movie to see
1103,afi 100
1103,youth
1103,emerson must see
1103,1950s
1103,james dean
1103,national film registry
1103,tumeys dvds
1103,5 stars
1103,adolescence
1103,playlist
1104,oscar (best actress)
1104,oscar (best supporting actress)
1104,elia kazan
1104,marlon brando
1104,imdb top 250
1104,atmospheric
1104,oscar (best supporting actor)
1104,karl malden
1104,afi 100
1104,sexual
1104,forceful
1104,poignant
1104,new orleans
1104,based on a play
1104,emerson must see
1104,tennessee williams
1104,vivian leigh
1104,afi 100 (movie quotes)
1104,national film registry
1104,setting:new orleans
1104,adapted from:play
1104,stage
1104,downbeat
1104,moody
1111,animals
1111,france
1111,good documentary
1111,nature
1111,insects
1111,beautifully filmed
1111,great score
1111,cdon
1114,christopher walken
1116,realtime
1119,addiction
1119,alcoholism
1119,recovery
1119,chemical dependency
1120,comedy
1120,edward norton
1120,factual
1120,drama
1120,katso sanna
1120,okay once
1120,very interesting
1120,woody harrelson
1120,biographical
1120,wheelchair
1120,biographical view
1120,pornography
1120,how world works
1123,politics
1123,independent film
1123,senators
1124,oscar (best actress)
1124,oscar (best actor)
1124,parenthood
1124,jane fonda
1124,katherine hepburn
1124,afi 100 (cheers)
1124,afi 100 (movie quotes)
1124,aging
1125,seen more than once
1125,peter sellers
1125,retarded
1125,inspector clouseau (series)
1125,clousseau
1126,minnesota
1126,imaginary friend
1127,aliens
1127,scifi
1127,seen more than once
1127,70mm
1127,submarine
1127,underwater
1127,futuristmoviescom
1127,ocean
1127,paranoia
1127,saturn award (best director)
1127,dvdvideo
1127,clv
1127,to see
1127,dvd collection
1127,dont remember
1128,no kids
1128,so bad its funny
1129,dystopia
1129,action
1129,prison
1129,dark
1129,bibliothek
1129,future
1129,john carpenter
1129,snake
1129,futuristmoviescom
1129,betamax
1129,evil government
1129,chaos
1130,nudity (full frontal)
1130,werewolf
1130,werewolves
1131,french
1131,emotional
1131,gerard depardieu
1131,tumeys dvds
1132,dramatic
1132,nudity (full frontal)
1132,french
1132,book
1132,tumeys dvds
1132,actress from nathalie
1135,military
1135,cant remember
1135,afi 100 (laughs)
1135,ellen burstyn
1135,goldie hawn
1135,military recruits/training
1136,medieval
1136,funny
1136,comedy
1136,england
1136,terry gilliam
1136,imdb top 250
1136,on disc
1136,satirical
1136,british comedy
1136,hilarious
1136,vhs
1136,tv
1136,witty
1136,owned
1136,seen more than once
1136,monty python
1136,religion
1136,humor
1136,high school
1136,spoof
1136,montypython
1136,good dialogues
1136,classic comedy
1136,gilliam
1136,english
1136,parody
1136,silly
1136,monty python alumni
1136,goofy
1136,king arthur
1136,own
1136,directorial debut
1136,biblical
1136,john cleese
1136,terry jones
1136,gfei own it
1136,quotable
1136,irreverent
1136,graham chapman
1136,michael palin
1136,divx
1136,j netflix
1136,tumeys dvds
1136,highly quotable
1136,frantic
1136,myth
1136,dont remember
1136,breaking the fourth wall
1136,absurd
1136,british humour
1136,do kupienia
1140,biographical
1140,netwatch
1147,boxing
1147,in netflix queue
1147,sport:boxing
1147,own
1147,darrin
1147,library
1147,spike lee
1147,tumeys dvds
1147,oscar (best documentary feature)
1148,funny
1148,robots
1148,comedy
1148,fun
1148,claymation
1148,aardman
1148,animation
1148,want to see again
1148,classic
1148,short
1148,animated
1148,cute
1148,dogs
1148,penguins
1148,stop motion
1148,penguin
1148,clay
1148,brilliant
1148,torent
1148,aardman studios
1148,wallace & gromit
1148,nick park
1148,bechdel test:fail
1148,seen
1148,invention
1148,animals as companions
1148,wallace and gromit
1148,sf
1148,bob baker
1150,cant remember
1153,tcm
1156,bleak
1156,grim
1156,downbeat
1156,matteroffact
1157,golden palm
1161,satirical
1161,quirky
1161,owned
1161,dvd
1161,70mm
1161,disturbing
1161,nudity (full frontal)
1161,golden palm
1161,literary adaptation
1161,fanciful
1161,vertically challenged people
1161,otherness
1162,satirical
1162,quirky
1162,witty
1162,black comedy
1162,stylized
1162,criterion
1162,netflix
1162,favorites
1162,irreverent
1162,biting
1162,svens to see list
1162,confrontational
1162,aristocracy
1162,mental imbalance
1167,greg kinnear
1168,werewolf
1169,sundance award winner
1169,sundance grand jury prize
1169,oscar (best documentary feature)
1171,want to see again
1171,politics
1171,politicians
1171,dvdvideo
1172,italy
1172,childhood
1172,imdb top 250
1172,italian
1172,netflixq
1172,dvd
1172,heartwarming
1172,classical
1172,reflective
1172,erlends dvds
1172,bittersweet
1172,nostalgic
1172,warm
1172,sentimental
1172,censorship
1172,small town
1172,tumeys dvds
1172,centred on movie theatre
1172,nostalgia
1172,sicily
1172,metamovies
1173,satirical
1173,cannibalism
1173,stylized
1173,erlends dvds
1173,sexual
1173,irreverent
1173,peter greenaway
1173,lavish
1173,nc17
1173,talky
1173,tumeys dvds
1173,dvdvideo
1173,to see
1173,decadent
1175,dystopia
1175,comedy
1175,fun
1175,postapocalyptic
1175,dark comedy
1175,post apocalyptic
1175,quirky
1175,witty
1175,bibliothek
1175,cannibalism
1175,french
1175,stylized
1175,campy
1175,erlends dvds
1175,alternate reality
1175,atmospheric
1175,unusual
1175,favorites
1175,directorial debut
1175,hallucinatory
1175,jeunet
1175,claustrophobic
1175,tumeys dvds
1175,future dystopias
1175,apartment
1175,wry
1175,seen
1175,sewer
1175,dangerous attraction
1175,postwar
1176,quirky
1176,meditative
1176,erlends dvds
1176,wistful
1176,melancholy
1176,quite romantic
1176,library
1176,enigmatic
1176,lyrical
1176,library vhs
1176,fanciful
1176,twins and lookalikes
1177,italy
1177,reflective
1177,gentle
1177,lyrical
1177,talky
1177,springlike
1178,military
1178,war
1178,stanley kubrick
1178,imdb top 250
1178,on dvr
1178,based on a book
1178,disturbing
1178,black and white
1178,bleak
1178,court
1178,erlends dvds
1178,best war films
1178,cynical
1178,angry
1178,national film registry
1178,library vhs
1178,hw classics
1178,tumeys dvds
1178,ominous
1178,biting
1178,filmaffinity top pick
1178,grim
1179,crime
1179,dramatic
1179,dark
1179,nudity (full frontal)
1179,adapted from:book
1179,john cusack
1179,caper
1179,annette bening
1179,mobster
1183,oscar (best directing)
1183,war
1183,oscar (best supporting actress)
1183,oscar (best picture)
1183,on dvr
1183,british
1183,owned
1183,oscar (best cinematography)
1183,anthony minghella
1183,wwii
1183,love story
1183,based on a book
1183,chick flick
1183,adapted from:book
1183,ralph fiennes
1183,very sad
1183,adultery
1183,world war i
1183,long
1183,appallingly dull
1183,lust
1183,burn victim
1184,na
1185,oscar (best actor)
1185,oscar (best supporting actress)
1185,in netflix queue
1185,dvd
1185,directorial debut
1185,library
1185,not corv lib
1185,tumeys dvds
1185,disability
1185,deformity/disability
1185,fiona shaw
1185,biopics
1185,writers at work
1186,want to see again
1186,breakthroughs
1186,golden palm
1186,national film registry
1186,tumeys dvds
1187,angela bassett
1187,disability
1188,romance
1188,australian
1188,chick flick
1188,competition
1188,campy
1188,dance
1188,feel good
1188,well done
1188,australia
1188,tumeys dvds
1188,ballroom dancing
1188,red curtain trilogy
1188,see also:little miss sunshine
1188,see also:strictly ballroom
1188,bechdel test:fail
1189,police
1189,racism
1189,in netflix queue
1189,movie to see
1189,oppl
1189,national film registry
1190,almodovar
1190,spanish
1190,nc17
1190,tumeys dvds
1191,nudity (topless)
1191,rome
1191,new york city
1191,los angeles
1191,paris
1191,concert
1191,toronto
1191,houston
1191,catholicism
1191,venice
1191,madrid
1191,detroit
1191,rock concert footage
1191,musicians
1191,celebrity
1191,barcelona
1192,sundance award winner
1192,sad
1192,transgender
1192,sundance grand jury prize
1192,teddy award
1193,great movie
1193,nudity (topless)
1193,oscar (best directing)
1193,mental illness
1193,oscar (best actress)
1193,oscar (best actor)
1193,oscar (best picture)
1193,milos forman
1193,imdb top 250
1193,on request
1193,stereotypes
1193,drama
1193,exceptional acting
1193,owned
1193,classic
1193,psychology
1193,psychological
1193,based on a book
1193,great cast excellent
1193,adapted from:book
1193,rebellion
1193,jack nicholson
1193,lying
1193,wrongful imprisonment
1193,metaphor
1193,book
1193,erlends dvds
1193,movie to see
1193,usa
1193,emotional
1193,gfei own it
1193,afi 100
1193,irreverent
1193,poignant
1193,great adaptations
1193,compassionate
1193,based on book
1193,electroshock therapy
1193,asylum
1193,claustrophobic
1193,rebel
1193,angry
1193,lobotomy
1193,literary adaptation
1193,afi 100 (cheers)
1193,national film registry
1193,ohsoso
1193,tumeys dvds
1193,best picture
1193,institutions
1193,cathartic
1193,catchy score
1193,biting
1193,nature of insanity
1193,message picture
1193,fighting the system
1193,doctorpatient relationship
1193,doctors and patients
1193,institutionalization
1193,insane asylum
1194,drugs
1194,nudity (topless)
1194,funniest movies
1194,marijuana
1194,hippie
1196,robots
1196,action
1196,sequel
1196,space
1196,fantasy
1196,war
1196,music
1196,imdb top 250
1196,scifi
1196,vhs
1196,tv
1196,adventure
1196,great soundtrack
1196,science fiction
1196,dvd
1196,classic
1196,seen more than once
1196,parenthood
1196,70mm
1196,harrison ford
1196,space opera
1196,family drama
1196,franchise
1196,darth vader
1196,snow
1196,jedi
1196,sci fi
1196,luke
1196,father
1196,usa
1196,futuristmoviescom
1196,father son relationship
1196,series
1196,sequel better than original
1196,better than original
1196,carrie fisher
1196,mark hamill
1196,billy dee williams
1196,gfei own it
1196,plot holes
1196,lucas
1196,fatherson relationship
1196,nerdy
1196,seen at the cinema
1196,star wars
1196,divx1
1196,saturn award (best actor)
1196,oscar (best sound)
1196,saturn award (best director)
1196,erics dvds
1196,tumeys dvds
1196,betamax
1196,clv
1196,highly quotable
1196,myth
1196,scope
1196,noise in space
1196,galactic
1196,far future
1196,crappy fight choreography
1197,funny
1197,comedy
1197,action
1197,pirates
1197,fantasy
1197,fighting
1197,imdb top 250
1197,quirky
1197,romance
1197,revenge
1197,witty
1197,dvd
1197,classic
1197,seen more than once
1197,adapted from:book
1197,fairy tale
1197,erlends dvds
1197,billy crystal
1197,giant
1197,fencing
1197,true love
1197,whimsical
1197,feelgood
1197,own
1197,mandy patinkin
1197,chris sarandon
1197,cary elwes
1197,want it
1197,heroic mission
1197,nerdy
1197,christopher guest
1197,based on book
1197,comingofage
1197,sword fighting
1197,saturn award (best costumes)
1197,wonderful
1197,to see
1197,good versus evil
1197,highly quotable
1197,swashbuckler
1197,subgenre:fable
1197,screenwriter:william goldman
1197,rousing
1197,fanciful
1197,must show
1197,deception
1197,ownable
1197,i own this
1197,lovers reunited
1197,merry
1197,assumed identities
1197,daring rescues
1198,comedy
1198,fun
1198,action
1198,archaeology
1198,fighting
1198,world war ii
1198,indiana jones
1198,nazis
1198,racism
1198,imdb top 250
1198,romance
1198,vhs
1198,tv
1198,adventure
1198,supernatural
1198,dvd
1198,classic
1198,seen more than once
1198,kids
1198,70mm
1198,epic
1198,egypt
1198,steven spielberg
1198,harrison ford
1198,franchise
1198,pulp
1198,erlends dvds
1198,snakes
1198,treasure
1198,traps
1198,usa
1198,atmospheric
1198,spielberg
1198,denholm elliott
1198,john rhysdavies
1198,alfred molina
1198,afi 100
1198,heroic mission
1198,lavish
1198,lucas
1198,oscar (best editing)
1198,light
1198,want
1198,saturn award (best actress)
1198,saturn award (best music)
1198,saturn award (best actor)
1198,oscar (best sound)
1198,saturn award (best director)
1198,saturn award (best writing)
1198,afi 100 (thrills)
1198,national film registry
1198,tumeys dvds
1198,dvd collection
1198,good versus evil
1198,nazi
1198,bechdel test:fail
1198,professor
1198,rousing
1198,spielberg/lucas
1198,treasure hunts
1198,collectible
1199,dystopia
1199,satire
1199,surreal
1199,fantasy
1199,terry gilliam
1199,imdb top 250
1199,satirical
1199,scifi
1199,dark comedy
1199,quirky
1199,dark
1199,owned
1199,bibliothek
1199,nudity (rear)
1199,classic
1199,robert de niro
1199,dreamlike
1199,black comedy
1199,future
1199,paranoid
1199,cant remember
1199,jonossa
1199,gilliam
1199,stylized
1199,must see
1199,criterion
1199,workplace
1199,erlends dvds
1199,atmospheric
1199,britain
1199,distopia
1199,tobuy
1199,own
1199,avante garde
1199,trilogy of the imagination
1199,need to own
1199,bureaucracy
1199,thoughtprovoking
1199,hallucinatory
1199,oppl
1199,motherson relationship
1199,dystopian
1199,kafkaesque
1199,library on hold
1199,ohsoso
1199,tumeys dvds
1199,dvdvideo
1199,betamax
1199,angel
1199,surveillance
1199,dystopic future
1199,troubled production
1199,see: mon oncle
1199,dream sequence
1199,legal issues
1199,twist downer ending
1199,montypythonrelated
1200,action
1200,space
1200,androids
1200,aliens
1200,alien
1200,military
1200,imdb top 250
1200,on computer
1200,scifi
1200,katso sanna
1200,violent
1200,owned
1200,dvd
1200,classic
1200,tense
1200,70mm
1200,sigourney weaver
1200,monster
1200,franchise
1200,erlends dvds
1200,queen
1200,sci fi
1200,james cameron
1200,futuristmoviescom
1200,crappy sequel
1200,sequel better than original
1200,better than original
1200,want it
1200,heroic mission
1200,forceful
1200,reluctant hero
1200,want
1200,saturn award (best actress)
1200,saturn award (best director)
1200,saturn award (best writing)
1200,erics dvds
1200,tumeys dvds
1200,dvdvideo
1200,clv
1200,cav
1200,dvd collection
1200,frightening
1200,realistic tough female
1200,visceral
1200,menacing
1200,robots and androids
1200,in the nucleus
1200,sf
1200,gruesome
1200,evil aliens
1200,lance henriksen
1201,sergio leone
1201,imdb top 250
1201,satirical
1201,quirky
1201,italian
1201,dvd
1201,clint eastwood
1201,ennio morricone
1201,must see
1201,erlends dvds
1201,movie to see
1201,irreverent
1201,spaghetti western
1201,didnt finish
1201,friday night movie
1201,watched 2007
1201,american civil war
1201,violence in america
1201,erics dvds
1201,showdown
1201,morricone score
1201,tumeys dvds
1201,hanging
1201,bounty hunters
1201,katsomattomat
1201,complex characters
1201,scope
1201,political unrest
1201,treasure hunts
1201,lone wolves
1201,collectible
1202,quirky
1202,witty
1202,black comedy
1202,bleak
1202,criterion
1202,bfi modern classic
1202,erlends dvds
1202,irreverent
1202,wistful
1202,talky
1202,drunkenness
1202,tumeys dvds
1202,wry
1203,masterpiece
1203,ghosts
1203,racism
1203,imdb top 250
1203,seen 2007
1203,low budget
1203,drama
1203,exceptional acting
1203,ensemble cast
1203,classic
1203,courtroom
1203,politics
1203,courtroom drama
1203,court
1203,social commentary
1203,sidney lumet
1203,usa
1203,law
1203,recommendz top pick
1203,kate
1203,forceful
1203,delights
1203,stageplay
1203,earnest
1203,based on a play
1203,minimalist
1203,claustrophobic
1203,angry
1203,afi 100 (cheers)
1203,afi 100 (thrills)
1203,national film registry
1203,talky
1203,great screenplays
1203,tumeys dvds
1203,dvdvideo
1203,class differences
1203,gritty
1203,ethnic conflict
1203,adapted from:play
1203,confrontational
1203,class issues
1203,heat wave
1203,allmale cast
1203,social injustice
1204,oscar (best directing)
1204,war
1204,oscar (best picture)
1204,imdb top 250
1204,biography
1204,violent
1204,amazing
1204,owned
1204,dvd
1204,classic
1204,oscar (best cinematography)
1204,desert
1204,70mm
1204,epic
1204,good music
1204,colonialism
1204,sweeping
1204,erlends dvds
1204,atmospheric
1204,good acting
1204,peter otoole
1204,afi 100
1204,passionate
1204,not bad
1204,world war i
1204,lavish
1204,culture
1204,biographical
1204,alec guiness
1204,afi 100 (cheers)
1204,afi 100 (thrills)
1204,national film registry
1204,tumeys dvds
1204,to see
1204,best picture
1204,based on true story
1204,slashy
1204,very slow
1204,bfi classic
1204,no women
1204,bechdel test:fail
1204,extraordinary
1204,awesome soundtrack
1204,afi100
1204,rousing
1204,cavalry charge
1206,dystopia
1206,satire
1206,violence
1206,prison
1206,stanley kubrick
1206,imdb top 250
1206,on computer
1206,satirical
1206,quirky
1206,drama
1206,want to see again
1206,ultraviolence
1206,owned
1206,dvd
1206,bibliothek
1206,classic
1206,psychology
1206,brainwashing
1206,cult film
1206,brutal
1206,mindfuck
1206,based on a book
1206,disturbing
1206,nudity (full frontal)
1206,cant remember
1206,kubrick
1206,rape
1206,stylized
1206,unique
1206,narrated
1206,psychedelic
1206,behavior modification
1206,atmospheric
1206,psychiatry
1206,futuristmoviescom
1206,malcolm mcdowell
1206,afi 100
1206,irreverent
1206,without martha
1206,mnm
1206,need to own
1206,eerie
1206,great music
1206,ahead of its time
1206,emerson must see
1206,beethoven
1206,shocking
1206,literary adaptation
1206,afi 100 (thrills)
1206,ohsoso
1206,tumeys dvds
1206,mindblowing
1206,betamax
1206,future dystopias
1206,photography
1206,5 stars
1206,doomsday
1206,experiments gone awry
1206,chilly
1206,cinematographer:john alcott
1207,book was better
1207,oscar (best actor)
1207,racism
1207,imdb top 250
1207,drama
1207,want to see again
1207,owned
1207,classic
1207,seen more than once
1207,heartwarming
1207,politics
1207,murder
1207,adapted from:book
1207,single parents
1207,courtroom drama
1207,book
1207,social commentary
1207,movie to see
1207,robert duvall
1207,usa
1207,bittersweet
1207,atmospheric
1207,nostalgic
1207,memorable characters
1207,race issues
1207,southern theme
1207,afi 100
1207,lawyer
1207,poignant
1207,great adaptations
1207,earnest
1207,small town
1207,gregory peck
1207,afi 100 (cheers)
1207,national film registry
1207,tumeys dvds
1207,harper lee
1207,literate
1207,trial
1207,sibling relationships
1207,smart kids
1207,social injustice
1208,surreal
1208,drugs
1208,action
1208,nudity (topless)
1208,vietnam war
1208,book was better
1208,military
1208,war
1208,vietnam
1208,marlon brando
1208,francis ford copolla
1208,imdb top 250
1208,boring
1208,adventure
1208,drama
1208,violent
1208,owned
1208,dvd
1208,classic
1208,tense
1208,oscar (best cinematography)
1208,70mm
1208,based on a book
1208,disturbing
1208,adapted from:book
1208,stoner movie
1208,sweeping
1208,erlends dvds
1208,dennis hopper
1208,movie to see
1208,robert duvall
1208,francis ford coppola
1208,usa
1208,golden palm
1208,laurence fishburne
1208,afi 100
1208,mnm
1208,war movie
1208,hallucinatory
1208,emerson must see
1208,antiwar
1208,martin sheen
1208,need to buy
1208,want
1208,afi 100 (movie quotes)
1208,national film registry
1208,ohsoso
1208,tumeys dvds
1208,dvdvideo
1208,betamax
1208,ominous
1208,dvd collection
1208,5 stars
1208,guerra
1208,visceral
1208,no title sequence
1208,insanity during war
1208,hypnotic
1208,my movies
1208,chaos
1208,veja
1209,action
1209,italy
1209,sergio leone
1209,imdb top 250
1209,on computer
1209,on disc
1209,drama
1209,western
1209,tense
1209,clint eastwood
1209,stylized
1209,sweeping
1209,erlends dvds
1209,usa
1209,atmospheric
1209,spaghetti western
1209,need to own
1209,best movies ever
1209,morricone score
1209,tumeys dvds
1209,elegiac
1210,robots
1210,action
1210,sequel
1210,space
1210,fantasy
1210,war
1210,imdb top 250
1210,scifi
1210,adventure
1210,violent
1210,dvd
1210,classic
1210,seen more than once
1210,desert
1210,70mm
1210,redemption
1210,harrison ford
1210,space opera
1210,franchise
1210,luke skywalker
1210,darth vader
1210,usa
1210,futuristmoviescom
1210,crappy sequel
1210,series
1210,james earl jones
1210,carrie fisher
1210,mark hamill
1210,gfei own it
1210,plot holes
1210,lucas
1210,fatherson relationship
1210,nerdy
1210,seen at the cinema
1210,divx1
1210,saturn award (best makeup)
1210,saturn award (best costumes)
1210,saturn award (best actor)
1210,oscar (best sound)
1210,erics dvds
1210,tumeys dvds
1210,strong director
1210,spaceopera
1210,myth
1210,galactic
1210,far future
1210,crappy fight choreography
1210,spielberg/lucas
1211,surreal
1211,artistic
1211,on computer
1211,poetry
1211,dreamlike
1211,meditative
1211,netflix
1211,atmospheric
1211,favorites
1211,wistful
1211,german
1211,enigmatic
1211,lyrical
1211,poetic
1211,tumeys dvds
1211,somber
1211,angel
1211,wim wenders
1212,orson welles
1212,imdb top 250
1212,classic
1212,oscar (best cinematography)
1212,wwii
1212,murder
1212,disturbing
1212,black and white
1212,amazing cinematography
1212,great cinematography
1212,stylized
1212,criterion
1212,erlends dvds
1212,my favourite of all
1212,atmospheric
1212,golden palm
1212,afi 100
1212,need to own
1212,janus 50
1212,poignant
1212,noir thriller
1212,venice
1212,1940s
1212,afi 100 (thrills)
1212,tumeys dvds
1212,dvdvideo
1212,ominous
1212,photography
1212,google video
1212,cons and scams
1212,mind games
1212,bfi classic
1212,catchy score
1212,wry
1212,sewer/tunnel chase
1212,novelist as protagonist
1212,love this movie
1212,ferris wheel
1212,faltering friendships
1212,black market
1212,dangerous friends
1213,great movie
1213,biopic
1213,violence
1213,mafia
1213,martin scorsese
1213,imdb top 250
1213,samuel l jackson
1213,drama
1213,biography
1213,violent
1213,bibliothek
1213,organized crime
1213,robert de niro
1213,seen more than once
1213,based on a book
1213,disturbing
1213,legenda ptbr
1213,adapted from:book
1213,narrated
1213,book
1213,oscar (best supporting actor)
1213,ray liotta
1213,afi 100
1213,wired 50 greatest soundtracks
1213,notable cast
1213,joe pesci
1213,watchfully
1213,emerson must see
1213,claustrophobic
1213,need to buy
1213,divx1
1213,national film registry
1213,tumeys dvds
1213,need to see
1213,my dvds
1213,mafia life
1213,gritty
1213,visceral
1213,wry
1213,confrontational
1213,faltering friendships
1213,rise and fall stories
1214,space
1214,androids
1214,aliens
1214,alien
1214,futuristic
1214,imdb top 250
1214,on computer
1214,scifi
1214,thriller
1214,space travel
1214,dark
1214,owned
1214,dvd
1214,classic
1214,seen more than once
1214,70mm
1214,classic thriller
1214,paranoid
1214,sigourney weaver
1214,monster
1214,xenomorph
1214,haunted house
1214,franchise
1214,erlends dvds
1214,flame thrower
1214,ridley scott
1214,uk
1214,futuristmoviescom
1214,gfei own it
1214,library
1214,claustrophobic
1214,want
1214,scifi masterpiece
1214,saturn award (best director)
1214,afi 100 (thrills)
1214,national film registry
1214,erics dvds
1214,tumeys dvds
1214,dvdvideo
1214,betamax
1214,clv
1214,cav
1214,ominous
1214,dvd collection
1214,scary as hell
1214,closed spaces
1214,ai
1214,visceral
1214,menacing
1214,scope
1214,sf
1214,h r geiger
1214,gruesome
1214,chilly
1215,time travel
1215,bruce campbell
1215,comedy
1215,sam raimi
1215,action
1215,fantasy
1215,satirical
1215,adventure
1215,zombies
1215,cult film
1215,arnold schwarzenegger
1215,stylized
1215,antihero
1215,narrated
1215,silly
1215,campy
1215,cult classic
1215,kickass
1215,usa
1215,zombie
1215,own
1215,living dead
1215,light
1215,horror comedy
1215,highly quotable
1215,frantic
1215,lovecraftian mythology
1215,dumb fun
1216,love story
1216,jean reno
1216,luc besson
1216,beautiful scenery
1216,scuba diving
1216,dolphins
1216,competitive sport
1216,death wish
1216,do kupienia
1216,greek islands
1217,akira kurosawa
1217,imdb top 250
1217,classic
1217,japan
1217,70mm
1217,samurai
1217,fathers and sons
1217,shakespeare
1217,stylized
1217,sweeping
1217,criterion
1217,erlends dvds
1217,atmospheric
1217,beautiful
1217,dissapointing
1217,brian
1217,zim
1217,too slow
1217,melancholy
1217,updated classics
1217,forceful
1217,poignant
1217,library
1217,lyrical
1217,corvallis library
1217,tumeys dvds
1217,to see
1217,visceral
1217,sibling relationships
1217,shakespearean
1217,political unrest
1217,tatsuya nakadai
1218,tense
1218,stylized
1218,criterion
1218,guns
1218,heroic bloodshed
1218,john woo
1218,forceful
1218,to see
1218,frantic
1218,moody
1218,gun fu
1219,serial killer
1219,alfred hitchcock
1219,imdb top 250
1219,thriller
1219,favourite
1219,classic
1219,psychology
1219,tense
1219,creepy
1219,murder
1219,hitchcock
1219,black and white
1219,macabre
1219,book
1219,erlends dvds
1219,remade
1219,janet leigh
1219,usa
1219,afi 100
1219,motherson relationship
1219,almost favorite
1219,emerson must see
1219,dont want to see
1219,afi 100 (movie quotes)
1219,afi 100 (thrills)
1219,national film registry
1219,anthony perkins
1219,library vhs
1219,tumeys dvds
1219,frightening
1219,5 stars
1219,scary as hell
1219,menacing
1219,deliberate
1219,see also:psycho (1960)
1219,remakeof:psycho (1960)
1219,see also:psycho (1998)
1219,domineering mother
1219,suspense cut
1219,chilly
1220,police
1220,comedy
1220,surreal
1220,action
1220,chase
1220,neonazis
1220,music
1220,tv
1220,favourite
1220,car chase
1220,dvd
1220,classic
1220,seen more than once
1220,musical
1220,70mm
1220,cars
1220,black and white
1220,mission from god
1220,cant remember
1220,john belushi
1220,erlends dvds
1220,john landis
1220,usa
1220,cameos
1220,buddies
1220,wired 50 greatest soundtracks
1220,notable soundtrack
1220,dated
1220,dan akroyd
1220,buddy movie
1220,snl alums
1220,dan ackroyd
1220,feel good movie
1220,want
1220,dvdvideo
1220,betamax
1220,subgenre:road trip
1220,cameofest
1220,music:rhythm & blues
1220,subgenre:buddies
1220,music business
1220,sunglasses
1220,out from prison
1220,rhythm & blues
1221,sequel
1221,oscar (best directing)
1221,mafia
1221,oscar (best picture)
1221,gambling
1221,francis ford copolla
1221,imdb top 250
1221,on dvr
1221,exceptional acting
1221,owned
1221,dvd
1221,classic
1221,organized crime
1221,robert de niro
1221,new york city
1221,family
1221,classical
1221,romantic
1221,goofy
1221,guns
1221,robert duvall
1221,al pacino
1221,francis ford coppola
1221,memorable characters
1221,own
1221,oscar (best supporting actor)
1221,diane keaton
1221,afi 100
1221,dysfunctional family
1221,need to buy
1221,want
1221,afi 100 (movie quotes)
1221,national film registry
1221,library vhs
1221,tumeys dvds
1221,best picture
1221,5 stars
1221,sequel:better
1221,my movies
1221,cinematographer:gordon willis
1222,vietnam war
1222,military
1222,war
1222,vietnam
1222,stanley kubrick
1222,imdb top 250
1222,on computer
1222,want to see again
1222,owned
1222,dvd
1222,wartime
1222,cant remember
1222,own
1222,boot camp
1222,antiwar
1222,need to buy
1222,divx1
1222,afi 100 (thrills)
1222,tumeys dvds
1222,katsomattomat
1222,5 stars
1222,guerra
1222,vietnam war based movie
1222,indoctrination
1223,funny
1223,robots
1223,claymation
1223,aardman
1223,space travel
1223,short
1223,zombie movie
1223,dogs
1223,moon
1223,stop motion
1223,holiday
1223,cards
1223,very good for kids
1223,series
1223,cheese
1223,oscar nominee
1223,aardman studios
1223,rats
1223,skiing
1223,nick park
1223,bechdel test:fail
1223,seen
1223,invention
1223,quest
1223,wallace and gromit
1223,tea
1223,astronomy
1224,drama
1224,politics
1224,shakespeare
1224,movie to see
1224,emma thompson
1224,historical
1224,own
1224,directorial debut
1224,based on a play
1224,tumeys dvds
1224,playwright:shakespeare
1224,adapted from:play
1225,bad acting
1225,best movie ever
1225,nudity (topless)
1225,biopic
1225,oscar (best directing)
1225,oscar (best actor)
1225,oscar (best picture)
1225,music
1225,imdb top 250
1225,on computer
1225,drama
1225,biography
1225,owned
1225,classic
1225,true story
1225,70mm
1225,retro
1225,cant remember
1225,must see
1225,erlends dvds
1225,movie to see
1225,brilliant
1225,get
1225,classical music
1225,opera
1225,18th century
1225,f murray abraham
1225,afi 100
1225,vienna
1225,need to own
1225,stageplay
1225,period piece
1225,biographical
1225,based on a play
1225,composer
1225,oscar (best costume design)
1225,oscar (best sound)
1225,oscar (best makeup)
1225,tumeys dvds
1225,dvdvideo
1225,dvd collection
1225,best picture
1225,adapted from bway
1225,based on play
1225,veja
1225,biopics
1226,oscar (best directing)
1226,bibliothek
1226,oscar (best cinematography)
1226,john wayne
1226,maureen ohara
1226,tumeys dvds
1226,filmaffinity top pick
1227,sergio leone
1227,imdb top 250
1227,owned
1227,dvd
1227,robert de niro
1227,ennio morricone
1227,nudity (full frontal)
1227,underrated
1227,rape
1227,sweeping
1227,meditative
1227,bfi modern classic
1227,erlends dvds
1227,atmospheric
1227,lyrical
1227,morricone score
1227,tumeys dvds
1227,major recutting
1227,elegiac
1228,boxing
1228,oscar (best actor)
1228,martin scorsese
1228,imdb top 250
1228,vhs
1228,bibliothek
1228,classic
1228,robert de niro
1228,brothers
1228,black and white
1228,stylized
1228,sport:boxing
1228,movie to see
1228,television
1228,atmospheric
1228,beautiful
1228,afi 100
1228,brian
1228,zim
1228,forceful
1228,boxing drama
1228,1950s
1228,afi 100 (thrills)
1228,national film registry
1228,tumeys dvds
1228,1960s
1228,domestic violence
1228,film theory & criticism
1228,visceral
1228,cathartic
1228,nightclub
1228,confrontational
1228,husbandwife relationship
1228,swimming pool
1228,jealousy
1228,cdon
1228,unhappy marriage
1228,families in crisis
1228,cinematographer:michael chapman
1228,veja
1230,comedy
1230,woody allen
1230,oscar (best directing)
1230,oscar (best actress)
1230,oscar (best picture)
1230,imdb top 250
1230,favourite
1230,dvd
1230,screwball
1230,romantic
1230,new york
1230,sad
1230,erlends dvds
1230,brilliant
1230,favorites
1230,diane keaton
1230,afi 100 (laughs)
1230,afi 100
1230,didnt finish
1230,delights
1230,seen at the cinema
1230,afi 100 (movie quotes)
1230,national film registry
1230,neurosis
1230,perfect comedy
1230,tumeys dvds
1230,dvdvideo
1230,best picture
1230,setting:nyc
1231,space
1231,tom hanks
1231,true story
1231,70mm
1231,cowboy
1231,entertaining
1231,nasa
1231,race
1231,bfi modern classic
1231,erlends dvds
1231,historical
1231,ed harris
1231,barbara hershey
1231,sam shepard
1231,k movie
1231,macho
1231,scott glenn
1231,afi 100 (cheers)
1231,us history
1231,space program
1231,astronauts
1231,lance henriksen
1232,masterpiece
1232,existentialism
1232,god
1232,imdb top 250
1232,seen 2007
1232,based on a book
1232,reflective
1232,meditative
1232,art
1232,nature
1232,not available from netflix
1232,mosfilm
1232,gloomy
1232,russian
1232,tumeys dvds
1232,hope
1232,deliberate
1232,svens to see list
1232,austere
1232,downbeat
1232,wikilens top pick
1232,despair
1232,handcar
1232,psychic
1233,world war ii
1233,war
1233,imdb top 250
1233,in netflix queue
1233,dvd
1233,classic
1233,tense
1233,70mm
1233,wwii
1233,submarine
1233,erlends dvds
1233,breakthroughs
1233,underwater
1233,k movie
1233,gloomy
1233,ocean
1233,german
1233,no happy end
1233,claustrophobic
1233,tragic drama
1233,wolfgang petersen
1233,tumeys dvds
1233,dvdvideo
1233,betamax
1233,long
1233,hunt
1233,gritty
1233,grim
1234,heist
1234,oscar (best directing)
1234,oscar (best picture)
1234,gambling
1234,imdb top 250
1234,vhs
1234,bibliothek
1234,classic
1234,caper
1234,surprise ending
1234,ray walston
1234,robert redford
1234,poker
1234,great
1234,need to own
1234,fun movie
1234,confidence game
1234,almost favorite
1234,paul newman
1234,robert shaw
1234,want
1234,national film registry
1234,tumeys dvds
1234,slashy
1234,scam
1234,bechdel test:fail
1234,con
1234,newman/redford
1234,veja
1235,imdb top 250
1235,on computer
1235,dark comedy
1235,quirky
1235,bibliothek
1235,classic
1235,cult film
1235,seen more than once
1235,sweet
1235,must see
1235,reflective
1235,cult classic
1235,afi 100 (laughs)
1235,irreverent
1235,delights
1235,afi 100 (cheers)
1235,national film registry
1235,corvallis library
1235,maydecember romance
1236,quirky
1236,fathers and sons
1236,understated
1236,new york
1236,bittersweet
1236,melancholy
1236,deadpan
1236,talky
1236,adrienne shelly
1236,hal hartly
1236,literate
1236,wry
1236,opposites attract
1236,eccentric families
1236,long island
1236,matteroffact
1237,painter
1237,medieval
1237,existentialism
1237,god
1237,ingmar bergman
1237,imdb top 250
1237,on dvr
1237,owned
1237,tense
1237,dreamlike
1237,religion
1237,black and white
1237,criterion
1237,meditative
1237,cerebral
1237,erlends dvds
1237,board game
1237,dialogue
1237,atmospheric
1237,death
1237,breathtaking
1237,knights
1237,max von sydow
1237,need to own
1237,gloomy
1237,crusaders
1237,janus 50
1237,swedish
1237,actors
1237,corvallis library
1237,tumeys dvds
1237,dvdvideo
1237,somber
1237,chess
1237,rural
1237,witch hunt
1237,bfi classic
1237,husbandwife relationship
1237,epidemic
1237,grim
1237,forest
1237,plague
1237,seven
1237,flagellation
1237,church
1237,visionary
1237,cinematographer:gunnar fischer
1238,quirky
1238,witty
1238,heartwarming
1238,realistic
1238,burt lancaster
1238,peter reigert
1238,warm
1238,americans abroad
1238,affectionate
1238,gentle
1238,deadpan
1238,magical
1238,charming
1240,robots
1240,time travel
1240,best movie ever
1240,nudity (topless)
1240,timetravel
1240,androids
1240,imdb top 250
1240,scifi
1240,great soundtrack
1240,violent
1240,dvd
1240,tense
1240,future
1240,murder
1240,bleak
1240,arnold schwarzenegger
1240,classic thriller
1240,terrorism
1240,cyborgs
1240,motorcycle
1240,bfi modern classic
1240,james cameron
1240,futuristmoviescom
1240,watchagain
1240,divx1
1240,saturn award (best makeup)
1240,afi 100 (movie quotes)
1240,saturn award (best writing)
1240,afi 100 (thrills)
1240,erics dvds
1240,to see
1240,ominous
1240,dystopic future
1240,visceral
1240,grim
1240,in the nucleus
1240,sf
1240,lance henriksen
1240,welldone time travel
1241,peter jackson
1241,new zealand
1241,virus
1241,dvd
1241,zombies
1241,cult film
1241,campy
1241,gross out
1241,zombie
1241,hard to rate
1241,lawn mower
1241,motherson relationship
1241,1950s
1241,dvdvideo
1241,to see
1241,my movies
1241,awesome zombie flick
1242,imdb top 250
1242,denzel washington
1242,inspirational
1242,classic
1242,true story
1242,oscar (best cinematography)
1242,70mm
1242,civil war
1242,historical
1242,morgan freeman
1242,oscar (best supporting actor)
1242,best war films
1242,american civil war
1242,based on book
1242,afi 100 (cheers)
1242,oscar (best sound)
1242,library vhs
1242,african american history
1242,friends should see
1242,glory
1243,stupid
1243,boring
1243,quirky
1243,underrated
1243,so funny
1243,shakespeare
1243,gary oldman
1243,updated classics
1243,based on a play
1243,shakespeare sort of
1244,comedy
1244,woody allen
1244,imdb top 250
1244,bibliothek
1244,classic
1244,new york city
1244,humor
1244,black and white
1244,new york
1244,erlends dvds
1244,urbane
1244,bittersweet
1244,beautiful
1244,meryl streep
1244,relationships
1244,diane keaton
1244,afi 100 (laughs)
1244,need to own
1244,wistful
1244,delights
1244,woody allen classic
1244,lyrical
1244,americana
1244,lolitafetish
1244,national film registry
1244,talky
1244,tumeys dvds
1244,literate
1244,setting:nyc
1244,awesome soundtrack
1244,seen
1244,seen 2008
1244,cinematographer:gordon willis
1244,neurotic new yorkers
1245,funny
1245,gangster
1245,coen brothers
1245,dark comedy
1245,quirky
1245,drama
1245,witty
1245,gangsters
1245,tense
1245,love
1245,twists & turns
1245,stylized
1245,must see
1245,erlends dvds
1245,john turturro
1245,atmospheric
1245,film noir
1245,own
1245,alone
1245,suspensful
1245,great
1245,need to own
1245,erics dvds
1245,to see
1245,literate
1245,crime drama
1245,elegant
1245,criminals revenge
1245,dishonor among thieves
1246,childhood
1246,school
1246,robin williams
1246,poetry
1246,inspirational
1246,seen more than once
1246,friendship
1246,philosophy
1246,70mm
1246,high school
1246,shakespeare
1246,melodrama
1246,teen
1246,special
1246,highschool
1246,own
1246,school drama
1246,watchagain
1246,afi 100 (cheers)
1246,afi 100 (movie quotes)
1246,ohsoso
1246,boarding school
1246,teacher
1246,prep school
1246,veja
1247,comedy
1247,oscar (best directing)
1247,mike nichols
1247,imdb top 250
1247,satirical
1247,quirky
1247,want to see again
1247,classic
1247,seen more than once
1247,dustin hoffman
1247,wedding
1247,urbane
1247,anne bancroft
1247,afi 100 (laughs)
1247,afi 100
1247,adultery
1247,wired 50 greatest soundtracks
1247,need to own
1247,cynical
1247,delights
1247,watch
1247,deadpan
1247,katherine ross
1247,afi 100 (movie quotes)
1247,national film registry
1247,vday
1247,extramarital affairs
1247,1960s
1247,afi100
1247,love triangles
1247,tumeys vhs
1247,age disparity romance
1247,sexual awakening
1247,modern classic
1247,racy
1247,veja
1248,orson welles
1248,imdb top 250
1248,bibliothek
1248,tense
1248,disturbing
1248,bleak
1248,stylized
1248,janet leigh
1248,atmospheric
1248,charlton heston
1248,afi 100 (thrills)
1248,national film registry
1248,tumeys dvds
1248,ominous
1248,major recutting
1248,welles
1249,sexy
1249,action
1249,thriller
1249,romance
1249,hit men
1249,assassin
1249,tense
1249,foreign
1249,france
1249,murder
1249,french
1249,clearplay
1249,cant remember
1249,stylized
1249,luc besson
1249,movie to see
1249,assassins
1249,remade
1249,atmospheric
1249,cynical
1249,harsh
1249,visceral
1249,killerasprotagonist
1249,assassinintraining
1249,remakeof:la femme nikita(1990)
1250,oscar (best directing)
1250,oscar (best actor)
1250,world war ii
1250,war
1250,oscar (best picture)
1250,imdb top 250
1250,owned
1250,dvd
1250,classic
1250,true story
1250,oscar (best cinematography)
1250,70mm
1250,wwii
1250,based on a book
1250,dvdr
1250,own
1250,afi 100
1250,pows
1250,best war films
1250,delights
1250,alec guiness
1250,william holden
1250,afi 100 (cheers)
1250,afi 100 (thrills)
1250,national film registry
1250,tumeys dvds
1250,clv
1250,dvdram
1250,best picture
1250,catchy score
1250,pow
1250,rewatch for rating
1251,sexy
1251,surreal
1251,federico fellini
1251,imdb top 250
1251,satirical
1251,quirky
1251,filmmaking
1251,criterion
1251,erlends dvds
1251,whimsical
1251,writers life
1251,talky
1251,corvallis library
1251,dvdvideo
1251,surrealpanos
1251,5 stars
1251,movie business
1251,fanciful
1251,creative block
1252,slow
1252,roman polanski
1252,imdb top 250
1252,exceptional acting
1252,classic
1252,noir
1252,los angeles
1252,murder
1252,incest
1252,bleak
1252,cant remember
1252,jack nicholson
1252,erlends dvds
1252,atmospheric
1252,film noir
1252,dvdr
1252,neonoir
1252,afi 100
1252,cynical
1252,emerson must see
1252,afi 100 (movie quotes)
1252,afi 100 (thrills)
1252,national film registry
1252,great screenplays
1252,tumeys dvds
1252,haunted by the past
1252,somber
1252,film theory & criticism
1252,menacing
1252,wry
1252,setting:la
1252,prequel to:the two jakes
1252,sequel to:chinatown
1252,private detective
1252,love this movie
1252,scope
1252,austere
1252,femmes fatales
1252,polanski
1252,private eyes
1252,nicholson
1253,aliens
1253,imdb top 250
1253,vhs
1253,classic
1253,black and white
1253,paranoid
1253,movie to see
1253,futuristmoviescom
1253,dvdr
1253,eerie
1253,poignant
1253,afi 100 (cheers)
1253,afi 100 (thrills)
1253,national film registry
1253,not corv lib
1253,hw classics
1253,tumeys dvds
1253,clv
1253,dvdram
1253,google video
1253,menacing
1254,oscar (best directing)
1254,imdb top 250
1254,on dvr
1254,classic
1254,tense
1254,disturbing
1254,paranoid
1254,humphrey bogart
1254,oscar (best supporting actor)
1254,afi 100
1254,afi 100 (movie quotes)
1254,afi 100 (thrills)
1254,national film registry
1254,library vhs
1254,cons and scams
1254,biting
1254,wry
1254,grim
1254,faltering friendships
1254,down on their luck
1254,treasure hunts
1255,aliens
1255,peter jackson
1255,new zealand
1255,cult film
1255,hard to rate
1255,fast food
1255,dvdvideo
1255,16mm
1255,my movies
1256,imdb top 250
1256,black and white
1256,erlends dvds
1256,afi 100 (laughs)
1256,afi 100
1256,emerson must see
1256,national film registry
1256,tumeys dvds
1256,betamax
1256,marx brothers
1257,easygoing
1257,on disc
1257,quirky
1257,high school
1257,sweet
1257,teen
1257,silly
1257,goofy
1257,directorial debut
1257,k movie
1257,light
1257,high school life
1257,betamax
1257,skiing
1257,upbeat
1258,horror
1258,bad acting
1258,ghosts
1258,stephen king
1258,insanity
1258,stanley kubrick
1258,imdb top 250
1258,thriller
1258,terror
1258,violent
1258,owned
1258,dvd
1258,classic
1258,cult film
1258,too long
1258,psychological
1258,scary
1258,based on a book
1258,disturbing
1258,nudity (full frontal)
1258,adapted from:book
1258,kubrick
1258,jack nicholson
1258,ghost
1258,haunted house
1258,united states
1258,hotel
1258,shelley duvall
1258,author:stephen king
1258,need to own
1258,ratedr
1258,hallucinatory
1258,library
1258,maze
1258,based on book
1258,writers life
1258,literary adaptation
1258,want
1258,afi 100 (movie quotes)
1258,afi 100 (thrills)
1258,tumeys dvds
1258,paranormal
1258,visceral
1258,menacing
1258,doesnt make sense
1258,psychic abilities
1258,trapped or confined
1258,tricycle
1258,wintry
1258,chilly
1258,cinematographer:john alcott
1258,nicholson
1259,stephen king
1259,childhood
1259,imdb top 250
1259,in netflix queue
1259,vhs
1259,tv
1259,adventure
1259,classic
1259,tense
1259,friendship
1259,based on a book
1259,cant remember
1259,coming of age
1259,nostalgic
1259,richard dreyfuss
1259,jason bateman
1259,wistful
1259,poignant
1259,river phoenix
1259,tumeys dvds
1259,netflix instant watching
1259,extraordinary
1259,kids in trouble
1259,autumnal
1260,serial killer
1260,fritz lang
1260,imdb top 250
1260,on computer
1260,classic
1260,peter lorre
1260,creepy
1260,disturbing
1260,black and white
1260,bleak
1260,criterion
1260,erlends dvds
1260,atmospheric
1260,great acting
1260,tcm
1260,need to own
1260,janus 50
1260,emerson must see
1260,id
1260,library vhs
1260,tumeys dvds
1260,dvdvideo
1260,google video
1260,bfi classic
1260,menacing
1260,svens to see list
1260,filmaffinity top pick
1260,grim
1260,whistling
1260,open ending
1260,chilly
1261,bruce campbell
1261,sam raimi
1261,zombies
1261,cult film
1261,tense
1261,stylized
1261,campy
1261,cult classic
1261,atmospheric
1261,zombie
1261,own
1261,madcap
1261,splatter
1261,want to see
1261,betamax
1261,frantic
1261,my movies
1261,evil computer
1261,lovecraftian mythology
1262,world war ii
1262,imdb top 250
1262,classic
1262,true story
1262,tense
1262,prison escape
1262,wwii
1262,legenda ptbr
1262,great cast excellent
1262,sweeping
1262,motorcycle
1262,movie to see
1262,historical
1262,prison break
1262,steve mcqueen
1262,runaway
1262,richard attenborough
1262,charles bronson
1262,want it
1262,k movie
1262,pows
1262,forceful
1262,library
1262,afi 100 (thrills)
1262,tumeys dvds
1262,gritty
1262,visceral
1262,related:the great escape
1262,pow
1262,rousing
1263,surreal
1263,oscar (best directing)
1263,vietnam war
1263,vietnam
1263,oscar (best picture)
1263,imdb top 250
1263,painful
1263,owned
1263,robert de niro
1263,70mm
1263,christopher walken
1263,unique
1263,death penalty
1263,movie to see
1263,oscar (best supporting actor)
1263,afi 100
1263,didnt finish
1263,friday night movie
1263,need to own
1263,library
1263,violently stupid
1263,afi 100 (thrills)
1263,national film registry
1263,surrealpanos
1263,best picture
1263,robert deniro
1263,svens to see list
1263,my movies
1263,cinematographer:vilmos zsigmond
1264,nudity (topless)
1264,dvdr
1264,opera
1264,betamax
1265,funny
1265,time travel
1265,bill murray
1265,great movie
1265,comedy
1265,surreal
1265,easygoing
1265,harold ramis
1265,imdb top 250
1265,romance
1265,super interesting
1265,owned
1265,seen more than once
1265,love
1265,alternate universe
1265,cute
1265,sweet
1265,romantic
1265,bfi modern classic
1265,time
1265,cards
1265,true love
1265,foqam
1265,own
1265,one day
1265,andie macdowell
1265,afi 100 (laughs)
1265,memory loss
1265,irreverent
1265,madcap
1265,seen at the cinema
1265,want to own
1265,small town
1265,deadpan
1265,want
1265,saturn award (best actress)
1265,national film registry
1265,ohsoso
1265,to see
1265,watch again before hating
1265,clarivoyance
1265,cathartic
1265,weather reporter as protagonist
1265,utopia
1265,hypertextual
1265,fanciful
1265,pua
1265,thoughtful
1265,ice sculpting
1266,oscar (best directing)
1266,oscar (best picture)
1266,imdb top 250
1266,revenge
1266,bibliothek
1266,classic
1266,tense
1266,clint eastwood
1266,legenda ptbr
1266,bleak
1266,hitman
1266,bfi modern classic
1266,breakthroughs
1266,morgan freeman
1266,gene hackman
1266,great acting
1266,oscar (best supporting actor)
1266,afi 100
1266,need to own
1266,lyrical
1266,richard harris
1266,harsh
1266,sheriffs and outlaws
1266,national film registry
1266,showdown
1266,out for revenge
1266,tumeys dvds
1266,somber
1266,to see
1266,bounty hunters
1266,best picture
1266,gritty
1266,genre:western noir
1266,revisionist western
1266,scope
1267,cold war
1267,assassination
1267,imdb top 250
1267,thriller
1267,political
1267,drama
1267,classic
1267,conspiracy
1267,brainwashing
1267,assassin
1267,murder
1267,based on a book
1267,adapted from:book
1267,crazy
1267,movie to see
1267,remade
1267,janet leigh
1267,filmnoir
1267,good acting
1267,frank sinatra
1267,angela lansbury
1267,afi 100
1267,need to own
1267,emerson must see
1267,afi 100 (thrills)
1267,national film registry
1267,bfi classic
1267,killerasprotagonist
1267,remakeof:the manchurian candidate(1962)
1267,assassin shooting in auditorium
1267,communists
1268,high school
1268,teen
1268,rock and roll
1268,movie to see
1268,1980s
1268,radio
1268,rebel
1269,imdb top 250
1269,classic
1269,love story
1269,murder
1269,cary grant
1269,afi 100 (laughs)
1269,need to own
1269,stageplay
1269,almost favorite
1269,tumeys dvds
1269,hysterical
1269,friends should see
1269,well plotted
1270,time travel
1270,comedy
1270,fun
1270,easygoing
1270,sequel
1270,timetravel
1270,imdb top 250
1270,scifi
1270,quirky
1270,thriller
1270,tv
1270,adventure
1270,dvd
1270,classic
1270,seen more than once
1270,kids
1270,alternate universe
1270,future
1270,70mm
1270,humor
1270,high school
1270,based on a book
1270,not seen
1270,teen
1270,silly but good
1270,time
1270,travel
1270,christopher lloyd
1270,robert zemeckis
1270,futuristmoviescom
1270,whimsical
1270,nostalgic
1270,1980s
1270,own
1270,madcap
1270,fun movie
1270,michael j fox
1270,high school life
1270,1950s
1270,want
1270,saturn award (best actor)
1270,national film registry
1270,highly quotable
1270,love triangles
1270,tumeys to see again
1270,fanciful
1270,sf
1270,spielberg/lucas
1270,logic complexity
1271,racism
1271,lesbian
1271,owned
1271,dvd
1271,heartwarming
1271,cannibalism
1271,based on a book
1271,sweeping
1271,village
1271,train
1271,women
1271,nostalgic
1271,sentimental
1271,gentle
1271,poignant
1271,tear jerker
1271,aging
1271,ku klux klan
1272,biopic
1272,oscar (best directing)
1272,oscar (best actor)
1272,world war ii
1272,oscar (best picture)
1272,imdb top 250
1272,boring
1272,biography
1272,true story
1272,70mm
1272,wwii
1272,movie to see
1272,george c scott
1272,karl malden
1272,afi 100
1272,best war films
1272,national film registry
1272,us history
1272,best picture
1272,collectible
1273,easygoing
1273,slow
1273,jim jarmusch
1273,prison escape
1273,nudity (full frontal)
1273,black and white
1273,stylized
1273,criterion
1273,goofy
1273,atmospheric
1273,feelgood
1273,deadpan
1273,lyrical
1273,escape from prison
1273,moody
1273,tom waits
1273,down on their luck
1273,flight of the innocent
1273,miscarriage of justice
1274,dystopia
1274,action
1274,fighting
1274,akira kurosawa
1274,vhs
1274,animation
1274,violent
1274,science fiction
1274,anime
1274,japan
1274,future
1274,70mm
1274,stylized
1274,motorcycle
1274,erlends dvds
1274,atmospheric
1274,futuristmoviescom
1274,hallucinatory
1274,library
1274,erics dvds
1274,tumeys dvds
1274,clv
1274,dvd collection
1274,appallingly dull
1274,future dystopias
1274,dystopic future
1274,otomo
1274,psychic abilities
1274,experiments gone awry
1275,nudity (topless)
1275,fighting
1275,immortality
1275,sean connery
1275,70mm
1275,cant remember
1275,immortals
1275,swords
1275,afternoon section
1275,sword fight
1275,sword fighting
1275,katsomattomat
1275,tribal
1275,multimovie monster
1276,prison
1276,imdb top 250
1276,on computer
1276,drama
1276,classic
1276,atmospheric
1276,oscar (best supporting actor)
1276,forceful
1276,george kennedy
1276,paul newman
1276,afi 100 (cheers)
1276,afi 100 (movie quotes)
1276,national film registry
1276,tumeys dvds
1276,betamax
1276,gritty
1276,deliberate
1276,confrontational
1276,escape from prison
1277,boring
1277,in netflix queue
1277,remake
1277,adapted from:book
1277,historical
1277,period piece
1277,gerard depardieu
1277,tumeys dvds
1277,dvdvideo
1277,swashbuckler
1277,related:cyrano
1277,stage
1278,gothic
1278,farce
1278,imdb top 250
1278,young kids
1278,spoof
1278,black and white
1278,cant remember
1278,mel brooks
1278,parody
1278,silly but good
1278,erlends dvds
1278,breasts
1278,seen 2006
1278,cloris leachman
1278,afi 100 (laughs)
1278,friday night movie
1278,delights
1278,mel brooks movie
1278,peter boyle
1278,madeline kahn
1278,gene wilder
1278,national film registry
1278,playlist
1279,jim jarmusch
1279,quirky
1279,bibliothek
1279,multiple storylines
1279,talky
1279,library vhs
1279,seen
1279,nocturnal
1279,brief encounters
1280,china
1280,yimou zhang
1280,in netflix queue
1280,infidelity
1280,gong li
1280,polygamy
1280,social commentary
1280,opera
1280,adultery
1280,food
1280,1920s
1280,claustrophobic
1280,lyrical
1280,somber
1280,to see
1280,photography
1280,deliberate
1280,austere
1280,courtesan
1280,i own this
1281,satire
1281,world war 2
1281,adolf hitler
1281,world war ii
1281,nazis
1281,imdb top 250
1281,chaplin
1281,owned
1281,black and white
1281,erlends dvds
1281,afi 100 (laughs)
1281,propaganda
1281,amnesia
1281,antiwar
1281,national film registry
1281,tumeys dvds
1281,5 stars
1281,nazi
1281,nazi germany
1281,multiple roles
1281,barber
1281,dictatorship
1281,do kina
1281,charlie chaplin
1282,surreal
1282,cartoon
1282,artistic
1282,disney animated feature
1282,animation
1282,dinosaurs
1282,classic
1282,seen more than once
1282,family
1282,70mm
1282,disney
1282,classical
1282,classical music
1282,afi 100
1282,hard to rate
1282,almost favorite
1282,mythology
1282,national film registry
1282,tumeys vhs
1282,may 1
1282,walpurgis night
1282,not a film
1282,anthology
1283,oscar (best actor)
1283,imdb top 250
1283,classic
1283,assassin
1283,usa film registry
1283,murder
1283,time
1283,guns
1283,death
1283,hdtv
1283,afi
1283,gary cooper
1283,grace kelly
1283,afi 100
1283,alone
1283,gunfight
1283,afi 100 (cheers)
1283,afi 100 (thrills)
1283,national film registry
1283,quakers
1283,realtime
1283,bechdel test:fail
1283,genre:western noir
1283,related:high noon
1284,mystery
1284,howard hawks
1284,imdb top 250
1284,classic
1284,assassin
1284,noir
1284,bogart
1284,murder
1284,infidelity
1284,based on a book
1284,legenda ptbr
1284,adapted from:book
1284,bogart & bacall
1284,humphrey bogart
1284,emerson must see
1284,literary adaptation
1284,national film registry
1284,great screenplays
1284,tumeys dvds
1284,author:raymond chandler
1284,vday
1284,clv
1284,head movie
1284,bfi classic
1284,character:philip marlowe
1284,bechdel test:fail
1284,private detective
1284,playlist
1284,friends should see
1285,satirical
1285,dark comedy
1285,cult film
1285,black comedy
1285,high school
1285,cult
1285,irreverent
1285,cynical
1285,library
1285,deadpan
1285,biting
1285,adolescence is hell
1286,time travel
1286,movie to see
1286,netwatch
1286,author:richard matheson
1286,(s)vcd
1286,buy
1287,oscar (best directing)
1287,oscar (best actor)
1287,oscar (best picture)
1287,imdb top 250
1287,dvd
1287,tense
1287,oscar (best cinematography)
1287,70mm
1287,good music
1287,sweeping
1287,great acting
1287,dvdr
1287,oscar (best supporting actor)
1287,afi 100
1287,lavish
1287,oscar winner
1287,earnest
1287,charlton heston
1287,afi 100 (cheers)
1287,afi 100 (thrills)
1287,national film registry
1287,tumeys dvds
1287,dvdram
1287,long
1287,historical epic
1287,sword and sandal
1287,best picture
1287,subgenre:sword and sandal
1287,rousing
1287,classical studies
1287,homosexual undertones
1288,satire
1288,comedy
1288,easygoing
1288,farce
1288,rob reiner
1288,music
1288,satirical
1288,boring
1288,quirky
1288,rock
1288,witty
1288,classic
1288,seen more than once
1288,legenda ptbr
1288,criterion
1288,mockumentary
1288,rock and roll
1288,erlends dvds
1288,goofy
1288,billy crystal
1288,movie to see
1288,cult
1288,directorial debut
1288,afi 100 (laughs)
1288,alone
1288,wired 50 greatest soundtracks
1288,irreverent
1288,not bad
1288,christopher guest
1288,cultural classic
1288,deadpan
1288,national film registry
1288,bechdel test:fail
1288,music business
1288,hair
1288,cast
1289,dvd
1289,no dialogue
1289,very interesting
1289,oppl
1289,hulu
1289,national film registry
1289,trilogy:qatsi
1289,life changing
1290,romance
1290,teens
1291,archaeology
1291,india
1291,nazis
1291,imdb top 250
1291,vhs
1291,tv
1291,dvd
1291,seen more than once
1291,sean connery
1291,70mm
1291,fathers and sons
1291,cool
1291,steven spielberg
1291,harrison ford
1291,father and son
1291,holy grail
1291,motorcycle
1291,franchise
1291,pulp
1291,afternoon section
1291,denholm elliott
1291,john rhysdavies
1291,want it
1291,lucas
1291,fatherson relationship
1291,river phoenix
1291,tumeys dvds
1291,dvd collection
1291,nazi
1291,indiana
1291,professor
1292,satire
1292,owned
1292,erlends dvds
1292,breakthroughs
1292,television
1292,oscar (best supporting actor)
1292,favorites
1292,afi 100 (laughs)
1292,peter sellers
1292,betamax
1292,plot point:television
1292,subtle
1293,biopic
1293,oscar (best directing)
1293,india
1293,oscar (best actor)
1293,oscar (best picture)
1293,imdb top 250
1293,exceptional acting
1293,biography
1293,dvd
1293,oscar (best cinematography)
1293,70mm
1293,colonialism
1293,own
1293,ben kingsley
1293,library
1293,biographical
1293,trevor howard
1293,afi 100 (cheers)
1293,gandhi
1293,mahatma gandhi
1295,slow
1295,based on a book
1295,adapted from:book
1295,criterion
1295,feel good
1295,library
1295,ohsoso
1295,juliette binoche
1295,seen
1296,italy
1296,witty
1296,bibliothek
1296,passionate
1296,wistful
1296,gentle
1296,literate
1296,e m forster
1296,opposites attract
1296,seen 2008
1296,vacation romances
1296,looking for love
1296,elegant
1296,summery
1296,otherwise engaged
1297,genius
1297,science
1297,college
1297,80s
1297,own
1297,smart comedy
1297,us college students
1297,plot point:sudden scientific insight
1298,surreal
1298,strange
1298,drugs
1298,masterpiece
1298,nudity (topless)
1298,materialism
1298,childhood
1298,world war ii
1298,school
1298,artistic
1298,racism
1298,music
1298,animation
1298,rock
1298,drama
1298,guitar
1298,great soundtrack
1298,dark
1298,classic
1298,depressing
1298,cult film
1298,dreamlike
1298,love
1298,scary
1298,desert
1298,musical
1298,70mm
1298,good music
1298,social control
1298,trippy
1298,not very good
1298,rape
1298,rebellion
1298,stoner movie
1298,loss
1298,wedding
1298,prejudice
1298,train
1298,rock and roll
1298,psychedelic
1298,erlends dvds
1298,social commentary
1298,blood
1298,television
1298,very little dialogue
1298,own
1298,symbolism
1298,smoking
1298,propaganda
1298,hallucinatory
1298,great music
1298,traumatic childhood
1298,intelligent
1298,pink floyd
1298,loneliness
1298,tumeys dvds
1298,dont know
1298,decent
1298,netflix instant watching
1298,foggy
1298,groupie
1298,institutions
1298,family dynamics
1298,flowers
1298,visceral
1298,adolescence
1298,teacher
1298,misfits and outsiders
1298,riot
1298,poet
1298,playground
1298,swimming pool
1298,musicians life
1298,animated segments
1298,grieving
1298,institutionalization
1298,alan parker
1298,cartoons for big kids
1298,rock movies
1299,vietnam war
1299,genocide
1299,vietnam
1299,oscar (best cinematography)
1299,colonialism
1299,oscar (best supporting actor)
1299,directorial debut
1299,john malkovich
1299,afi 100 (cheers)
1299,cambodia
1299,tear jerker
1299,photography
1299,tumeys vhs
1300,witty
1300,owned
1300,dogs
1300,reflective
1300,erlends dvds
1300,coming of age
1300,wistful
1300,affectionate
1300,gentle
1300,poignant
1300,swedish
1300,library vhs
1300,wry
1301,space
1301,classic
1301,cult film
1301,shakespeare
1301,stylized
1301,futuristmoviescom
1301,literate
1301,menacing
1301,deliberate
1301,pastiche
1301,shakespeare sort of
1301,fanciful
1301,multimovie monster
1301,far future
1302,baseball
1302,fantasy
1302,sports
1302,drama
1302,inspirational
1302,classic
1302,seen more than once
1302,cant remember
1302,expected more
1302,childhood classics
1302,watched under duress
1302,afi 100 (cheers)
1302,afi 100 (movie quotes)
1303,india
1303,sean connery
1303,michael caine
1303,based on true story
1303,esoteric plotlines
1304,easygoing
1304,imdb top 250
1304,violent
1304,owned
1304,oscar (best cinematography)
1304,erlends dvds
1304,bittersweet
1304,nostalgic
1304,robert redford
1304,afi 100
1304,irreverent
1304,americans abroad
1304,library
1304,paul newman
1304,katherine ross
1304,afi 100 (thrills)
1304,national film registry
1304,tumeys dvds
1304,slashy
1304,screenwriter:william goldman
1304,love triangles
1304,rousing
1304,fighting the system
1304,newman/redford
1304,veja
1305,bibliothek
1305,indie
1305,classic
1305,fathers and sons
1305,reflective
1305,meditative
1305,bittersweet
1305,golden palm
1305,relationships
1305,melancholy
1305,poignant
1305,lyrical
1305,tumeys dvds
1305,haunted by the past
1305,wim wenders
1305,deliberate
1305,svens to see list
1305,wanderlust
1305,journey of selfdiscovery
1306,futuristmoviescom
1306,german
1306,wim wenders
1307,funny
1307,fun
1307,romance
1307,classic
1307,seen more than once
1307,girlie movie
1307,cute
1307,good romantic comedies
1307,meg ryan
1307,jazz
1307,chick flick
1307,new york
1307,billy crystal
1307,watched 2006
1307,1980s
1307,afi 100 (laughs)
1307,oscar nominee
1307,afi 100 (movie quotes)
1307,smart
1307,ownable
1307,i own this
1307,veja
1310,music
1310,grunge
1310,community
1310,music business
1311,imdb bottom 100
1320,spooky
1320,sequel
1320,survival
1320,prequel
1320,aliens
1320,prison
1320,owned
1320,dvd
1320,70mm
1320,franchise
1320,erlends dvds
1320,david fincher
1320,alien series
1320,wasted potential
1320,good effects
1320,erics dvds
1320,tumeys dvds
1320,allegory
1320,troubled production
1320,scope
1320,lance henriksen
1321,satirical
1321,vhs
1321,classic
1321,zombies
1321,tense
1321,paranoid
1321,werewolf
1321,werewolves
1321,john landis
1321,atmospheric
1321,tumeys dvds
1321,betamax
1321,menacing
1321,killerasprotagonist
1323,betamax
1327,nudity (topless)
1327,possession
1327,haunted house
1327,remade
1327,creepy singing
1329,gothic
1329,vampire
1329,vhs
1329,criterion
1331,cinematographer:victor j kemper
1332,betamax
1333,alfred hitchcock
1333,classic
1333,seen more than once
1333,hitchcock
1333,animal attacks
1333,monster
1333,birds
1333,erlends dvds
1333,adultery
1333,oppl
1333,terrifying
1333,library
1333,great adaptations
1333,motherson relationship
1333,afi 100 (thrills)
1333,tumeys dvds
1333,betamax
1333,clv
1333,my dvds
1333,bfi classic
1333,biting
1333,creepy singing
1333,tumeys to see again
1333,blindfold
1333,animal horror
1334,classic
1334,monster
1334,criterion
1334,campy
1334,remade
1334,classic monster
1334,dvdr
1334,dvdram
1334,new jersey
1334,diner
1335,betamax
1337,erlends dvds
1337,literary adaptation
1337,ummarti2007
1339,gothic
1339,horror
1339,vampire
1339,nudity (topless)
1339,vampires
1339,keanu reeves
1339,based on a book
1339,bruce willis
1339,anthony hopkins
1339,adapted from:book
1339,coppola
1339,book
1339,erlends dvds
1339,gary oldman
1339,francis ford coppola
1339,eerie
1339,based on book
1339,over the top
1339,oscar (best costume design)
1339,saturn award (best costumes)
1339,saturn award (best actor)
1339,saturn award (best director)
1339,oscar (best makeup)
1339,saturn award (best writing)
1339,clv
1339,cav
1339,my dvds
1339,to see
1339,tom waits
1340,gothic
1340,sequel
1340,imdb top 250
1340,legenda ptbr
1340,frankenstein
1340,erlends dvds
1340,dvdr
1340,blindness
1340,morality
1340,national film registry
1340,not corv lib
1340,dvdram
1340,oppression
1340,multifaceted
1340,dont remember
1340,bride
1340,good sequel
1342,horror
1342,nudity (topless)
1342,clv
1343,martin scorsese
1343,robert de niro
1343,scary
1343,remake
1343,killer
1343,1990s
1343,1980s
1343,k movie
1343,blah
1343,tumeys dvds
1343,2000s
1343,stalker
1344,action
1344,good direction
1344,remade
1344,robert mitchum
1344,lawyer
1344,afi 100 (thrills)
1344,tumeys dvds
1344,better than the remake
1344,interesting story
1345,possession
1345,stephen king
1345,tense
1345,high school
1345,based on a book
1345,adapted from:book
1345,goth
1345,camp
1345,brian de palma
1345,atmospheric
1345,author:stephen king
1345,eerie
1345,piper laurie
1345,dont want to see
1345,afi 100 (thrills)
1345,not corv lib
1345,hitchcockian
1345,to see
1345,visceral
1345,prom
1345,psychic abilities
1345,from kata
1345,gruesome
1345,lurid
1346,queer
1346,remake
1346,murder
1346,new orleans
1346,betamax
1346,killerasprotagonist
1346,setting:new orleans
1347,johnny depp
1347,franchise
1347,slasher
1347,wes craven
1347,robert englund
1347,creepy singing
1348,vampires
1348,imdb top 250
1348,classic
1348,erlends dvds
1348,oldschool
1348,library vhs
1348,tumeys dvds
1348,dvdvideo
1348,free to download
1348,google video
1348,film theory & criticism
1348,old classic
1349,vampire
1349,klaus kinski
1350,horror
1350,stupid
1350,suspense
1350,thriller
1350,scary
1350,religion
1350,devil
1350,biblical
1350,antichrist
1350,apocalypse
1350,gregory peck
1350,dont want to see
1350,good ending
1350,afi 100 (thrills)
1350,tumeys dvds
1350,to see
1351,jack nicholson
1353,hw drama
1353,library vhs
1353,personals ads
1354,on dvr
1354,male nudity
1354,bibliothek
1354,religion
1354,disturbing
1354,bleak
1354,scotland
1354,sad
1354,passionate
1354,harsh
1354,library vhs
1354,cathartic
1354,seen
1354,drab
1354,delusional
1354,mental imbalance
1354,wintry
1356,time travel
1356,space
1356,tv
1356,owned
1356,intense
1356,space opera
1356,franchise
1356,patrick stewart
1356,futuristmoviescom
1356,star trek
1356,whoopi goldberg
1356,seen at the cinema
1356,jonathan frakes
1356,saturn award (best costumes)
1356,cameo:whoopi goldberg
1356,noise in space
1357,oscar (best actor)
1357,music
1357,owned
1357,didnt finish
1357,seen at the cinema
1357,biopics
1358,billy bob thornton
1358,in netflix queue
1358,dvd
1358,clearplay
1358,memorable characters
1358,directorial debut
1358,ari
1358,abe
1358,knoll
1358,small town
1358,want
1358,tumeys dvds
1358,excon
1359,arnold schwarzenegger
1361,in netflix queue
1361,courtroom
1361,murder
1363,bibliothek
1363,religion
1363,corvallis library
1365,18th century
1366,allegory
1366,adapted from:play
1367,fun
1367,disney animated feature
1367,remake
1367,70mm
1367,disney
1367,adapted from:book
1367,dogs
1367,17th century
1367,meaningful
1367,remakeof:101 dalmations (1961)
1367,remadeas:101 dalmations (1996)
1370,action
1370,aviation
1370,70mm
1370,bruce willis
1370,terrorism
1370,explosions
1370,afternoon section
1370,harlin
1370,own
1370,erics dvds
1370,tumeys dvds
1370,clv
1370,renny harlin
1371,tv
1371,70mm
1371,cant remember
1371,space opera
1371,franchise
1371,leonard nimoy
1371,star trek
1371,william shatner
1371,seen at the cinema
1371,noise in space
1371,tv spinoff
1371,robert wise
1372,space
1372,racism
1372,tv
1372,70mm
1372,murder
1372,space opera
1372,franchise
1372,leonard nimoy
1372,star trek
1372,william shatner
1372,seen at the cinema
1372,tos
1372,netwatch
1372,good score
1372,noise in space
1372,far future
1373,tv
1373,owned
1373,70mm
1373,space opera
1373,franchise
1373,leonard nimoy
1373,star trek
1373,william shatner
1373,seen at the cinema
1373,noise in space
1373,golden raspberry (worst actor)
1374,sequel
1374,space
1374,violence
1374,stupid
1374,battles
1374,tv
1374,brainwashing
1374,70mm
1374,murder
1374,space opera
1374,franchise
1374,leonard nimoy
1374,futuristmoviescom
1374,star trek
1374,sequel better than original
1374,william shatner
1374,seen at the cinema
1374,tos
1374,sacrifice
1374,gene roddenberry
1374,ricardo montalban
1374,saturn award (best actor)
1374,saturn award (best director)
1374,revenge as motive
1374,space station
1374,scope
1374,pg:violence
1374,noise in space
1374,paramount
1374,far future
1375,tv
1375,owned
1375,70mm
1375,fiction
1375,franchise
1375,leonard nimoy
1375,christopher lloyd
1375,star trek
1375,william shatner
1375,seen at the cinema
1375,gene roddenberry
1375,far future
1375,star
1376,time travel
1376,boring
1376,tv
1376,70mm
1376,cant remember
1376,whales
1376,franchise
1376,leonard nimoy
1376,futuristmoviescom
1376,star trek
1376,sequel better than original
1376,william shatner
1376,dissapointing
1376,seen at the cinema
1376,environmental
1376,gene roddenberry
1376,saturn award (best costumes)
1376,animal:whale
1376,tv spinoff
1376,recorded
1377,crime
1377,action
1377,fantasy
1377,superhero
1377,tim burton
1377,bibliothek
1377,action packed
1377,comic
1377,batman
1377,christopher walken
1377,dc
1377,franchise
1377,comic book adaption
1377,michelle pfeiffer
1377,action martialarts revenge
1377,light
1377,childhood classics
1377,seen at the cinema
1377,alter ego
1377,clv
1377,adapted from:comic
1377,dc comics
1377,villain:penguin
1377,batman (series)
1378,funny
1378,k movie
1379,nudity (rear)
1380,overrated
1380,classic
1380,family
1380,musical
1380,70mm
1380,girlie movie
1380,cars
1380,high school
1380,crap
1380,good music
1380,john travolta
1380,chick flick
1380,teen
1380,rock and roll
1380,great acting
1380,directorial debut
1380,wired 50 greatest soundtracks
1380,bought the dvd
1380,sexist
1380,childhood classic
1380,library
1380,want to own
1380,1950s
1380,adapted from bway
1380,randal kleiser
1381,musical
1381,70mm
1381,high school
1381,afternoon section
1385,steven seagal
1387,imdb top 250
1387,classic
1387,seen more than once
1387,tense
1387,creepy
1387,steven spielberg
1387,animal attacks
1387,monster
1387,shark
1387,franchise
1387,bfi modern classic
1387,erlends dvds
1387,gfei own it
1387,afi 100
1387,halloween movie
1387,speilberg
1387,afi 100 (movie quotes)
1387,afi 100 (thrills)
1387,national film registry
1387,tumeys dvds
1387,to see
1387,ominous
1387,visceral
1387,menacing
1387,man vs beast
1387,buy
1387,animal horror
1388,sequel
1388,animal attacks
1388,shark
1388,franchise
1388,not bad sequel
1389,shark
1389,franchise
1389,no rec
1390,us president
1391,funny
1391,aliens
1391,stupid
1391,marlon brando
1391,tim burton
1391,nice
1391,ensemble cast
1391,seen more than once
1391,jack nicholson
1391,pierce brosnan
1391,lame ending
1391,alien invasion
1391,saturn award (best music)
1391,two hours of suck
1392,want to see again
1392,underrated
1392,directorial debut
1393,comedy
1393,sports
1393,tom cruise
1393,girlie movie
1393,chick flick
1393,okay
1393,oscar (best supporting actor)
1393,ari
1393,oscar winner
1393,seen at the cinema
1393,renee zellweger
1393,afi 100 (movie quotes)
1393,agent
1393,tumeys vhs
1393,seen
1393,seen 2008
1393,scientologist
1394,comedy
1394,coen brothers
1394,satirical
1394,quirky
1394,nicolas cage
1394,witty
1394,classic
1394,cant remember
1394,goofy
1394,afternoon section
1394,afi 100 (laughs)
1394,madcap
1394,deadpan
1394,creative
1394,frantic
1394,offbeat comedy
1394,hard to rate (personal)
1394,arizona
1394,escape from prison
1394,unlikely criminals
1395,relationships
1395,forgettable
1395,salespeople
1396,computers
1396,heist
1396,stupid
1396,great actors
1396,spying
1396,black comedy
1396,hackers
1396,weak ending
1396,hacking
1396,hacker
1396,computer cracker
1396,must show
1398,hemingway
1399,robert de niro
1399,leonardo dicaprio
1399,meryl streep
1399,diane keaton
1401,racism
1401,hw drama
1404,must see again
1405,idiotic
1405,stupid
1405,great soundtrack
1405,directorial debut
1405,best war films
1405,mike judge
1405,buddy movie
1406,satirical
1406,witty
1406,tense
1406,cynical
1406,library vhs
1406,class differences
1406,deliberate
1406,biting
1406,servants and employers
1406,living with disability
1406,womens friendship
1407,mental illness
1407,seen more than once
1407,high school
1407,spoof
1407,teen
1407,united states
1407,slasher
1407,wes craven
1407,fun movie
1407,seen at the cinema
1407,killing
1407,scary funny
1408,70mm
1408,pg13
1408,adapted from:book
1408,madeleine stowe
1408,daniel daylewis
1408,tumeys dvds
1408,tribal
1409,william hurt
1409,favorites
1409,bob hoskins
1409,andie macdowell
1411,70mm
1411,murder
1411,shakespeare
1411,kenneth branagh
1411,brian
1411,darrin
1411,adultery
1411,want to own
1411,based on a play
1411,playwright:shakespeare
1411,adapted from:play
1411,tumeys vhs
1412,directorial debut
1412,aidan gillen
1413,oppl
1413,not corv lib
1416,history
1416,music
1416,boring
1416,dramatic
1416,politics
1416,musical
1416,argentina
1416,not seen
1416,antonio banderas
1416,madonna
1416,opera
1416,adapted from bway
1417,bibliothek
1417,john malkovich
1419,intimate
1419,criterion
1419,reflective
1419,70s
1419,coming of age
1419,passionate
1419,affectionate
1419,australia
1419,enigmatic
1419,lyrical
1419,tumeys dvds
1419,visceral
1419,kids in trouble
1422,bibliothek
1423,vietnam
1423,in netflix queue
1425,john cleese
1425,jamie lee curtis
1425,zoo
1425,scope
1427,cant remember
1429,jackie chan
1429,hong kong
1431,ninja
1431,movie to see
1431,chris farley
1431,ub recommended
1438,funny
1438,thriller
1438,predictable movie
1438,disaster
1438,family drama
1438,very interesting
1438,pierce brosnan
1438,natural disaster
1438,catastrophe
1438,seen at the cinema
1438,dont know
1438,utter shit
1438,bom
1440,samuel l jackson
1440,nicolas cage
1441,funny
1441,comedy
1441,johnny depp
1441,mental illness
1441,quirky
1441,romance
1441,drama
1441,want to see again
1441,dvd
1441,romantic comedy
1441,seen more than once
1441,love story
1441,unrealistic
1441,sweet
1441,whimsical
1441,eccentricity
1441,dumb but funny
1441,dvdvideo
1441,dont know
1442,biography
1442,true story
1442,olympics
1442,track and field
1445,dean stockwell
1445,tim curry
1445,debra messing
1446,childhood
1446,in netflix queue
1446,cellos
1446,historical
1446,funeral
1446,1980s
1446,abandonment
1446,parrots
1446,library
1446,motherson relationship
1446,library vhs
1446,violin
1446,musicians
1446,movie theatre
1446,arranged marriages
1446,going west
1446,soviet union
1446,graveyard
1446,spinning top
1446,guardian
1447,nudity (topless)
1449,farce
1449,satirical
1449,quirky
1449,witty
1449,musical
1449,silly
1449,mockumentary
1449,affectionate
1449,christopher guest
1449,small town
1449,deadpan
1449,j netflix
1449,hysterical
1449,rent
1449,theatre
1450,russian
1454,suburbia
1454,based on a play
1454,minimalist
1456,john leguizamo
1457,las vegas
1457,bibliothek
1459,clint eastwood
1459,president
1459,cant remember
1459,hillarious comedy
1459,gene hackman
1459,hw drama
1459,us president
1459,white house
1461,funny
1461,las vegas
1464,surreal
1464,strange
1464,nonlinear
1464,david lynch
1464,bibliothek
1464,los angeles
1464,disturbing
1464,erlends dvds
1464,very interesting
1464,very clever
1464,own
1464,art house
1464,awful awards
1464,hulu
1464,5 stars
1464,seen
1465,don cheadle
1465,erics dvds
1465,hw drama
1465,not corv lib
1466,johnny depp
1466,on computer
1466,christmas
1466,owned
1466,new york city
1466,undercover cop
1466,fathers and sons
1466,legenda ptbr
1466,lion
1466,lions
1466,marriage
1466,al pacino
1466,own
1466,gfei own it
1466,1970s
1466,seen at the cinema
1466,clubs
1466,tumeys dvds
1466,dvdvideo
1466,my dvds
1466,washed up
1466,mother daughter relationship
1466,husbandwife relationship
1466,fathers and daughters
1466,photograph
1466,families in crisis
1466,must see again
1474,jungle
1475,courtesan
1476,biopic
1476,vhs
1476,biography
1476,true story
1476,own
1476,seen at the cinema
1476,rent
1477,hw drama
1479,boring
1479,adventure
1479,science
1479,val kilmer
1479,spy
1479,plot point:sudden scientific insight
1480,nudity (rear)
1483,creepy
1483,cars
1483,based on a book
1483,disturbing
1483,stylized
1483,reflective
1483,bfi modern classic
1483,poor dialogue
1483,david cronenberg
1483,enigmatic
1483,nc17
1483,cronenberg
1483,ohsoso
1483,ominous
1483,disambiguation:crash (1996/2004)
1483,death wish
1483,bisexual
1483,sadomasochistic
1483,prejudiced
1483,distorted sense of reality
1484,directorial debut
1485,funny
1485,comedy
1485,courtroom
1485,lions
1485,workplace
1485,marriage
1485,afternoon section
1485,foqam
1485,adultery
1485,lawyer
1485,fatherson relationship
1485,seen at the cinema
1485,over the top
1485,dvd1
1485,courtroom setting
1485,breakups and divorces
1485,airport
1485,lies
1485,work ethics
1485,rival suitor
1487,biography
1487,true story
1487,music business
1487,edward james olmos
1488,cant remember
1488,gfei own it
1489,cars
1496,adapted from:book
1496,sean bean lives
1496,author:leo tolstoy
1497,jeanclaude van damme
1498,joaquin phoenix
1499,seen at the cinema
1500,funny
1500,superhero
1500,mafia
1500,dark comedy
1500,hit men
1500,classic
1500,assassin
1500,jonossa
1500,unrealistic
1500,john cusack
1500,dialogue
1500,assassins
1500,good acting
1500,light
1500,rewatchable
1500,hilarity
1500,killerasprotagonist
1500,reunion
1500,belivability
1502,nudity (full frontal)
1502,necrophilia
1507,cate blanchett
1507,glenn close
1507,frances mcdormand
1507,netwatch
1509,lesbian
1509,less than 300 ratings
1509,blah
1509,teddy award
1513,comedy
1513,high school
1513,chick flick
1513,teen
1513,fashion
1513,guilty pleasure
1513,blonde
1513,1980s
1513,irreverent
1513,affectionate
1513,light
1513,seen at the cinema
1513,reunion
1513,janeane garofalo
1513,bright
1515,family bonds
1515,father daughter relationship
1515,don cheadle
1515,unintentional comedy
1517,satire
1517,mike myers
1517,seen more than once
1517,james bond
1517,spoof
1517,underrated
1517,screwball
1517,parody
1517,watch the credits
1517,hillarious
1517,australia
1517,bond james bond
1517,related:007 (series)
1517,dont remember
1517,jay roach
1519,less than 300 ratings
1526,robin williams
1526,bibliothek
1526,billy crystal
1527,aliens
1527,futuristic
1527,satirical
1527,scifi
1527,owned
1527,dvd
1527,seen more than once
1527,ok
1527,bruce willis
1527,very funny
1527,cant remember
1527,milla
1527,stylized
1527,parody
1527,luc besson
1527,campy
1527,milla jovovich
1527,gary oldman
1527,futuristmoviescom
1527,genre spoof
1527,want it
1527,great
1527,not bad
1527,sucks
1527,seen at the cinema
1527,watchagain
1527,my dvds
1527,to see
1527,frantic
1527,dystopic future
1527,great visuals
1527,strong romantic subplot
1527,fiona shaw
1527,bright
1527,homelist1
1531,lesbian
1531,less than 300 ratings
1531,depression
1537,japan
1541,comedy
1541,romance
1541,spying
1541,camera obscura
1541,matthew broderick
1542,in netflix queue
1542,k movie
1544,boring
1544,dinosaurs
1544,seen more than once
1544,70mm
1544,steven spielberg
1544,franchise
1544,julianne moore
1544,foqam
1544,richard attenborough
1544,jeff goldblum
1544,seen at the cinema
1544,michael crichton
1544,divx1
1544,read the book
1544,lost child
1545,quirky
1545,dreamlike
1545,intimate
1545,understated
1545,death
1545,abandonment
1545,cathartic
1545,elegiac
1546,quirky
1546,witty
1546,silly
1546,cerebral
1546,goofy
1546,enigmatic
1546,deadpan
1547,dogs
1549,russell crowe
1552,aviation
1552,prison
1552,nicolas cage
1552,airplane
1552,jerry bruckheimer
1552,convicts
1552,afternoon section
1552,great actions
1552,steve buscemi
1552,john malkovich
1552,seen at the cinema
1552,simon west
1554,artistic
1554,romance
1554,poetry
1554,dark
1554,assassin
1554,murder
1554,full frontal nudity
1554,library
1554,beautifully filmed
1554,literary adaptation
1554,autobiographical
1554,poetic
1554,library vhs
1554,bechdel test:fail
1554,hypertextual
1555,not available from netflix
1556,stupid as hell
1556,sequel
1556,speed
1556,keanu reeves
1556,crappy sequel
1556,bad sequel
1556,sandra bullock
1556,no rec
1556,sequel:worse
1556,jan de bont
1558,adrienne shelly
1562,superhero
1562,george clooney
1562,arnold schwarzenegger
1562,dc
1562,bank robbery
1562,franchise
1562,camp
1562,uma thurman
1562,alter ego
1562,adapted from:comic
1562,dc comics
1566,disney
1566,kids and family
1566,own
1566,heroes
1566,myth
1566,classical studies
1567,keanu reeves
1568,teddy award
1569,julia roberts
1569,girlie movie
1569,pg13
1569,wedding
1569,afternoon section
1569,cameron diaz
1569,useless
1569,rupert everett
1569,dermot mulroney
1569,flick
1569,my dvds
1569,central event:wedding preparation
1569,love triangles
1569,weddings
1569,scope
1569,karaoke
1569,gay friend
1569,jealousy
1570,cult film
1572,satirical
1572,bibliothek
1572,based on a book
1572,filmmaking
1572,criterion
1572,reflective
1572,cynical
1572,talky
1572,library vhs
1572,dvdram
1572,literate
1572,deliberate
1572,biting
1572,work ethics
1572,crumbling marriages
1572,creative block
1573,nicholas cage
1573,stupid
1573,nicolas cage
1573,want to see again
1573,switching places
1573,ridiculous
1573,erlends dvds
1573,guns
1573,afternoon section
1573,john woo
1573,seen at the cinema
1573,divx1
1573,dvdvideo
1573,transplants
1573,tumeys vhs
1580,action
1580,sequel
1580,aliens
1580,alien
1580,scifi
1580,adventure
1580,conspiracy
1580,seen more than once
1580,mel gibson
1580,good dialogues
1580,will smith
1580,classic comedy
1580,very funny
1580,enjoyable
1580,foqam
1580,cool but freaky
1580,rip torn
1580,vincent donofrio
1580,oscar winner
1580,seen at the cinema
1580,want
1580,saturn award (best music)
1580,oscar (best makeup)
1580,tumeys dvds
1580,adapted from:comic
1580,policial
1580,subgenre:buddies
1580,sf
1580,barry sonnenfeld
1584,existentialism
1584,slow
1584,space
1584,aliens
1584,scifi
1584,boring
1584,space travel
1584,dvd
1584,inspirational
1584,bibliothek
1584,seen more than once
1584,too long
1584,jodie foster
1584,future
1584,religion
1584,based on a book
1584,adapted from:book
1584,unrealistic
1584,science
1584,ridiculous
1584,futuristmoviescom
1584,beautiful
1584,mom
1584,dad
1584,alan
1584,judy
1584,seth
1584,seen at the cinema
1584,outer space
1584,literary adaptation
1584,dvdvideo
1584,clv
1584,seen
1584,astronomy
1584,sf
1584,open ending
1584,strong woman
1584,blunt existentialism
1586,military
1586,nudity (rear)
1586,demi moore
1586,feminism
1586,women
1586,ridley scott
1586,golden raspberry (worst actress)
1587,action
1587,nudity (topless)
1587,fighting
1587,adventure
1587,arnold
1587,science fiction
1587,dvd
1587,classic
1587,crap
1587,arnold schwarzenegger
1587,clearplay
1587,pulp
1587,muscle
1587,blood
1587,swords
1587,schwarzenegger
1587,crom
1587,simple
1587,friday night movie
1587,brutality
1587,sword and sorcery
1589,corruption
1589,drama
1589,sylvester stallone
1589,robert de niro
1589,action packed
1589,cant remember
1589,stallone
1589,ray liotta
1589,seen at the cinema
1589,exciting
1589,pretty good
1590,nudity (topless)
1590,space
1590,scifi
1590,boring
1590,dark
1590,violent
1590,owned
1590,classic
1590,bloody
1590,future
1590,scifi dark
1590,crap
1590,death
1590,hell
1590,hallucination
1590,tumeys dvds
1590,dont know
1590,scary as hell
1590,slow moving
1593,bibliothek
1593,jennifer aniston
1594,misogyny
1595,animal:whale
1597,mystery
1597,gay
1597,julia roberts
1597,bibliothek
1597,conspiracy
1597,mel gibson
1597,clearplay
1597,afternoon section
1597,patrick stewart
1597,thoughtprovoking
1597,seen
1599,shaquille oneal
1599,dc comics
1603,guillermo del toro
1604,easygoing
1604,tense
1604,light
1604,unlikely friendships
1604,members of the press
1604,chris tucker
1604,upbeat
1605,cant remember
1605,hw comedy
1605,dvdvideo
1606,pulp
1608,aviation
1608,president
1608,secret service
1608,harrison ford
1608,terrorism
1608,erlends dvds
1608,gary oldman
1608,usa
1608,flight
1608,wolfgang petersen
1608,us president
1608,america porn
1609,samuel l jackson
1610,action
1610,on disc
1610,katso sanna
1610,dvd
1610,seen more than once
1610,tense
1610,sean connery
1610,70mm
1610,based on a book
1610,cant remember
1610,submarine
1610,tom clancy
1610,usa
1610,dad
1610,forceful
1610,based on book
1610,claustrophobic
1610,want
1610,ominous
1610,netflix instant watching
1610,jack ryan
1610,books
1610,hungary
1610,mind games
1610,rousing
1610,uss enterprise (cvn65)
1610,ussr
1611,nudity (topless)
1611,keanu reeves
1611,gay
1611,shakespeare
1611,rebellion
1611,coming of age
1611,updated classics
1611,gus van sant
1611,river phoenix
1615,nature
1615,wilderness
1615,bears
1616,george clooney
1616,cant remember
1616,nicole kidman
1616,afternoon section
1616,futuristmoviescom
1616,directorial debut
1616,jim haynie
1616,seen at the cinema
1616,dont remember
1617,crime
1617,oscar (best supporting actress)
1617,imdb top 250
1617,want to see again
1617,conspiracy
1617,clearplay
1617,bfi modern classic
1617,russell crowe
1617,guy pearce
1617,get
1617,want it
1617,delights
1617,almost favorite
1617,erics dvds
1617,tumeys dvds
1617,film theory & criticism
1617,rent
1617,scope
1617,noirish
1619,biopic
1619,history
1619,brad pitt
1619,wartime
1619,great cinematography
1619,colonialism
1619,book
1619,mountain climbing
1619,my dvds
1620,twist ending
1620,based on a book
1620,morgan freeman
1624,hw drama
1625,action
1625,twist ending
1625,psychological
1625,mindfuck
1625,unrealistic
1625,erlends dvds
1625,david fincher
1625,seen at the cinema
1625,erics dvds
1625,tumeys dvds
1625,bore
1625,privacy
1625,empty
1625,cinematographer:harris savides
1626,pollution
1627,black comedy
1627,sean penn
1627,infidelity
1627,based on a book
1627,notable nudity
1627,oliver stone
1627,joaquin phoenix
1627,seen at the cinema
1627,betrayal
1627,my movies
1628,less than 300 ratings
1629,janeane garofalo
1631,spies
1632,greg kinnear
1633,drama
1635,suburbia
1635,ang lee
1635,dvd
1635,bibliothek
1635,fathers and sons
1635,not seen
1635,bleak
1635,understated
1635,first love
1635,erlends dvds
1635,tobey maguire
1635,ari
1635,abe
1635,knoll
1635,gloomy
1635,1970s
1635,best movies ever
1635,hw drama
1635,tumeys dvds
1635,to see
1635,extramarital affairs
1635,literate
1635,austere
1635,fathers and daughters
1635,moody
1635,elegiac
1635,wintry
1635,modern life
1639,funny
1639,sexy
1639,lesbian
1639,gay
1639,seen more than once
1639,love story
1639,cant remember
1639,romantic
1639,criterion
1639,sexuality
1639,view askew
1639,own
1639,hillarious
1641,funny
1641,england
1641,vhs
1641,seen more than once
1641,working class
1641,stripping
1641,humane
1641,disco
1641,actually funny
1641,seen at the cinema
1643,england
1643,biographical
1644,overshown
1645,keanu reeves
1645,nudity (full frontal)
1645,al pacino
1645,blaspheme
1645,seen at the cinema
1645,tumeys dvds
1645,lawyers
1645,impressive
1646,oscar (best directing)
1648,dark comedy
1648,black comedy
1648,hw comedy
1648,mental imbalance
1649,robots
1649,lions
1649,topiary
1649,moles
1650,adapted from:book
1650,hw drama
1650,library vhs
1650,author:henry james
1650,henry james
1653,dystopia
1653,eugenics
1653,on disc
1653,scifi
1653,boring
1653,space travel
1653,interesting
1653,super interesting
1653,bibliothek
1653,powerful ending
1653,future
1653,jude law
1653,visual
1653,genetics
1653,realistic sci/fi
1653,pg13
1653,rebellion
1653,uma thurman
1653,futuristmoviescom
1653,distopia
1653,get
1653,own
1653,directorial debut
1653,library
1653,watch
1653,want to own
1653,biology
1653,uma thruman
1653,to see
1653,institutions
1653,dystopic future
1653,survellience
1653,seen
1653,well plotted
1653,discrimination
1653,sf
1655,based on a book
1655,dean koontz
1656,less than 300 ratings
1656,teen
1658,bibliothek
1658,seen more than once
1658,tumeys dvds
1658,offbeat comedy
1660,samuel l jackson
1660,not corv lib
1660,recorded
1663,bill murray
1663,military
1663,east germany
1663,military recruits/training
1663,bechdel test:fail
1665,funny
1665,terrible
1670,want to see again
1672,on computer
1672,in netflix queue
1672,exceptional acting
1672,matt damon
1672,based on a book
1672,john grisham
1672,francis ford coppola
1672,claire danes
1672,mickey rourke
1672,dean stockwell
1672,teresa wright
1672,danny devito
1672,jon voight
1673,drugs
1673,pt anderson
1673,philip seymour hoffman
1673,dark comedy
1673,ensemble cast
1673,classic
1673,seen more than once
1673,paul thomas anderson
1673,70s
1673,erlends dvds
1673,julianne moore
1673,wired 50 greatest soundtracks
1673,1970s
1673,full frontal nudity
1673,mark wahlberg
1673,pornographys influence
1673,homage
1673,tumeys dvds
1673,to see
1673,porn industry
1673,plot:making adult/pornographic films
1673,murder/fatality
1673,movie business
1673,pornography
1673,scope
1673,who cares dvds
1674,murder
1674,harrison ford
1674,awfuljust awful
1674,character study
1674,ethical
1674,tumeys dvds
1674,amish
1675,less than 300 ratings
1676,satire
1676,nudity (topless)
1676,fascism
1676,space
1676,aliens
1676,military
1676,battles
1676,futuristic
1676,witty
1676,future
1676,based on a book
1676,adapted from:book
1676,stark
1676,so bad its good
1676,sweeping
1676,campy
1676,erlends dvds
1676,futuristmoviescom
1676,irreverent
1676,seen at the cinema
1676,over the top
1676,deadpan
1676,menacing
1676,biting
1676,author:robert heinlein
1676,paul verhoeven
1676,repetitive
1676,robert heinlein
1676,bug hunt
1677,black comedy
1677,based on a book
1677,hospital
1677,euthanasia
1677,insurance
1678,based on a book
1678,adapted from:book
1678,culture
1678,based on book
1679,imdb bottom 100
1680,nonlinear
1680,seen more than once
1680,alternate universe
1680,remake
1680,chick flick
1680,great concept
1680,male female relationship
1680,hypertextual
1680,subway
1680,r:sexuality
1680,r:language
1680,coproduction
1681,video game adaptation
1681,martial arts
1681,computer game
1681,video game connection
1681,adapted from:game
1682,dystopia
1682,great movie
1682,tv show
1682,fantasy
1682,slavery
1682,jim carrey
1682,dark comedy
1682,tv
1682,tragedy
1682,drama
1682,want to see again
1682,product placement
1682,witty
1682,owned
1682,seen more than once
1682,dreamlike
1682,philosophy
1682,life in general
1682,social control
1682,stylized
1682,loss
1682,cerebral
1682,voyeurism
1682,social commentary
1682,television
1682,very interesting
1682,get
1682,own
1682,acting
1682,melancholy
1682,poignant
1682,seen at the cinema
1682,paranoia
1682,small town
1682,reality tv
1682,simulated reality
1682,saturn award (best writing)
1682,ohsoso
1682,facebook rec
1682,surrealpanos
1682,surveillance
1682,strong director
1682,capraesque
1682,twins
1682,freedom
1682,utopia
1682,see also:the truman show
1682,peter weir
1682,original plot
1682,husbandwife relationship
1682,advertising
1682,fanciful
1682,well plotted
1682,phobias
1682,actors life
1682,television show
1682,insularity
1682,brief encounters
1682,facades
1682,voyeurs
1683,henry james
1684,adapted from:book
1684,hw drama
1684,library vhs
1684,author:virginia woolf
1684,virginia woolf
1685,jude law
1685,want to own
1685,jewish identity
1686,richard gere
1687,bruce willis
1688,disney animated feature
1688,christopher lloyd
1688,children cartoon
1688,russia
1688,bearable disney
1690,dystopia
1690,horror
1690,space
1690,aliens
1690,scifi
1690,owned
1690,dvd
1690,bibliothek
1690,scifi dark
1690,cool
1690,franchise
1690,erlends dvds
1690,slash
1690,alien series
1690,jeunet
1690,not bad sequel
1690,erics dvds
1690,tumeys dvds
1690,dvdvideo
1690,dystopic future
1690,no women
1690,who cares dvds
1693,slavery
1693,boring
1693,adventure
1693,drama
1693,want to see again
1693,owned
1693,united states
1693,erlends dvds
1693,morgan freeman
1693,my movies
1694,dvdvideo
1694,revival
1694,pentecostal
1694,df
1694,absolutely awsome great actor
1695,period drama
1696,gay
1696,ian mckellen
1699,quirky
1699,tense
1699,creepy
1699,disturbing
1699,fathers and sons
1699,underrated
1699,mothers and sons
1699,kids in trouble
1699,chilly
1701,woody allen
1701,dvdvideo
1702,robin williams
1702,absentminded professor
1704,robin williams
1704,mathematics
1704,owned
1704,psychology
1704,genius
1704,math
1704,seen more than once
1704,matt damon
1704,good romantic comedies
1704,clearplay
1704,college
1704,university
1704,own
1704,oscar (best supporting actor)
1704,ben affleck
1704,want it
1704,school drama
1704,gus van sant
1704,great screenplays
1704,need to see
1704,psychiatrist as protagonist
1704,oscar:screenplay
1704,academia
1704,subscription
1704,my movies
1704,thoughtful
1707,okay
1707,no rec
1711,jude law
1711,adapted from:book
1711,john cusack
1711,jack thompson
1711,great cast
1711,want to own
1713,violent
1713,directorial debut
1713,cinematographer:phedon papamichael
1717,great movie
1717,horrible
1717,sequel
1717,school
1717,crap horror
1717,spoof
1717,crap
1717,ok
1717,parody
1717,bad
1717,slasher
1717,seen at the cinema
1717,bullshit
1717,ewww
1717,selfaware
1719,ghosts/afterlife
1719,based on a book
1719,incest
1719,nudity (full frontal)
1719,bleak
1719,meditative
1719,death
1719,kate
1719,canada
1719,need to own
1719,enigmatic
1719,small town
1719,lyrical
1719,elegiac
1719,wintry
1721,time travel
1721,action
1721,oscar (best directing)
1721,titanic
1721,oscar (best picture)
1721,romance
1721,drama
1721,want to see again
1721,true story
1721,seen more than once
1721,too long
1721,love
1721,oscar (best cinematography)
1721,70mm
1721,girlie movie
1721,good romantic comedies
1721,love story
1721,leonardo dicaprio
1721,chick flick
1721,disaster
1721,sweeping
1721,predictable
1721,historical
1721,kate winslet
1721,james cameron
1721,bittersweet
1721,atmospheric
1721,nostalgic
1721,own
1721,favorites
1721,sentimental
1721,lavish
1721,ocean
1721,catastrophe
1721,seen at the cinema
1721,almost favorite
1721,tearjerking
1721,afi 100 (movie quotes)
1721,afi 100 (thrills)
1721,shipwreck
1721,elegiac
1721,big budget
1721,my movies
1721,buy
1722,bond
1722,assassin
1722,james bond
1722,70mm
1722,murder
1722,franchise
1722,spy
1722,pierce brosnan
1722,foqam
1722,seen at the cinema
1722,saturn award (best actor)
1722,killer as protagonist
1722,007 (series)
1725,owned
1726,nudity (topless)
1726,boring
1726,post apocalyptic
1726,nudity (rear)
1726,based on a book
1726,cant remember
1726,the book was better
1726,golden raspberry (worst picture)
1726,golden raspberry (worst actor)
1727,horrible
1727,owned
1727,chick flick
1727,horses
1727,robert redford
1727,seen at the cinema
1729,violence
1729,quentin tarantino
1729,boring
1729,samuel l jackson
1729,quirky
1729,gay
1729,bibliothek
1729,nudity (rear)
1729,conspiracy
1729,gangsters
1729,robert de niro
1729,tense
1729,jack nicholson
1729,tarantino
1729,great acting
1729,quinten tarantino
1729,own
1729,forceful
1729,seen at the cinema
1729,great music
1729,tarantino is god
1729,talky
1729,erics dvds
1729,tumeys dvds
1729,my dvds
1729,katsomattomat
1729,gritty
1729,drab
1729,my movies
1729,plan
1729,contemplative
1729,bmf
1730,martin scorsese
1730,colonialism
1730,erlends dvds
1730,seen at the cinema
1730,tumeys dvds
1730,scorcese
1731,leslie neilsen
1732,comedy
1732,drugs
1732,easygoing
1732,violence
1732,coen brothers
1732,philip seymour hoffman
1732,imdb top 250
1732,satirical
1732,dark comedy
1732,funniest movies
1732,quirky
1732,want to see again
1732,dvd
1732,bibliothek
1732,classic
1732,cult film
1732,black comedy
1732,marijuana
1732,nudity (full frontal)
1732,cant remember
1732,father daughter relationship
1732,must see
1732,volkswagen
1732,great use of music
1732,john turturro
1732,bowling
1732,john goodman
1732,jeff bridges
1732,steve buscemi
1732,cameos
1732,friday night movie
1732,madcap
1732,seen at the cinema
1732,watchagain
1732,wheelchair
1732,mistaken identity
1732,deadpan
1732,talky
1732,tumeys dvds
1732,highly quotable
1732,porn industry
1732,chandleresque
1732,amateur detective
1732,bechdel test:fail
1732,sport:10 pin bowling
1732,murder/fatality
1732,tumeys to see again
1732,seen
1732,mistaken identities
1732,fathers and daughters
1732,veterans
1732,likeilike top pick
1732,porn stars
1732,castration
1732,beetle
1732,my movies
1732,amateur sleuths
1732,racy
1732,jo list
1733,bibliothek
1734,queer
1734,glbt
1734,transgender
1734,smart kids
1735,based on a book
1735,adapted from:book
1735,author:charles dickens
1735,charles dickens
1735,telecine
1739,loni anderson
1739,hulk hogan
1739,imdb bottom 100
1747,satire
1747,comedy
1747,fun
1747,corruption
1747,on dvr
1747,gay
1747,robert de niro
1747,seen more than once
1747,politics
1747,black comedy
1747,based on a book
1747,not seen
1747,dustin hoffman
1747,confusing
1747,seen at the cinema
1747,good idea
1747,how world works
1747,political repression
1748,dystopia
1748,surreal
1748,nudity (topless)
1748,fantasy
1748,aliens
1748,scifi
1748,post apocalyptic
1748,in netflix queue
1748,dark
1748,dreamlike
1748,creepy
1748,mindfuck
1748,noir
1748,not seen
1748,stylized
1748,dark fantasy
1748,erlends dvds
1748,deep
1748,atmospheric
1748,futuristmoviescom
1748,gfei own it
1748,eerie
1748,thoughtprovoking
1748,hallucinatory
1748,hot women
1748,speculative fiction
1748,jennifer connelly
1748,innovative
1748,rewatchable
1748,seen at the cinema
1748,amnesia
1748,claustrophobic
1748,kiefer sutherland
1748,dvdvideo
1748,somber
1748,my dvds
1748,proyas
1748,scope
1748,nocturnal
1748,cinematographer:dariusz wolski
1748,noirish
1749,less than 300 ratings
1752,morgan freeman
1753,comedy
1753,drugs
1753,nudity (topless)
1753,marijuana
1753,stoner comedy
1754,owned
1754,religion
1754,unreliable narrators
1755,owned
1755,con artists
1757,assassination
1757,great soundtrack
1757,hit men
1757,product placement
1757,assassin
1757,love
1757,stylized
1757,motorcycle
1757,pigs
1757,urbane
1757,assassins
1757,favorites
1757,urban
1757,eerie
1757,smoking
1757,fatherson relationship
1757,debt collection
1757,masturbation
1757,subway
1757,ice cream
1757,mute
1757,nocturnal
1757,moody
1757,elegiac
1757,video camera
1757,bar
1757,jukebox
1760,true story
1760,embarassed to watch
1760,awful awards
1760,no rec
1760,awesinine
1760,golden raspberry (worst actress)
1762,on disc
1765,less than 300 ratings
1767,jude law
1767,want to own
1769,guns
1769,directorial debut
1770,nudity (topless)
1770,jazz
1770,based on a book
1770,dvdr
1770,dvdram
1772,sequel
1772,owned
1772,seen more than once
1772,sequels
1772,john landis
1772,friday night movie
1772,likeilike top pick
1773,boxing
1777,funny
1777,drew barrymore
1777,seen more than once
1777,chick flick
1777,cant remember
1777,1980s
1777,adam sandler
1777,want
1777,buscemi
1779,on disc
1779,scifi
1779,samuel l jackson
1779,terrible
1779,adaptation
1779,based on a book
1779,didnt see
1779,not seen
1779,underrated
1779,submarine
1779,mind
1779,underwater
1779,futuristmoviescom
1779,torent
1779,based on book
1779,michael crichton
1779,decent
1779,crichton
1783,boring
1784,funny
1784,comedy
1784,oscar (best actress)
1784,oscar (best actor)
1784,classic
1784,psychology
1784,seen more than once
1784,jack nicholson
1784,helen hunt
1784,relationships
1784,oscar winner
1784,seen at the cinema
1784,watchagain
1784,need to buy
1784,neurosis
1784,to see
1784,ratedpg13
1784,obsessive compulsive disorder
1784,gay friend
1784,greg kinnear
1784,james l brooks
1784,nicholson
1785,crime
1785,christopher walken
1785,na
1785,cinematographer:bojan bazelli
1785,abel ferrara
1789,movie to see
1791,gene hackman
1792,seen at the cinema
1797,in netflix queue
1797,seen more than once
1797,mountain climbing
1797,mountains
1799,mafia
1799,black comedy
1799,christopher walken
1799,te kijken
1801,boring
1801,adventure
1801,seen more than once
1801,remake
1801,paris
1801,france
1801,leonardo dicaprio
1801,john malkovich
1801,jeremy irons
1801,gabriel byrne
1801,gerard depardieu
1801,swashbuckler
1801,monarchy
1801,versailles
1801,mask
1804,understated
1804,nostalgic
1804,sentimental
1804,earnest
1804,trains
1805,nudity (topless)
1805,lesbian
1805,drama
1805,pulp
1805,get
1805,seen at the cinema
1805,to see
1806,animals die :(
1807,less than 300 ratings
1809,police
1809,painter
1809,guilt
1809,drama
1809,violent
1809,bloody
1809,japan
1809,family
1809,visual
1809,terminal illness
1809,yakuza
1809,takeshi kitano
1809,cancer
1809,bank robbery
1809,snow
1809,art
1809,money
1809,bittersweet
1809,art house
1809,blood gore
1809,wheelchair
1809,loneliness
1809,library vhs
1809,excop
1809,disability
1809,hospital
1809,flowers
1809,husbandwife relationship
1809,breakups and divorces
1809,deceased family member
1809,doctors and patients
1809,on the road
1810,politics
1810,new york city
1810,based on a book
1810,atmospheric
1810,scandal
1810,media
1810,1990s
1810,politicians
1810,propaganda
1810,new orleans
1810,oscar nominee: adapted screenplay
1810,extramarital affairs
1810,scope
1810,hairdresser
1810,disillusionment
1810,oscar nominee: supporting actress
1810,seen 2008
1810,r:strong language
1810,coproduction
1812,m night shyamalan
1815,less than 300 ratings
1816,cant remember
1816,group sex
1819,robyn hitchcock
1821,gay
1821,bibliothek
1821,jennifer aniston
1822,dennis hopper
1822,john ashton
1827,dvd
1827,politics
1827,social commentary
1827,propaganda
1829,hong kong
1831,space
1831,william hurt
1831,gary oldman
1831,futuristmoviescom
1831,heather graham
1831,tv remake
1832,russell crowe
1833,autism
1833,bruce willis
1833,dont remember
1833,seen 2008
1833,golden raspberry (worst actor)
1834,twist ending
1834,netflix
1834,library vhs
1834,con men
1834,trust no one
1835,nicholas cage
1835,nicolas cage
1835,bibliothek
1835,the original is better
1835,seen at the cinema
1835,mawkish
1836,1970s
1837,jack lemmon
1837,walter matthau
1839,vin diesel
1840,nudity (topless)
1840,sports
1840,want to see again
1840,family
1840,basketball
1840,hw drama
1840,tumeys dvds
1841,nudity (full frontal)
1841,robert altman
1844,nudity (topless)
1844,tumeys dvds
1844,seen
1845,noir
1845,los angeles
1845,underrated
1845,own
1845,portland
1845,eccentricity
1845,offbeat comedy
1845,blackmail
1846,tumeys dvds
1853,golden raspberry (worst picture)
1855,stereotypes
1855,anthropology
1856,drugs
1856,conspiracy
1856,heroin
1856,punk rock
1856,musicians
1858,jackie chan
1859,understated
1859,criterion
1859,meditative
1859,golden palm
1859,enigmatic
1859,lyrical
1859,haunted by the past
1859,deliberate
1859,austere
1859,obsessive quests
1860,fantastic foreign films
1862,nudity (rear)
1862,nudity (full frontal)
1865,jazz
1865,concert
1865,musicians
1866,action
1866,offbeat comedy
1873,bibliothek
1873,adapted from:book
1873,uma thurman
1873,library vhs
1874,true love
1875,quirky
1875,understated
1875,workplace
1875,angry
1875,deliberate
1875,biting
1876,space
1876,scifi
1876,bibliothek
1876,seen more than once
1876,disaster
1876,science
1876,morgan freeman
1876,robert duvall
1876,futuristmoviescom
1876,foqam
1876,apocalypse
1876,catastrophe
1876,seen
1876,astronomy
1876,saab
1876,world end
1879,gay
1879,suicide
1879,toronto film festival winner
1881,cartoon
1881,cant remember
1881,ihq
1882,70mm
1882,monster
1882,jean reno
1882,matthew broderick
1883,funny
1883,drama
1883,politics
1883,crap
1883,good romantic comedies
1883,ennio morricone
1883,cant remember
1883,atmospheric
1883,left wing
1883,don cheadle
1883,bullshit
1884,comedy
1884,johnny depp
1884,drugs
1884,biopic
1884,terry gilliam
1884,satirical
1884,dvd
1884,based on a book
1884,disturbing
1884,adapted from:book
1884,gilliam
1884,hunter s thompson
1884,journalism
1884,psychedelic
1884,movie to see
1884,benicio del toro
1884,feelgood
1884,own
1884,irreverent
1884,bats
1884,vegas
1884,cynical
1884,hallucinatory
1884,seen at the cinema
1884,literary adaptation
1884,ohsoso
1884,frantic
1884,nightmare vacations
1884,gonzo
1884,cons and scams
1884,biting
1884,biographical view
1884,freedom from society
1884,my movies
1884,nothing goes right
1885,svens to see list
1887,history
1888,cant remember
1888,sandra bullock
1888,blindfold
1888,harry connick jr
1889,police
1889,nudity (topless)
1889,school
1889,murder
1889,disturbing
1889,bleak
1889,criterion
1889,erlends dvds
1889,conscience
1889,remade
1889,cynical
1889,police investigation
1889,writers life
1889,books
1889,moral ambiguity
1889,grim
1889,moody
1889,wintry
1891,flashbacks
1892,suspenseful
1892,based on a play
1892,bad remake
1893,in netflix queue
1894,boring
1894,adventure
1894,crap
1894,chick flick
1894,harrison ford
1894,mediocre
1895,party
1895,seth green
1895,taped
1897,lesbian
1899,artistic
1900,in netflix queue
1900,race
1900,iran
1900,brother sister relationship
1900,tehran
1901,gay
1901,politics
1901,homophobia
1902,bibliothek
1904,quirky
1904,understated
1904,stylized
1904,bittersweet
1904,earnest
1904,deadpan
1904,writers life
1904,unlikely friendships
1904,literate
1904,deliberate
1904,rise and fall stories
1904,eccentric families
1904,moody
1904,matteroffact
1907,disney animated feature
1907,ninja
1907,animation
1907,great soundtrack
1907,family
1907,musical
1907,70mm
1907,animated
1907,disney
1907,ok
1907,asian culture
1907,eddie murphy
1907,harvey fierstein
1907,pat morita
1907,chinese culture
1907,wholesome
1907,cartoons
1907,fun to watch
1907,nice movie
1907,no
1907,fabulous
1907,gender disguise
1907,heroine
1909,action
1909,aliens
1909,tv
1909,science fiction
1909,virus
1909,conspiracy
1909,movie to see
1909,xfiles
1909,seen at the cinema
1909,tv spinoff
1909,locusts
1909,gillian anderson
1911,dogs
1911,turd
1911,adapted from:book series
1912,heist
1912,bibliothek
1912,erlends dvds
1912,seen at the cinema
1912,oscar nominee: adapted screenplay
1912,tumeys dvds
1913,dreamlike
1913,understated
1913,criterion
1913,breathtaking
1913,eerie
1913,australia
1913,enigmatic
1913,literary adaptation
1913,ominous
1913,deliberate
1913,austere
1914,native americans
1914,directorial debut
1914,memorable
1916,quirky
1916,kidnapping
1916,erlends dvds
1916,directorial debut
1916,bowling
1916,christina ricci
1916,vincent gallo
1916,melancholy
1916,talky
1916,wry
1916,austere
1916,elegiac
1916,drab
1916,avantgarde romantic comedy
1917,archaeology
1917,space
1917,end of the world
1917,tense
1917,70mm
1917,liv tyler
1917,bruce willis
1917,disaster
1917,stylized
1917,unrealistic
1917,criterion
1917,turd
1917,afternoon section
1917,futuristmoviescom
1917,excellent soundscore
1917,ben affleck
1917,apocolypse
1917,apocalypse
1917,catastrophe
1917,oscar nominee
1917,divx1
1917,meteorite
1917,ominous
1917,space program
1917,michael bay
1917,rousing
1917,flashy
1917,big budget
1917,golden raspberry (worst actor)
1917,world end
1918,comedy
1918,action
1918,sequel
1918,mel gibson
1918,buddy
1918,want it
1918,subgenre:cop buddies
1918,big budget
1918,leslie neilsen
1919,school
1919,paris
1919,based on a book
1919,setting:paris
1919,boarding school
1919,adapted from:book series
1920,toys
1920,seen at the cinema
1921,maths
1921,god
1921,mental illness
1921,low budget
1921,great soundtrack
1921,mathematics
1921,dvd
1921,psychology
1921,darren aronofsky
1921,math
1921,seen more than once
1921,tense
1921,new york city
1921,religion
1921,black and white
1921,paranoid
1921,clearplay
1921,stylized
1921,cerebral
1921,board game
1921,wellmade
1921,own
1921,directorial debut
1921,gfei own it
1921,notable soundtrack
1921,without martha
1921,mnm
1921,need to own
1921,docudrama
1921,religious
1921,hallucinatory
1921,enigmatic
1921,go
1921,paranoia
1921,stock market
1921,divx1
1921,ominous
1921,fun with power tools
1921,aronofski
1921,pieni leffakauppa
1921,headache
1923,overrated
1923,fun
1923,easygoing
1923,boring
1923,vhs
1923,tv
1923,raunchy
1923,goofy
1923,ben stiller
1923,to watch soon
1923,cameron diaz
1923,jonathan richman
1923,afi 100 (laughs)
1923,sexual
1923,crude humor
1923,madcap
1923,seen at the cinema
1923,awful movie
1923,erics dvds
1923,avi
1923,hella cool
1924,humor
1924,ironic
1924,so bad its funny
1924,zombie
1924,cheesy
1924,tumeys dvds
1924,clv
1924,who cares dvds
1925,oscar (best picture)
1925,national film registry
1925,military recruits/training
1926,oscar (best picture)
1927,oscar (best directing)
1927,oscar (best picture)
1927,imdb top 250
1927,netflix instant
1927,based on a book
1927,erlends dvds
1927,afi 100
1927,world war i
1927,war movie
1927,literary adaptation
1927,national film registry
1927,best picture
1928,oscar (best picture)
1929,oscar (best picture)
1929,afi 100 (movie quotes)
1929,national film registry
1929,tumeys dvds
1930,oscar (best directing)
1930,oscar (best picture)
1930,based on a play
1930,noel coward
1931,oscar (best picture)
1931,afi 100
1931,clark gable
1931,charles laughton
1931,tumeys dvds
1931,best picture
1932,comedy
1932,biopic
1932,oscar (best actress)
1932,oscar (best picture)
1932,classic
1932,love
1932,musical
1932,circus
1932,broadway
1933,oscar (best picture)
1933,oscar (best supporting actor)
1933,national film registry
1934,oscar (best directing)
1934,oscar (best picture)
1934,corvallis library
1935,oscar (best directing)
1935,oscar (best picture)
1935,oscar (best cinematography)
1935,oscar (best supporting actor)
1935,national film registry
1936,oscar (best directing)
1936,england
1936,oscar (best actress)
1936,world war ii
1936,oscar (best supporting actress)
1936,oscar (best picture)
1936,oscar (best cinematography)
1936,teresa wright
1936,greer garson
1936,afi 100 (cheers)
1936,roses
1937,oscar (best directing)
1937,oscar (best actor)
1937,oscar (best picture)
1937,oscar (best supporting actor)
1937,bing crosby
1938,oscar (best directing)
1938,oscar (best actor)
1938,oscar (best picture)
1938,imdb top 250
1938,addiction
1938,bleak
1938,alcoholism
1938,golden palm
1938,forceful
1938,moving
1938,harsh
1938,cathartic
1938,grim
1938,downbeat
1938,matteroffact
1939,oscar (best directing)
1939,oscar (best actor)
1939,world war ii
1939,oscar (best picture)
1939,imdb top 250
1939,usa film registry
1939,oscar (best supporting actor)
1939,afi 100
1939,oppl
1939,almost favorite
1939,afi 100 (cheers)
1939,national film registry
1939,us history
1939,best picture
1939,veterans
1940,oscar (best directing)
1940,oscar (best supporting actress)
1940,oscar (best picture)
1940,gregory peck
1941,oscar (best actor)
1941,oscar (best picture)
1941,murder
1941,shakespeare
1941,criterion
1941,adultery
1941,based on a play
1941,tumeys dvds
1941,playwright:shakespeare
1941,adapted from:play
1941,stage
1942,oscar (best actor)
1942,oscar (best supporting actress)
1942,oscar (best picture)
1942,in netflix queue
1942,political
1942,book
1942,remade
1942,oppl
1942,national film registry
1942,tumeys dvds
1943,oscar (best picture)
1943,tumeys dvds
1944,oscar (best directing)
1944,world war ii
1944,oscar (best supporting actress)
1944,oscar (best picture)
1944,oscar (best cinematography)
1944,movie to see
1944,oscar (best supporting actor)
1944,frank sinatra
1944,afi 100
1944,national film registry
1944,best picture
1945,boxing
1945,oscar (best directing)
1945,oscar (best actor)
1945,oscar (best supporting actress)
1945,oscar (best picture)
1945,elia kazan
1945,marlon brando
1945,imdb top 250
1945,oscar (best cinematography)
1945,usa film registry
1945,afi 100
1945,need to own
1945,afi 100 (cheers)
1945,afi 100 (movie quotes)
1945,national film registry
1945,tumeys dvds
1945,best picture
1945,bfi classic
1945,afi100
1946,oscar (best directing)
1946,oscar (best actor)
1946,oscar (best picture)
1946,golden palm
1946,national film registry
1947,oscar (best directing)
1947,oscar (best supporting actress)
1947,oscar (best picture)
1947,racism
1947,classic
1947,new york city
1947,oscar (best cinematography)
1947,musical
1947,70mm
1947,love story
1947,gangs
1947,shakespeare
1947,new york
1947,oscar (best supporting actor)
1947,afi 100
1947,k movie
1947,updated classics
1947,library
1947,tragic drama
1947,national film registry
1947,tumeys dvds
1947,best picture
1947,shakespearean
1947,adapted from bway
1948,oscar (best directing)
1948,oscar (best picture)
1948,netwatch
1949,oscar (best directing)
1949,oscar (best actor)
1949,orson welles
1949,oscar (best picture)
1949,oscar (best cinematography)
1949,honor
1949,paul scofield
1949,great performances
1949,robert shaw
1949,wendy hiller
1949,stage
1950,available at cml
1950,oscar (best actor)
1950,oscar (best picture)
1950,racism
1950,imdb top 250
1950,movie to see
1950,oppl
1950,hulu
1950,rod steiger
1950,sidney poitier
1950,afi 100 (cheers)
1950,afi 100 (movie quotes)
1950,national film registry
1951,oscar (best directing)
1951,oscar (best picture)
1951,musical
1951,70mm
1951,adapted from:book
1951,great adaptations
1951,author:charles dickens
1951,adapted from bway
1952,oscar (best directing)
1952,oscar (best picture)
1952,gay
1952,nudity (rear)
1952,friendship
1952,new york city
1952,gay cowboy
1952,dustin hoffman
1952,party
1952,sexuality
1952,prostitution
1952,breakthroughs
1952,bittersweet
1952,flashbacks
1952,memorable characters
1952,jon voight
1952,afi 100
1952,childhood flashback
1952,wired 50 greatest soundtracks
1952,sexual
1952,smoking
1952,poignant
1952,radio
1952,compassionate
1952,wheelchair
1952,afi 100 (movie quotes)
1952,national film registry
1952,unlikely friendships
1952,best picture
1952,gritty
1952,prostitutes
1952,catchy score
1952,bus
1952,movie theatre
1952,downbeat
1952,bisexual
1952,elegiac
1952,male prostitute
1952,incestuous
1952,dream sequence
1952,grandmother
1952,texan
1952,down on their luck
1952,going straight
1953,police
1953,crime
1953,drugs
1953,action
1953,oscar (best directing)
1953,inaccurate
1953,oscar (best actor)
1953,oscar (best picture)
1953,british comedy
1953,car chase
1953,nudity (rear)
1953,erlends dvds
1953,cops
1953,atmospheric
1953,gene hackman
1953,afi 100
1953,cynical
1953,forceful
1953,angry
1953,mob
1953,harsh
1953,afi 100 (thrills)
1953,national film registry
1953,tumeys dvds
1953,to see
1953,ominous
1953,best picture
1953,gritty
1954,boxing
1954,oscar (best directing)
1954,sports
1954,oscar (best picture)
1954,romance
1954,sylvester stallone
1954,inspirational
1954,classic
1954,sport:boxing
1954,franchise
1954,stallone
1954,afi 100
1954,afi 100 (cheers)
1954,afi 100 (movie quotes)
1954,afi 100 (thrills)
1954,national film registry
1954,to see
1954,best picture
1954,competitive sport
1954,silvester stallone
1955,oscar (best directing)
1955,divorce
1955,oscar (best actor)
1955,oscar (best supporting actress)
1955,oscar (best picture)
1955,dustin hoffman
1955,spindle
1955,1970s
1955,dentist
1955,corvallis library
1955,moral ambiguity
1955,ethics
1956,oscar (best directing)
1956,oscar (best picture)
1956,want to see again
1956,family
1956,depression
1956,donald sutherland
1956,oscar (best supporting actor)
1956,ohsoso
1956,psychiatrist as protagonist
1956,subgenre:family dynamics
1957,sports
1957,oscar (best picture)
1957,70mm
1957,olympics
1957,1920s
1957,running
1957,afi 100 (cheers)
1957,tumeys dvds
1957,betamax
1958,oscar (best directing)
1958,oscar (best actress)
1958,oscar (best picture)
1958,owned
1958,tense
1958,terminal illness
1958,based on a book
1958,texas
1958,jack nicholson
1958,marriage
1958,oscar (best supporting actor)
1958,houston
1958,sentimental
1958,1970s
1958,1950s
1958,oscar nominee: lead actress
1958,oscar nominee: supporting actor
1958,oscar nominee: editing
1958,tear jerker
1958,extramarital affairs
1958,shirley maclaine
1958,1960s
1958,nebraska
1958,oscar nominee: art direction
1958,astronauts
1958,paramount
1958,dying young
1959,oscar (best directing)
1959,oscar (best picture)
1959,romance
1959,drama
1959,oscar (best cinematography)
1959,70mm
1959,erlends dvds
1959,oldschool
1959,meryl streep
1959,robert redford
1959,klaus maria brandauer
1959,adultery
1959,tumeys dvds
1959,veja
1960,biopic
1960,oscar (best directing)
1960,oscar (best picture)
1960,china
1960,bernardo bertolucci
1960,on dvr
1960,bibliothek
1960,culture clash
1960,oscar (best cinematography)
1960,70mm
1960,colonialism
1960,culture
1960,tumeys dvds
1960,photography
1961,great movie
1961,oscar (best directing)
1961,mental illness
1961,oscar (best actor)
1961,oscar (best picture)
1961,vhs
1961,tom cruise
1961,exceptional acting
1961,psychology
1961,true story
1961,autism
1961,classical
1961,cant remember
1961,rape
1961,dustin hoffman
1961,psychiatry
1961,get
1961,bonnie hunt
1961,valeria golino
1961,library
1961,watch
1961,need to buy
1961,afi 100 (cheers)
1961,disability
1961,nostaglic
1962,oscar (best actress)
1962,oscar (best picture)
1962,racism
1962,social commentary
1962,morgan freeman
1962,southern theme
1962,afi 100 (cheers)
1962,dvdvideo
1962,old age
1962,stage
1962,rasicm
1963,woody allen
1963,afi 100 (laughs)
1963,tumeys dvds
1964,oscar (best actress)
1964,donald sutherland
1964,jane fonda
1964,tumeys dvds
1964,svens to see list
1965,surreal
1965,aliens
1965,dark comedy
1965,black comedy
1965,los angeles
1965,cult classic
1965,breakthroughs
1965,wired 50 greatest soundtracks
1965,notable soundtrack
1965,punk
1965,tumeys dvds
1965,setting:la
1965,evil government
1965,punks
1966,witty
1966,urbane
1966,hulu
1966,deadpan
1966,talky
1966,literate
1966,wry
1966,upper class
1967,childish
1967,seen more than once
1967,erlends dvds
1967,lame
1967,david bowie
1967,jennifer connelly
1967,maze
1967,j netflix
1967,tumeys dvds
1967,good versus evil
1968,drama
1968,ensemble cast
1968,owned
1968,cult film
1968,seen more than once
1968,high school
1968,bruce willis
1968,cant remember
1968,teen
1968,80s
1968,foqam
1968,1980s
1968,john hughes
1968,school drama
1968,watchagain
1968,comingofage
1968,dvdvideo
1968,betamax
1968,netflix instant watching
1969,franchise
1969,slasher
1970,nudity (topless)
1970,franchise
1970,slasher
1971,nudity (topless)
1971,franchise
1971,slasher
1972,franchise
1972,slasher
1973,franchise
1974,killer
1974,franchise
1974,camp
1974,slasher
1974,ummarti2006
1975,nudity (full frontal)
1975,franchise
1975,slasher
1975,jason
1976,franchise
1976,slasher
1976,jason
1977,franchise
1977,slasher
1977,jason
1978,boring
1978,franchise
1978,slasher
1978,jason
1979,franchise
1979,slasher
1979,ummarti2006
1979,jason
1980,franchise
1981,franchise
1981,slasher
1982,serial killer
1982,nudity (topless)
1982,franchise
1982,erlends dvds
1982,john carpenter
1982,slasher
1982,remade
1982,dont want to see
1982,afi 100 (thrills)
1982,national film registry
1982,tumeys dvds
1982,scary as hell
1983,nudity (topless)
1983,halloween
1983,franchise
1983,slasher
1983,telecine
1984,halloween
1984,franchise
1985,franchise
1985,slasher
1985,my movies
1986,franchise
1986,slasher
1987,remade
1991,original
1991,chuckie
1992,chuckie
1993,chick flick
1993,andy robinson
1994,horror
1994,ghosts
1994,scifi dark
1994,70mm
1994,cant remember
1994,father daughter relationship
1994,dogs
1994,storm
1994,80s
1994,haunted house
1994,toys
1994,television
1994,spielberg
1994,smoking
1994,dont want to see
1994,afi 100 (movie quotes)
1994,afi 100 (thrills)
1994,tumeys dvds
1994,paranormal
1994,mother daughter relationship
1994,swimming pool
1994,epilepsy warning
1994,child in peril
1994,clowns
1994,spirits
1995,ghosts
1995,creepy singing
1996,ghosts
1996,sequel fever
1997,possession
1997,imdb top 250
1997,on computer
1997,owned
1997,scary
1997,70mm
1997,based on a book
1997,cant remember
1997,franchise
1997,bfi modern classic
1997,cult
1997,max von sydow
1997,dont want to see
1997,afi 100 (thrills)
1997,erics dvds
1997,tumeys dvds
1997,priest
1997,rent
1997,from kata
1998,franchise
1998,tumeys dvds
1999,franchise
1999,tumeys dvds
2000,police
2000,comedy
2000,action
2000,nudity (topless)
2000,sequel
2000,drama
2000,kidnapping
2000,classic
2000,seen more than once
2000,torture
2000,mel gibson
2000,los angeles
2000,70mm
2000,cant remember
2000,buddy
2000,okay once
2000,foqam
2000,danny glover
2000,want it
2000,k movie
2000,buddy movie
2000,let down
2000,tumeys dvds
2000,suicide attempt
2000,subgenre:cop buddies
2000,death wish
2000,seen 2008
2000,al leong
2001,comedy
2001,action
2001,nudity (topless)
2001,sequel
2001,violence
2001,seen more than once
2001,action packed
2001,mel gibson
2001,70mm
2001,cant remember
2001,buddy
2001,foqam
2001,danny glover
2001,want it
2001,lee marvin
2001,subgenre:cop buddies
2001,gold
2002,mel gibson
2002,70mm
2002,cant remember
2002,want it
2002,subgenre:cop buddies
2003,70mm
2003,steven spielberg
2003,get
2003,great
2003,rampage
2003,small town
2003,saturn award (best music)
2003,saturn award (best director)
2003,amblin
2003,70mm blowup
2004,70mm
2004,steven spielberg
2005,pirates
2005,superhero
2005,children
2005,tv
2005,adventure
2005,dvd
2005,the
2005,70mm
2005,80s
2005,treasure
2005,movie to see
2005,1980s
2005,blah
2005,cave
2005,sloth
2005,treasure hunt
2006,boring
2006,remake
2006,anthony hopkins
2006,california
2006,fencing
2006,antonio banderas
2006,nick chinlund
2006,catherine zetajones
2006,rufus sewell
2006,hot women
2006,swashbuckler
2006,slashy
2006,masculinity
2009,dystopia
2009,bleak
2009,atmospheric
2009,futuristmoviescom
2009,torent
2009,charleton heston
2009,prophetic
2009,netwatch
2009,afi 100 (movie quotes)
2009,future dystopias
2009,grim
2009,fighting the system
2009,totalitarian states
2009,sf
2010,androids
2010,fritz lang
2010,imdb top 250
2010,on computer
2010,classic
2010,seen more than once
2010,black and white
2010,robot
2010,erlends dvds
2010,futuristmoviescom
2010,friday night movie
2010,library vhs
2010,j netflix
2010,tumeys dvds
2010,bfi classic
2010,visionary
2011,time travel
2011,dystopia
2011,comedy
2011,sequel
2011,timetravel
2011,scifi
2011,dvd
2011,seen more than once
2011,alternate universe
2011,70mm
2011,time
2011,christopher lloyd
2011,robert zemeckis
2011,futuristmoviescom
2011,1980s
2011,own
2011,michael j fox
2011,good in the 80s
2011,betamax
2011,clv
2011,sequels filmed simultaneously
2011,backstage
2011,must show
2011,logic complexity
2012,time travel
2012,sequel
2012,science fiction
2012,dvd
2012,seen more than once
2012,alternate universe
2012,70mm
2012,time
2012,christopher lloyd
2012,robert zemeckis
2012,sequel fever
2012,own
2012,waste of celluloid
2012,steampunk
2012,michael j fox
2012,saturn award (best music)
2012,sequels filmed simultaneously
2012,must show
2013,70mm
2013,disaster
2013,pointless
2013,gene hackman
2013,shelley winters
2013,ocean
2013,afi 100 (thrills)
2013,shipwreck
2014,fantasy
2014,jodie foster
2014,family
2014,disney
2014,switching places
2014,remadeas:freaky friday(2003)
2014,remakeof:freaky friday (1977)
2014,child as adult
2015,disney
2015,disney studios
2016,disney
2016,disney studios
2018,animals
2018,cartoon
2018,hunting
2018,disney animated feature
2018,animation
2018,brad pitt
2018,disney
2018,cute
2018,cant remember
2018,sad
2018,talking animals
2018,erlends dvds
2018,deer
2018,based on book
2018,animals die :(
2018,divx1
2018,facebook rec
2018,betamax
2018,orphaned cartoon character
2018,tumeys vhs
2019,action
2019,akira kurosawa
2019,imdb top 250
2019,drama
2019,classic
2019,tense
2019,japan
2019,epic
2019,samurai
2019,black and white
2019,amazing cinematography
2019,toshiro mifune
2019,kurosawa
2019,stylized
2019,sweeping
2019,criterion
2019,erlends dvds
2019,historical
2019,remade
2019,atmospheric
2019,heroic mission
2019,janus 50
2019,forceful
2019,divx1
2019,tumeys dvds
2019,dvdvideo
2019,long
2019,plot: seven samurai
2019,cathartic
2019,bfi classic
2019,fantastic foreign films
2019,filmaffinity top pick
2019,criticker top pick
2019,seven
2019,righting the wronged
2020,stephen frears
2020,on dvr
2020,keanu reeves
2020,bibliothek
2020,paris
2020,adapted from:book
2020,remade
2020,uma thurman
2020,18th century
2020,john malkovich
2020,adultery
2020,betamax
2020,adapted from:play
2020,underaged sexchild porn
2020,veja
2021,action
2021,fantasy
2021,david lynch
2021,scifi
2021,owned
2021,classic
2021,addiction
2021,70mm
2021,based on a book
2021,ok
2021,adapted from:book
2021,must see
2021,futuristmoviescom
2021,frank herbert
2021,betamax
2021,clv
2021,katsomattomat
2021,author:frank herbert
2021,far future
2021,h r geiger
2021,massacred the book
2022,nudity (topless)
2022,violence
2022,martin scorsese
2022,religion
2022,70mm
2022,good music
2022,based on a book
2022,criterion
2022,christianity
2022,breakthroughs
2022,biblical
2022,brian
2022,zim
2022,k movie
2022,need to own
2022,jerusalem
2022,sacrilege
2022,based on book
2022,tumeys dvds
2022,peter gabriel music
2022,mysticism
2022,edgy
2023,action
2023,mafia
2023,francis ford copolla
2023,on dvr
2023,on disc
2023,drama
2023,owned
2023,dvd
2023,gangsters
2023,new york city
2023,70mm
2023,al pacino
2023,francis ford coppola
2023,own
2023,library
2023,sophia coppola
2023,need to buy
2023,tumeys dvds
2023,my movies
2023,cinematographer:gordon willis
2024,nudity (topless)
2025,ennio morricone
2025,adapted from:book
2027,spoof
2027,zaz
2028,action
2028,oscar (best directing)
2028,history
2028,world war ii
2028,war
2028,imdb top 250
2028,tom hanks
2028,drama
2028,violent
2028,dvd
2028,oscar (best cinematography)
2028,matt damon
2028,wwii
2028,disturbing
2028,realistic
2028,steven spielberg
2028,cant remember
2028,sweeping
2028,erlends dvds
2028,breakthroughs
2028,buddy
2028,historical
2028,hdtv
2028,afi
2028,vin diesel
2028,gfei own it
2028,alone
2028,on hold
2028,oscar (best editing)
2028,poignant
2028,oppl
2028,speilberg
2028,seen at the cinema
2028,almost favorite
2028,horrors of war
2028,afi 100 (cheers)
2028,oscar (best sound)
2028,afi 100 (thrills)
2028,us history
2028,tumeys dvds
2028,gritty
2028,guerra
2028,visceral
2028,cathartic
2028,stirring
2028,mark gordon productions
2028,searching
2028,spielberg/lucas
2029,gay
2031,greed
2033,disney animated feature
2033,classic
2033,70mm
2033,disney
2033,based on a book
2033,pigs
2033,based on book
2033,good versus evil
2033,quest
2034,space
2034,space travel
2034,70mm
2034,cant remember
2034,betamax
2034,disney studios
2034,evil robot
2038,disney
2038,talking animals
2038,betamax
2040,dvdram
2042,sports
2042,emilio estevez
2042,hockey
2042,sport:ice hockey
2043,disney
2046,scifi
2046,children
2046,cant remember
2046,80s
2046,childhood flashback
2046,escapist action
2047,based on a book
2047,upton sinclair
2048,disney animated feature
2048,disney
2048,kids and family
2048,directorial debut
2048,detective
2048,sherlock holmes
2048,great screenplays
2050,dvd
2050,cars
2051,dvd
2051,cars
2051,race
2052,disney
2053,sequel
2053,cant remember
2053,rick moranis
2053,hongkong
2053,randal kleiser
2054,comedy
2054,childish
2054,sequel
2054,fantasy
2054,adventure
2054,seen more than once
2054,kids
2054,family
2054,disney
2054,miniaturization
2054,for kids
2054,kid flick
2054,rick moranis
2054,honest
2054,to see
2054,joe johnston
2057,disney
2057,disney studios
2058,police
2058,samuel l jackson
2058,ok
2058,predictable
2058,erics dvds
2059,divorce
2059,san francisco
2059,remake
2059,family
2059,disney
2059,based on a book
2059,wine
2059,gold digger
2059,natasha richardson
2059,lindsay lohan
2059,dennis quaid
2059,nanny
2059,summer camp
2059,twins
2059,reunion
2059,prank
2059,mistaken identities
2060,comedy
2060,trey parker
2060,matt stone
2061,library vhs
2064,capitalism
2064,in netflix queue
2064,politics
2064,michael moore
2064,workplace
2064,directorial debut
2064,alone
2064,corporate america
2064,propaganda
2064,documentary critique
2064,workers
2064,american idiocy
2065,woody allen
2065,in netflix queue
2065,quirky
2065,bibliothek
2065,erlends dvds
2065,bittersweet
2065,whimsical
2065,nostalgic
2065,warm
2065,seen
2065,fanciful
2065,twist downer ending
2066,memory
2066,imdb top 250
2066,reflective
2066,atmospheric
2066,gloomy
2066,emerson must see
2066,national film registry
2066,tumeys dvds
2066,svens to see list
2066,downbeat
2066,moody
2067,slow
2067,history
2067,imdb top 250
2067,dvd
2067,classic
2067,oscar (best cinematography)
2067,70mm
2067,epic
2067,good music
2067,love story
2067,based on a book
2067,amazing cinematography
2067,adapted from:book
2067,sweeping
2067,romantic
2067,reflective
2067,communism
2067,atmospheric
2067,well done
2067,omar sharif
2067,afi 100
2067,revolution
2067,k movie
2067,lavish
2067,russia
2067,alec guiness
2067,ralph richardson
2067,julie christie
2067,literary adaptation
2067,tumeys dvds
2067,clv
2067,long
2067,deliberate
2067,rousing
2067,friends should see
2067,wintry
2067,wwi
2068,ingmar bergman
2068,vhs
2068,want to see again
2068,owned
2068,classic
2068,oscar (best cinematography)
2068,intimate
2068,erlends dvds
2068,bittersweet
2068,affectionate
2068,poignant
2068,tumeys dvds
2068,deliberate
2068,moody
2068,autumnal
2068,top ten
2069,oscar (best actress)
2070,oscar (best actor)
2070,music
2070,oscar (best screenplay)
2070,hw drama
2070,not corv lib
2071,on computer
2071,in netflix queue
2071,glbt
2071,based on a book
2071,historical
2071,richard gere
2071,aids
2071,based on book
2071,dvd collection
2072,suburbia
2073,kevin costner
2074,owned
2074,japan
2074,bleak
2074,criterion
2074,reflective
2074,strangely compelling
2074,downbeat
2074,moody
2074,matteroffact
2075,tense
2075,disturbing
2075,bleak
2075,to see
2075,biting
2075,confrontational
2075,rise and fall stories
2075,actors life
2075,totalitarian states
2076,surreal
2076,suburbia
2076,david lynch
2076,quirky
2076,dreamlike
2076,scary
2076,disturbing
2076,sexuality
2076,a classic
2076,atmospheric
2076,sexual
2076,hallucinatory
2076,library
2076,emerson must see
2076,afi 100 (thrills)
2076,tumeys dvds
2076,betamax
2076,clv
2076,ominous
2076,fucked up
2076,menacing
2076,love this movie
2076,women in jeopardy
2076,amateur sleuths
2077,cant remember
2077,movie to see
2078,disney animated feature
2078,classic
2078,jude law
2078,disney
2078,adapted from:book
2078,talking animals
2078,bears
2078,avi
2078,tumeys vhs
2078,(s)vcd
2080,comedy
2080,animals
2080,cartoon
2080,disney animated feature
2080,children
2080,romance
2080,animation
2080,family
2080,musical
2080,disney
2080,cant remember
2080,romantic
2080,dogs
2080,talking animals
2080,erlends dvds
2080,spaghetti
2080,childhood classics
2080,family fun
2080,wonderful
2080,(s)vcd
2080,katottava
2081,childhood
2081,disney animated feature
2081,animation
2081,70mm
2081,disney
2081,adapted from:book
2081,guilty pleasure
2081,talking animals
2081,kid flick
2081,own
2081,well done
2081,ocean
2081,library
2081,almost favorite
2081,fatherdaughter relationship
2081,fish out of water
2081,mermaid
2081,bearable disney
2082,sports
2082,cant remember
2082,heidi kling
2082,emilio estevez
2082,hockey
2082,migration
2082,sport:ice hockey
2083,christmas
2083,based on a book
2083,franchise
2083,talking animals
2083,movie to see
2083,michael caine
2083,frank oz
2083,steve whitmire
2083,fun movie
2083,mummy
2083,based on book
2083,author:charles dickens
2083,adapted from:play
2083,charles dickens
2083,victorian era
2084,new york city
2084,christian bale
2084,disney
2084,1890s
2084,based on true story
2084,disney studios
2085,fun
2085,animals
2085,disney animated feature
2085,vhs
2085,kids movie
2085,disney
2085,cute
2085,kids and family
2085,dogs
2085,fashion
2085,dog
2085,remade
2085,get
2085,directorial debut
2085,on hold
2085,remakeof:101 dalmations (1961)
2085,remadeas:101 dalmations (1996)
2087,pirates
2087,disney animated feature
2087,disney
2087,based on a book
2087,adapted from:book
2087,cant remember
2087,coming of age
2087,sword fight
2087,peter sellers
2087,comingofage
2087,based on a play
2087,peter pan
2087,adapted from:play
2087,racial stereotype
2087,jm barrie
2087,based on play
2088,robin williams
2088,robert altman
2088,ray walston
2088,shelley duvall
2088,altman
2089,sequel
2089,disney animated feature
2089,disney
2089,cant remember
2089,bob newhart
2089,george c scott
2089,john candy
2089,eva gabor
2089,australia
2089,mouse
2090,disney animated feature
2090,revenge
2090,disney
2090,cant remember
2090,bob newhart
2090,joe flynn
2090,eva gabor
2090,child abuse
2090,mouse
2092,disney animated feature
2092,disney
2092,jason alexander
2092,jim cummings
2093,70mm
2094,based on comic
2094,70mm
2094,seen at the cinema
2094,timothy dalton
2096,slavery
2096,disney animated feature
2096,animation
2096,classic
2096,kids
2096,70mm
2096,disney
2096,cant remember
2096,fairy tale
2096,movie to see
2096,get
2096,subgenre:fairy tale
2096,heroine
2097,surreal
2097,based on a book
2097,adapted from:book
2097,ray bradbury
2097,author:ray bradbury
2097,carnival
2099,animals
2099,disney
2099,cant remember
2099,controversial
2099,talking animals
2099,disney studios
2099,live action/animation
2099,racial stereotype
2099,part animated
2100,nudity (rear)
2100,girlie movie
2100,chick flick
2100,afternoon section
2100,foqam
2100,mermaid
2102,surreal
2102,national film registry
2104,based on a book
2104,se hinton
2105,dystopia
2105,computers
2105,action
2105,fantasy
2105,gladiators
2105,virtual reality
2105,disney animated feature
2105,scifi
2105,thriller
2105,adventure
2105,animation
2105,owned
2105,dvd
2105,classic
2105,true story
2105,seen more than once
2105,70mm
2105,videogame
2105,disney
2105,comic
2105,classical
2105,hackers
2105,video game
2105,computer animation
2105,futuristmoviescom
2105,computer game
2105,technology
2105,games
2105,cyberpunk
2105,cultural classic
2105,svens to see list
2105,my movies
2106,nazis
2107,franchise
2107,slasher
2108,vhs
2108,tv
2108,magic realism
2108,social commentary
2108,steve martin
2108,cameos
2108,setting:la
2108,weather reporter as protagonist
2108,magical realism
2109,favorites
2109,steve martin
2109,afi 100 (laughs)
2109,dumb but funny
2109,funniest movie ever
2110,steve martin
2110,betamax
2110,pastiche
2110,hypertextual
2111,nudity (topless)
2111,dumb but funny
2112,nudity (topless)
2112,own
2112,social drama
2112,likeilike top pick
2114,based on a book
2114,francis ford coppola
2114,outer space
2114,based on book
2114,literary adaptation
2114,erics dvds
2114,se hinton
2114,ralph macchio
2115,action
2115,archaeology
2115,sequel
2115,indiana jones
2115,interesting
2115,dvd
2115,classic
2115,70mm
2115,steven spielberg
2115,very funny
2115,harrison ford
2115,plot point:solving riddles/puzzles
2115,franchise
2115,pulp
2115,good movie
2115,want it
2115,lucas
2115,mediocre
2115,archeology
2115,want
2115,tumeys dvds
2115,dvd collection
2115,indiana
2115,jbs dvds
2116,fantasy
2116,cartoon
2116,book was better
2116,high fantasy
2116,children
2116,adventure
2116,classic
2116,adaptation
2116,animated
2116,epic
2116,based on a book
2116,adapted from:book
2116,cant remember
2116,fairy tale
2116,tolkien
2116,hobbits
2116,psychedelic
2116,atmospheric
2116,mythology
2116,rotoscoping
2116,tumeys dvds
2116,creative
2116,author:j r r tolkein
2116,tolkein
2116,myth
2116,gardener
2117,dystopia
2117,eric blair
2117,george orwell
2117,based on novel
2117,postapocalyptic
2117,post apocalyptic
2117,vhs
2117,classic
2117,remake
2117,based on a book
2117,adapted from:book
2117,erlends dvds
2117,futuristmoviescom
2117,based on book
2117,totalitarianism
2117,literary adaptation
2117,ohsoso
2117,subversive
2117,political repression
2117,cinematographer:roger deakins
2118,time travel
2118,stephen king
2118,based on a book
2118,adapted from:book
2118,christopher walken
2118,author:stephen king
2118,cronenberg
2118,bloodthirsty us president
2120,stephen king
2120,based on a book
2120,adapted from:book
2120,united states
2120,author:stephen king
2120,killing
2121,stephen king
2121,adapted from:book
2121,author:stephen king
2121,betamax
2122,stephen king
2122,cult film
2122,adapted from:book
2122,author:stephen king
2122,erics dvds
2122,creepy good
2122,multimovie monster
2123,classic
2123,sad
2124,gothic
2124,quirky
2124,halloween
2124,supernatural
2124,golf
2124,torture
2124,cant remember
2124,party
2124,money
2124,directorial debut
2124,sword fight
2124,motherson relationship
2124,food
2124,false identity
2124,secret door
2124,lawyers
2124,butler
2124,doctors
2124,statue
2124,electric chair
2124,conjoined twins
2124,undead
2124,vault
2124,model railroading
2125,funny
2125,great movie
2125,comedy
2125,boring
2125,romance
2125,drew barrymore
2125,chick flick
2125,fairy tale
2125,romantic
2125,womens lib
2125,quite romantic
2125,light
2125,fairytale
2125,repeat watch
2125,disambiguation:ever after
2125,scope
2125,snob
2125,pg:brief language
2125,good date movie
2126,boring
2126,nicolas cage
2126,afternoon section
2126,brian de palma
2128,heist
2128,clearplay
2130,nudity (topless)
2130,national film registry
2130,betamax
2130,svens to see list
2131,ingmar bergman
2131,bleak
2131,criterion
2131,reflective
2131,erlends dvds
2131,claustrophobic
2131,tumeys dvds
2131,deliberate
2131,autumnal
2132,oscar (best actress)
2132,oscar (best supporting actress)
2132,mike nichols
2132,oscar (best cinematography)
2132,dialogue driven
2132,directorial debut
2132,great performances
2132,based on a play
2132,superb acting
2132,stage
2133,funny
2133,comedy
2133,best movie ever
2133,adventure
2133,70mm
2133,teen
2133,80s
2133,afternoon section
2133,1980s
2133,elizabeth shue
2133,betamax
2134,high school
2134,teen
2134,robert downey jr
2134,1980s
2134,john hughes
2134,adaptedinto:television series
2134,for katie
2135,70mm
2135,dvdr
2135,dvdram
2135,adapted from:book series
2136,afi 100 (laughs)
2136,jerry lewis
2136,national film registry
2137,fun
2137,animation
2137,classic
2137,friendship
2137,family
2137,disney
2137,adapted from:book
2137,cant remember
2137,pigs
2137,talking animals
2137,spiders
2137,sentimental
2137,based on book
2137,animals die :(
2137,betamax
2137,author:e b white
2137,animal:pig
2137,barnyard animals
2137,eb white
2138,violent
2138,owned
2138,based on a book
2138,adapted from:book
2138,talking animals
2138,directorial debut
2138,rabbits
2139,seen more than once
2139,based on a book
2139,adapted from:book
2139,cant remember
2139,talking animals
2139,great animation
2139,directorial debut
2139,based on book
2139,mouse
2139,ihq
2140,dark
2140,dvd
2140,classic
2140,70mm
2140,puppets
2140,watched 2007
2140,betamax
2140,jim henson
2140,technique:puppetry
2141,cant remember
2141,amblin
2141,best jewish movies
2141,katottava
2142,classic
2143,adventure
2143,cult film
2143,fairy tale
2143,dark fantasy
2143,puppets
2143,ridley scott
2143,friday night movie
2144,nudity (topless)
2144,depressing
2144,seen more than once
2144,high school
2144,chick flick
2144,teens
2144,teen
2144,john cusack
2144,1980s
2144,directorial debut
2144,john hughes
2144,k movie
2144,80s classic
2145,high school
2145,pg13
2145,teen angst
2145,1980s
2145,jim haynie
2145,harry dean stanton
2145,james spader
2145,andrew dice clay
2145,john hughes
2145,wired 50 greatest soundtracks
2145,k movie
2145,class differences
2145,record store
2145,prom
2145,fathers and daughters
2145,paramount
2146,friendship
2146,teen
2146,1980s
2146,80s classic
2146,washington dc
2147,70mm
2147,no dialogue
2147,dvdvideo
2147,betamax
2148,cheesy
2149,cheesy
2150,owned
2150,silly
2150,spindle
2150,slapstick
2150,natives
2154,movie to see
2154,angela bassett
2155,drugs
2155,hollywood
2155,coming of age
2155,1970s
2155,class issues
2158,serial killer
2158,murder
2159,serial killer
2159,murder
2160,oscar (best supporting actress)
2160,roman polanski
2160,imdb top 250
2160,owned
2160,scary
2160,based on a book
2160,satan
2160,evil
2160,satanism
2160,erlends dvds
2160,based on book
2160,literary adaptation
2160,afi 100 (thrills)
2160,j netflix
2160,tumeys dvds
2160,witchcraft
2160,interpretable
2161,children
2161,owned
2161,dvd
2161,dragon
2161,new york city
2161,based on a book
2161,cant remember
2161,wolfgang petersen
2161,(s)vcd
2162,fantasy
2162,adventure
2162,owned
2162,childrens story
2163,funny
2163,vhs
2163,parody
2163,erlends dvds
2163,betamax
2163,awesinine
2164,didnt finish
2166,drugs
2166,joaquin phoenix
2167,gothic
2167,vampire
2167,vampires
2167,bibliothek
2167,wesley snipes
2167,gfei own it
2167,flick
2167,seen at the cinema
2167,blindness
2167,erics dvds
2167,katsomattomat
2167,scope
2167,stephen norrington
2170,screwball comedy
2170,cant remember
2171,philip seymour hoffman
2171,great soundtrack
2171,boston
2171,personals ads
2173,blindfold
2174,ghosts/afterlife
2174,comedy
2174,claymation
2174,tim burton
2174,vhs
2174,tv
2174,cult film
2174,winona ryder
2174,good comedy
2174,cant remember
2174,death
2174,foqam
2174,afi 100 (laughs)
2174,hard to rate
2174,dvdvideo
2174,betamax
2174,michael keaton
2174,burton
2176,alfred hitchcock
2176,classic
2176,scary
2176,murder
2176,gay lead character
2176,hitchcock
2176,jesus
2176,long takes
2176,tumeys dvds
2177,hitchcock
2177,get
2177,tumeys dvds
2178,hitchcock
2178,tumeys dvds
2178,frightening
2179,tumeys dvds
2180,hitchcock
2180,get
2180,julie andrews
2180,tumeys dvds
2180,avi
2181,hitchcock
2181,oppl
2181,hw classics
2181,tumeys dvds
2181,facebook rec
2182,tumeys dvds
2183,espionage
2183,alfred hitchcock
2183,classic
2183,assassin
2183,murder
2183,hitchcock
2183,erlends dvds
2183,james stewart
2183,doris day
2183,need to own
2183,tumeys dvds
2183,homage to hitchcock
2183,setting:london (uk)
2183,protagonist is stage performer
2183,protagonist is medical doctor
2183,assassin shooting in auditorium
2184,dark comedy
2184,black comedy
2184,hitchcock
2184,adapted from:book
2184,tumeys dvds
2185,hitchcock
2185,tumeys dvds
2186,alfred hitchcock
2186,imdb top 250
2186,classic
2186,murder
2186,hitchcock
2186,black and white
2186,homosexuality
2186,erlends dvds
2186,movie to see
2186,k movie
2186,tennis
2186,motherson relationship
2186,afi 100 (thrills)
2186,tumeys dvds
2186,to see
2186,trains
2186,amusement park
2186,overthetop ending
2186,homosexual undertones
2187,theater
2187,actors
2187,tumeys dvds
2188,hw drama
2188,likeilike top pick
2189,surreal
2189,gore
2191,eric blair
2191,george orwell
2191,life
2191,based on novel
2191,book was better
2191,based on a book
2193,fantasy
2193,ron howard
2193,70mm
2193,want
2193,saturn award (best costumes)
2193,middle earth
2193,rewatch for rating
2193,sword and sorcery
2194,mafia
2194,bibliothek
2194,gangsters
2194,robert de niro
2194,seen more than once
2194,sean connery
2194,70mm
2194,ennio morricone
2194,not seen
2194,clearplay
2194,erlends dvds
2194,kevin costner
2194,brian de palma
2194,oscar (best supporting actor)
2194,gfei own it
2194,library
2194,top 10 ever
2194,brian depalma
2194,want
2194,tumeys dvds
2194,historically inaccurate
2194,na
2194,rewatch
2196,jeanclaude van damme
2200,costume drama
2201,courtroom
2201,murder
2201,adapted from:book
2202,overrated
2202,survival
2202,hitchcock
2202,john steinbeck
2203,alfred hitchcock
2203,imdb top 250
2203,classic
2203,tense
2203,creepy
2203,disturbing
2203,hitchcock
2203,erlends dvds
2203,cynical
2203,almost favorite
2203,national film registry
2203,tumeys dvds
2203,small towns
2203,fathers and daughters
2203,moody
2203,double life
2204,hitchcock
2204,netwatch
2204,tumeys dvds
2205,hitchcock
2205,screwball
2205,marriage
2206,oscar (best actress)
2206,hitchcock
2206,cary grant
2206,paranoia
2208,alfred hitchcock
2208,imdb top 250
2208,classic
2208,criterion
2208,train
2208,erlends dvds
2208,janus 50
2208,tumeys dvds
2208,dvdvideo
2208,ummarti2006
2209,comedy
2209,thriller
2209,hitchcock
2210,ummarti2007
2211,espionage
2211,adapted from:book
2211,tumeys dvds
2211,novelist as protagonist
2211,adapted from:play
2212,assassin shooting in auditorium
2218,tumeys dvds
2221,hitchcock
2223,tumeys dvds
2225,remade
2225,based on a play
2225,noel coward
2227,hitchcock
2229,based on a book
2229,directorial debut
2231,edward norton
2231,gambling
2231,dvd
2231,matt damon
2231,money
2231,cards
2231,john turturro
2231,watched 2006
2231,john malkovich
2231,poker
2231,library vhs
2232,mathematics
2232,dvd
2232,psychology
2232,psychological
2232,mindfuck
2232,foreign
2232,scifi cult
2232,plot point:solving riddles/puzzles
2232,weird
2232,sick
2232,directorial debut
2232,friday night movie
2232,original
2232,seen at the cinema
2232,maze
2232,paranoia
2232,ohsoso
2232,plot point:sudden scientific insight
2232,numbers
2232,bizar
2236,sentimental
2236,tear jerker
2237,sports
2237,biography
2237,want to see again
2237,true story
2237,olympics
2237,track and field
2238,satirical
2238,quirky
2238,disturbing
2238,irreverent
2238,cynical
2238,madcap
2238,biting
2238,wry
2241,betamax
2243,holly hunter
2243,jack nicholson
2243,william hurt
2243,journalism
2243,television
2243,1980s
2243,albert brooks
2243,afi 100 (laughs)
2243,dvdvideo
2243,betamax
2243,news media
2243,news industry
2243,james l brooks
2245,nudity (topless)
2245,girlie movie
2245,infidelity
2245,womens lib
2245,1980s
2245,want to see
2245,afi 100 (cheers)
2247,nudity (topless)
2247,michelle pfeiffer
2247,didnt finish
2247,demme
2248,overrated
2248,seen more than once
2248,teens
2248,teen
2248,john cusack
2248,1980s
2248,get
2248,directorial debut
2248,cameron crowe
2249,mafia
2249,suburbia
2249,adultery
2249,mob
2249,witness protection programme
2252,redemption
2253,satire
2253,surreal
2253,robin williams
2253,cult
2253,joan cusack
2253,weapons industry
2257,teen
2258,ninja
2258,mst3k
2259,betamax
2261,john cusack
2262,demi moore
2262,directorial debut
2262,dvdvideo
2262,betamax
2262,dvd collection
2263,nudity (topless)
2263,religion
2264,comedy
2264,robert de niro
2264,remake
2264,sean penn
2264,demi moore
2264,escape from prison
2265,black comedy
2265,punishment
2265,pennsylvania
2266,clarivoyance
2268,military
2268,drama
2268,tom cruise
2268,courtroom
2268,tense
2268,aaron sorkin
2268,murder
2268,chick flick
2268,fear of airplanes
2268,jack nicholson
2268,demi moore
2268,courtroom drama
2268,court
2268,military life
2268,cruise
2268,foqam
2268,own
2268,forceful
2268,watch
2268,oscar nominee
2268,earnest
2268,afi 100 (movie quotes)
2268,talky
2268,adapted from:play
2268,stage
2268,tumeys vhs
2268,political corruption
2269,nudity (topless)
2269,cant remember
2269,demi moore
2269,woody harrelson
2269,robert redford
2269,golden raspberry (worst picture)
2270,not available from netflix
2272,meryl streep
2272,renee zellweger
2272,hw drama
2273,surprisingly funny
2273,martial arts
2273,jackie chan
2273,russell crowe
2273,kung fu
2273,erics dvds
2273,chris tucker
2275,guitar
2275,cheesy
2278,action
2278,thriller
2278,car chase
2278,bibliothek
2278,robert de niro
2278,cars
2278,cool
2278,sean bean lives
2278,jean reno
2278,killer
2278,bank robbery
2278,gfei own it
2278,alone
2278,seen at the cinema
2280,nudity (rear)
2280,joaquin phoenix
2281,gangsters
2281,murder
2281,guns
2281,drinking
2281,irish accent
2281,cocaine
2282,nudity (full frontal)
2282,edward furlong
2283,bernardo bertolucci
2283,owned
2283,70mm
2283,nudity (full frontal)
2283,john malkovich
2284,racism
2284,foreign
2284,sad
2284,class issues
2284,strong woman
2285,surrealism
2285,criterion
2285,golden palm
2285,tumeys dvds
2287,classic monster
2288,aliens
2288,alien
2288,imdb top 250
2288,violent
2288,dvd
2288,remake
2288,70mm
2288,disturbing
2288,erlends dvds
2288,snow
2288,blood
2288,shape shifter
2288,john carpenter
2288,futuristmoviescom
2288,paranoia
2288,aliens space science
2288,tumeys dvds
2288,decent thiller
2288,scope
2288,allmale cast
2288,bug hunt
2289,satire
2289,satirical
2289,paranoid
2289,cant remember
2289,robert altman
2289,urbane
2289,movie to see
2289,altman
2289,cynical
2289,deadpan
2289,talky
2289,biting
2289,cameo:bruce willis
2289,cameofest
2289,topic:hollywood industry
2289,satire:hollywood insiders
2289,rent
2289,recorded
2290,woody allen
2290,erlends dvds
2290,brian
2290,seth
2291,funny
2291,gothic
2291,johnny depp
2291,surreal
2291,edward norton
2291,fantasy
2291,suburbia
2291,tim burton
2291,quirky
2291,dark
2291,owned
2291,dreamlike
2291,family
2291,70mm
2291,winona ryder
2291,love story
2291,cant remember
2291,depp
2291,goth
2291,fairy tale
2291,sad
2291,erlends dvds
2291,beautiful
2291,good acting
2291,wistful
2291,poignant
2291,great music
2291,compassionate
2291,xenophobia
2291,lyrical
2291,depp & burton
2291,ohsoso
2291,freaks
2291,unrequited love
2291,dvdvideo
2291,my dvds
2291,surrealpanos
2291,burton
2291,saintly fools
2291,ice sculpting
2294,capitalism
2294,animation
2294,anime
2294,animated
2294,cant remember
2294,talking animals
2294,coming of age
2294,antiwar
2294,dvdvideo
2294,pixar animation
2294,dreamworks animation
2294,avi
2295,best movies ever
2295,hw comedy
2296,will ferrell
2296,loni anderson
2296,chris kattan
2297,ghosts/afterlife
2297,surreal
2297,robin williams
2297,philosophy
2297,based on a book
2297,tear jerker
2297,heaven and hell
2297,author:richard matheson
2297,matheson
2297,(s)vcd
2297,good cinematography
2297,buy
2300,mel brooks
2300,brilliant
2300,directorial debut
2300,afi 100 (laughs)
2300,below r
2300,gene wilder
2300,national film registry
2300,perfect comedy
2300,friends should see
2301,satirical
2301,mel brooks
2301,silly
2301,goofy
2301,irreverent
2301,madcap
2301,light
2301,tumeys dvds
2301,classical studies
2301,merry
2302,comedy
2302,mystery
2302,oscar (best supporting actress)
2302,owned
2302,courtroom
2302,murder
2302,enjoyable
2302,entertaining
2302,court
2302,marissa tomei
2302,lawyer
2302,joe pesci
2302,oscar winner
2302,trial
2302,friday night fare
2302,ralph macchio
2303,nudity (topless)
2303,satirical
2303,ensemble cast
2303,multiple storylines
2303,robert altman
2303,erlends dvds
2303,breakthroughs
2303,wired 50 greatest soundtracks
2303,irreverent
2303,altman
2303,compassionate
2303,emerson must see
2303,national film registry
2303,cathartic
2303,wry
2303,backstage
2303,matteroffact
2304,less than 300 ratings
2304,daniel craig
2308,blaxploitation
2310,corvallis library
2310,adolescence
2311,sequel
2311,space
2311,aliens
2311,space travel
2311,70mm
2311,based on a book
2311,adapted from:book
2311,futuristmoviescom
2311,sequel fever
2311,based on book
2311,arthur c clarke
2311,dvd collection
2311,author:arthur c clarke
2312,oscar (best actress)
2312,nudity (rear)
2312,clearplay
2312,death penalty
2312,deafness
2312,betamax
2313,biopic
2313,elia kazan
2313,david lynch
2313,imdb top 250
2313,drama
2313,want to see again
2313,depressing
2313,true story
2313,black and white
2313,anthony hopkins
2313,stylized
2313,19th century
2313,cruelty
2313,sad
2313,erlends dvds
2313,historical
2313,atmospheric
2313,seen 2006
2313,dvdr
2313,melancholy
2313,gentle
2313,poignant
2313,compassionate
2313,based on book
2313,biographical
2313,john hurt
2313,wendy hiller
2313,freaks
2313,tumeys dvds
2313,somber
2313,yahoo top pick
2313,deformity/disability
2313,downbeat
2313,dying young
2313,deformity
2313,abjection
2313,doctors and patients
2313,living with disability
2313,joseph merrick
2314,nudity (full frontal)
2314,corvallis library
2316,bibliothek
2316,nicole kidman
2316,women
2316,afternoon section
2316,stockard channing
2316,favorites
2316,sandra bullock
2316,aiden quinn
2316,evan rachel wood
2318,nudity (topless)
2318,philip seymour hoffman
2318,immigrants
2318,want to see again
2318,sexual abuse
2318,rape
2318,ironic
2318,sexuality
2318,workplace
2318,marriage
2318,selfsatisfied people
2318,ugly duckling
2318,sisters
2318,relationships
2318,dysfunctional family
2318,child abuse
2318,fatherson relationship
2318,what is happiness
2318,phillip seymour hoffman
2318,writers life
2318,loneliness
2318,library vhs
2318,single woman
2318,therapist
2318,masturbation
2318,perverted
2318,secrets
2318,aging
2318,doctors
2318,teacher
2318,closeted homosexual
2318,teacher student relationship
2318,salespeople
2318,breakups and divorces
2318,vomit
2318,neighbors
2318,ironic title
2318,pedophile
2318,normality
2318,sexual fantasy
2318,orgasm
2318,grandparents
2318,dissociation
2318,singer
2318,story of one family
2318,taxi driver
2318,puberty
2318,selfesteem
2318,facades
2318,vomitinducing
2318,my movies
2320,stephen king
2320,nazis
2320,own
2320,ian mckellen
2321,satire
2321,surreal
2321,reese witherspoon
2321,satirical
2321,witty
2321,seen more than once
2321,heartwarming
2321,pg13
2321,black and white
2321,stylized
2321,television
2321,tobey maguire
2321,whimsical
2321,coming of age
2321,directorial debut
2321,tobey macguire
2321,william h macy
2321,joan allen
2321,sucks
2321,affectionate
2321,poignant
2321,1950s
2321,biting
2321,utopia
2321,jeff daniels
2321,fanciful
2321,attachment
2321,teenage girl
2321,do kupienia
2321,1950s housewives
2321,marvelous
2322,futuristmoviescom
2323,directorial debut
2324,survival
2324,holocaust
2324,oscar (best actor)
2324,world war ii
2324,imdb top 250
2324,on computer
2324,italian
2324,want to see again
2324,heartwarming
2324,love
2324,foreign
2324,wwii
2324,good comedy
2324,father
2324,bittersweet
2324,whimsical
2324,own
2324,sentimental
2324,need to own
2324,fatherson relationship
2324,oscar winner
2324,poignant
2324,prolife
2324,tearjerking
2324,nice movie
2324,corvallis library
2324,tumeys dvds
2324,menacing
2324,benigni
2324,subscription
2324,son
2324,reference to aktion t4
2324,maintaining illusion
2325,satire
2325,comedy
2325,mormon
2325,trey parker
2325,matt stone
2328,gothic
2328,vampire
2328,vampires
2328,nudity (rear)
2329,nudity (topless)
2329,edward norton
2329,thuggery
2329,violence
2329,holocaust
2329,prison
2329,neonazis
2329,nazis
2329,racism
2329,imdb top 250
2329,on computer
2329,male nudity
2329,super interesting
2329,amazing photography
2329,owned
2329,dvd
2329,tense
2329,clever
2329,politics
2329,powerful ending
2329,brutal
2329,redemption
2329,disturbing
2329,legenda ptbr
2329,rape
2329,race
2329,deep
2329,gripping
2329,emotional
2329,skinhead
2329,directorial debut
2329,without martha
2329,mnm
2329,ratedr
2329,siblings
2329,thoughtprovoking
2329,forceful
2329,best movies ever
2329,ed norton
2329,partially black and white
2329,angry
2329,tumeys dvds
2329,dvdvideo
2329,nazi
2329,avi
2329,confrontational
2329,rent
2329,w/e
2329,video camera
2329,tattoo
2329,out from prison
2329,edward furlong
2329,very well done
2329,absolutely awsome great actor
2330,texas
2330,deadpan
2330,to see
2330,trucks
2330,wry
2330,smalltown life
2330,pg:brief language
2330,contest
2330,down on their luck
2330,matteroffact
2331,bibliothek
2331,nudity (full frontal)
2333,gay
2333,hollywood
2333,clearplay
2333,brendan fraser
2333,erlends dvds
2333,character development
2333,ian mckellen
2333,to see
2333,homophobia
2334,racism
2334,torture
2334,clearplay
2334,terrorism
2334,golden raspberry (worst actor)
2334,jihad
2335,sports
2335,football
2335,adam sandler
2335,sport:american football
2336,nudity (topless)
2336,england
2336,history
2336,true story
2336,torent
2336,not historically accurate
2336,british history
2336,biographical
2336,historical epic
2336,monarchy
2336,elizabethan
2336,biopics
2337,music
2337,gay
2337,dreamlike
2337,ewan mcgregor
2337,rococo
2337,boyonboy action
2337,amazing soundtrack
2337,sexual
2337,lavish
2337,hallucinatory
2337,enigmatic
2337,backstage
2337,flashy
2337,toni collette
2337,decadent
2337,todd haynes
2340,brad pitt
2340,anthony hopkins
2340,marcia gay harden
2342,music
2342,rock and roll
2344,trains
2345,vhs
2346,movie to see
2346,futuristmoviescom
2347,new york city
2347,based on a book
2348,nudity (topless)
2348,criterion
2348,gary oldman
2348,nyc
2348,biographical
2348,heroin
2348,punk
2348,punk rock
2348,punks
2349,criterion
2349,prostitution
2351,federico fellini
2351,imdb top 250
2351,in netflix queue
2351,criterion
2351,bittersweet
2351,sentimental
2351,affectionate
2351,poignant
2351,compassionate
2351,earnest
2351,prostitutes
2351,down on their luck
2351,matteroffact
2351,romantic betrayal
2352,nudity (topless)
2352,ensemble cast
2352,parzen
2352,charles
2352,zim
2352,wired 50 greatest soundtracks
2353,corruption
2353,ensemble cast
2353,seen more than once
2353,will smith
2353,clearplay
2353,jerry bruckheimer
2353,gene hackman
2353,great actions
2353,fast paced
2353,actionpacked
2353,exciting
2353,surveillance
2353,washington dc
2353,survellience
2353,scope
2353,r:violence
2353,r:language
2353,liberal propaganda
2354,based on a cartoon
2355,fun
2355,disney animated feature
2355,animation
2355,bibliothek
2355,disney
2355,kids and family
2355,circus
2355,talking animals
2355,erlends dvds
2355,buddy
2355,computer animation
2355,kid flick
2355,coming of age
2355,flying
2355,acting
2355,nature
2355,delights
2355,oscar nominee
2355,insects
2355,community
2355,food
2355,pixar animation
2355,plot: seven samurai
2355,royalty
2355,avi
2355,cultural customs and traditions
2355,inventor
2355,insect
2356,woody allen
2356,boring
2356,erlends dvds
2357,heartwarming
2357,love
2357,orphans
2357,bleak
2357,loner
2357,alcoholism
2357,road trip
2357,brazil
2357,faith
2357,compassionate
2357,rio de janeiro
2357,unlikely friendships
2357,library vhs
2357,tumeys dvds
2357,gritty
2357,trains
2357,literate
2357,teacher
2357,bus
2357,literacy
2357,drab
2357,letters
2357,spinning top
2357,christians
2357,child selling
2357,taped
2358,less than 300 ratings
2358,too violent
2359,phone booth
2359,wonderful light touch
2359,irish
2360,nudity (topless)
2360,racism
2360,in netflix queue
2360,male nudity
2360,low budget
2360,bibliothek
2360,family
2360,sexual abuse
2360,dogma 95
2360,siblings
2360,fatherson relationship
2360,speech
2360,dogma
2360,traumatic childhood
2360,birthday
2360,dogme95
2360,library vhs
2360,not corv lib
2360,secrets
2360,chefs
2360,forest
2360,waitress
2360,freemason
2360,letters
2360,family gatherings
2360,skinut
2361,on dvr
2361,satirical
2361,quirky
2361,legenda ptbr
2361,silly
2361,campy
2361,raunchy
2361,goofy
2361,sexual
2361,hw comedy
2361,eccentric families
2361,genderbending
2362,so bad its funny
2362,directorial debut
2362,clv
2362,ed wood
2363,japan
2363,kickass
2363,giant monster
2363,antiwar
2363,goldie hawn
2363,nuclear
2363,radiation
2365,japan
2365,monster
2366,action
2366,imdb top 250
2366,on dvr
2366,adventure
2366,dvd
2366,dinosaurs
2366,classic
2366,scary
2366,monster
2366,30s
2366,stop motion
2366,erlends dvds
2366,afi 100
2366,friday night movie
2366,monkey
2366,stopmotion
2366,divx1
2366,afi 100 (movie quotes)
2366,afi 100 (thrills)
2366,national film registry
2366,tumeys dvds
2366,fay wray
2367,70mm
2367,monster
2368,monster
2369,must see
2369,80s
2369,80s music
2369,80s nostalgia
2369,madonna
2369,betamax
2370,70mm
2370,betamax
2371,vhs
2371,tv
2371,dvd
2371,seen more than once
2371,adultery
2373,fantasy
2373,ennio morricone
2373,arnold schwarzenegger
2373,pulp
2375,tom hanks
2375,70mm
2376,bond
2376,assassin
2376,james bond
2376,murder
2376,christopher walken
2376,franchise
2376,killer as protagonist
2376,007 (series)
2376,roger moore
2377,vampires
2377,aliens
2377,70mm
2377,alien invasion
2378,police
2378,franchise
2378,policial
2379,franchise
2379,nostalgia
2380,post apocalyptic
2380,franchise
2380,nostalgia
2381,police
2381,funny
2381,nudity (topless)
2381,franchise
2381,nostalgia
2382,franchise
2382,no rec
2382,nostalgia
2382,recorded
2383,comedy
2383,tv
2383,franchise
2383,no rec
2384,funny
2384,comedy
2384,animals
2384,children
2384,animation
2384,animated
2384,cute
2384,pig
2384,crap
2384,pigs
2384,talking animals
2384,well done
2384,hugo weaving
2384,comedy for kids
2384,based on book
2384,different
2384,sleeper
2384,farm
2384,animal:pig
2384,children comedy
2387,nudity (topless)
2387,dark comedy
2387,nudity (rear)
2387,directorial debut
2388,gay
2389,remake
2389,murder
2389,hitchcock
2389,afternoon section
2389,tumeys dvds
2389,see also:psycho (1960)
2389,remakeof:psycho (1960)
2389,see also:psycho (1998)
2390,in netflix queue
2390,ewan mcgregor
2390,brenda blethyn
2390,j netflix
2390,jane horrocks
2391,sam raimi
2391,heist
2391,billy bob thornton
2391,thriller
2391,tragedy
2391,drama
2391,noir
2391,crime gone awry
2391,teenagers
2391,what is happiness
2391,oscar nominee: adapted screenplay
2391,no
2393,space
2393,scifi
2393,tv
2393,owned
2393,murder
2393,space opera
2393,franchise
2393,patrick stewart
2393,futuristmoviescom
2393,star trek
2393,nerdy
2393,seen at the cinema
2393,jonathan frakes
2393,cameo:whoopi goldberg
2393,noise in space
2393,far future
2393,tv spinoff
2394,inspiring
2394,slavery
2394,owned
2394,dvd
2394,religion
2394,based on a book
2394,helen mirren
2394,dreamworks
2394,ralph fiennes
2394,michelle pfeiffer
2394,patrick stewart
2394,biblical
2394,martin short
2394,sandra bullock
2394,danny glover
2394,steve martin
2394,jeff goldblum
2394,seen at the cinema
2394,prince
2395,bill murray
2395,wes anderson
2395,quirky
2395,witty
2395,seen more than once
2395,high school
2395,stylized
2395,criterion
2395,netflix
2395,bittersweet
2395,coming of age
2395,wired 50 greatest soundtracks
2395,notable soundtrack
2395,irreverent
2395,school drama
2395,need to own
2395,affectionate
2395,high school life
2395,deadpan
2395,unlikely friendships
2395,offbeat comedy
2395,literate
2395,love triangles
2395,misfits and outsiders
2396,england
2396,oscar (best actress)
2396,oscar (best supporting actress)
2396,oscar (best picture)
2396,romance
2396,gwyneth paltrow
2396,drama
2396,clearplay
2396,shakespeare
2396,geoffrey rush
2396,own
2396,seen at the cinema
2396,dramedy
2396,tumeys dvds
2396,crossdressing women
2396,gwenth paltrow
2396,period
2396,veja
2396,elizabethan
2398,sappy
2398,christmas
2398,owned
2398,classic
2398,courtroom
2398,new york
2398,holiday
2398,santa claus
2398,remade
2398,psychiatry
2398,oscar (best supporting actor)
2398,maureen ohara
2398,dated
2398,afi 100 (cheers)
2398,national film registry
2398,motherdaughter relationships
2398,setting:nyc
2399,70mm
2401,clint eastwood
2401,not corv lib
2402,action
2402,sylvester stallone
2402,70mm
2402,golden raspberry (worst picture)
2402,golden raspberry (worst actor)
2403,action
2403,sylvester stallone
2403,special forces
2403,bad cop
2403,fish
2403,small town
2403,memories
2403,filmed in bc
2403,silvester stallone
2404,action
2404,war
2404,adventure
2404,sylvester stallone
2404,cult film
2404,ridiculous
2404,golden raspberry (worst actor)
2405,comedy
2405,action
2405,sequel
2405,adventure
2405,sweet and romantic
2405,okay
2405,okay once
2405,fun movie
2405,kathleen turner
2405,dont know
2405,river
2406,fun
2406,action
2406,thriller
2406,tv
2406,adventure
2406,cool
2406,chick flick
2406,writer
2406,80s
2406,jungle
2406,treasure
2406,foqam
2406,silly fun
2406,kathleen turner
2406,novelist as protagonist
2406,bechdel test:fail
2406,rent
2406,romans
2406,treasure hunt
2407,aliens
2407,owned
2407,nudity (rear)
2407,70mm
2407,futuristmoviescom
2407,oscar (best supporting actor)
2407,soft
2408,70mm
2409,boxing
2409,sports
2409,fighting
2409,sylvester stallone
2409,classic
2409,sport:boxing
2409,silly
2409,franchise
2409,nostalgic
2409,unbelievable
2409,fight
2409,heroic mission
2409,competitive sport
2410,boxing
2410,sports
2410,sylvester stallone
2410,new york city
2410,los angeles
2410,70mm
2410,sport:boxing
2410,franchise
2410,underdog
2410,competitive sport
2410,philadelphia
2411,boxing
2411,action
2411,sports
2411,sylvester stallone
2411,seen more than once
2411,70mm
2411,sport:boxing
2411,franchise
2411,competitive sport
2411,golden raspberry (worst actor)
2412,boxing
2412,action
2412,fighting
2412,drama
2412,sylvester stallone
2412,sport:boxing
2412,franchise
2412,box
2412,for kids
2412,idiot
2412,competitive sport
2412,crapflix
2412,brutality
2413,on computer
2413,quirky
2413,murder
2413,classical
2413,christopher lloyd
2413,tumeys dvds
2413,betamax
2413,adapted from:game
2413,dvd:alternate endings
2413,genre:movie as whodunit
2414,70mm
2414,steven spielberg
2414,get
2414,sherlock holmes
2414,avi
2416,nudity (topless)
2416,betamax
2417,jack nicholson
2417,hw drama
2419,betamax
2420,classic
2420,martial arts
2420,culture clash
2420,get
2420,pat morita
2420,kate
2420,underdog
2420,divx1
2420,afi 100 (cheers)
2420,80s classic
2420,to see
2421,drama
2421,martial arts
2421,culture clash
2421,cant remember
2421,pat morita
2421,kathleen turner
2422,sequel
2422,karate
2422,martial arts
2422,mentor
2422,los angeles
2422,competition
2422,okinawa
2422,seen 2006
2422,pat morita
2422,not good at all
2422,nostalgia
2422,small business
2422,veterans
2423,funny
2423,comedy
2423,fun
2423,suburbia
2423,charlie kaufman
2423,christmas
2423,humor
2423,holiday
2423,movie to see
2423,white trash
2423,chevy chase
2423,family comedy
2423,xmas theme
2423,neighbors
2423,boss
2423,jinxed character(s)
2424,fun
2424,boring
2424,tom hanks
2424,romance
2424,gay
2424,romantic comedy
2424,chick flick 212
2424,new york city
2424,remake
2424,romcom
2424,girlie movie
2424,good romantic comedies
2424,meg ryan
2424,love story
2424,chick flick
2424,enjoyed despite myself
2424,wornout
2424,flick
2424,classic romantic comedy
2424,nora ephron
2424,greg kinnear
2424,young anakin
2425,ireland
2427,world war ii
2427,want to see again
2427,ensemble cast
2427,bibliothek
2427,remake
2427,based on a book
2427,reflective
2427,meditative
2427,cult classic
2427,bfi modern classic
2427,atmospheric
2427,nature
2427,melancholy
2427,library
2427,seen at the cinema
2427,lyrical
2427,oscar nominee: adapted screenplay
2427,tumeys dvds
2427,terrence malick
2427,deliberate
2427,seen
2427,elegiac
2427,taped
2428,aliens
2428,sports
2428,robert rodriguez
2428,remake
2428,high school
2428,parody
2428,seen at the cinema
2429,david paymer
2429,charlize theron
2429,bill paxton
2430,kids movie
2431,comedy
2431,philip seymour hoffman
2431,drama
2431,robin williams
2431,true story
2431,paris
2431,bad
2431,okay once
2431,psychiatry
2431,dramedy
2431,dont know
2431,protagonist is medical doctor
2431,doctors
2431,tom shadyac
2431,doctors and patients
2432,family
2433,adapted from:book
2433,courtroom drama
2435,dvd
2435,tumeys dvds
2436,world war 2
2436,fascism
2436,italy
2436,world war ii
2436,nonfiction
2437,prison
2437,gay
2437,jude law
2437,oscar wilde
2437,want to own
2437,ohsoso
2437,stephen fry
2437,biopics
2437,writers at work
2439,oscar (best supporting actor)
2439,agonizing
2441,bibliothek
2442,biopic
2442,music
2442,in netflix queue
2442,bibliothek
2442,classical music
2442,netwatch
2442,seen
2442,rachel griffiths
2443,own
2444,boxing
2444,black and white
2445,romance
2445,mira sorvino
2447,nudity (topless)
2447,sports
2447,high school
2447,football
2447,texas
2447,teen
2447,mtv
2447,1990s
2447,sport:american football
2450,cult film
2450,70mm
2450,so bad its good
2450,worst ever
2450,unbearable
2450,adapted from:comic
2450,golden raspberry (worst picture)
2451,metal
2453,inspirational
2453,family
2453,betamax
2453,inspiration for life
2454,erlends dvds
2454,remade
2454,teleportation
2454,mad scientist
2454,sequelto:the fly (1958)
2454,vincent price
2454,scientist experiments on self
2455,romance
2455,remake
2455,cant remember
2455,erlends dvds
2455,mad scientist
2455,tumeys dvds
2455,to see
2455,tragic hero
2455,saab
2457,nudity (rear)
2458,betamax
2459,gothic
2459,dvd
2459,tense
2459,cannibalism
2459,disturbing
2459,erlends dvds
2459,atmospheric
2459,tumeys dvds
2459,nightmare vacations
2459,menacing
2459,grim
2459,gruesome
2460,quirky
2460,tense
2460,creepy
2460,tumeys dvds
2460,menacing
2460,gruesome
2461,serial killer
2463,comedy
2463,kidnapping
2463,cant remember
2463,really good
2463,logic complexity
2463,bette midler
2465,betamax
2467,medieval
2467,dvd
2467,sean connery
2467,religion
2467,70mm
2467,murder
2467,based on a book
2467,adapted from:book
2467,erlends dvds
2467,f murray abraham
2467,amateur detective
2467,whodunit
2467,monastery
2468,directorial debut
2468,whoopi goldberg
2469,time travel
2469,nicolas cage
2469,teen
2469,afternoon section
2469,francis ford coppola
2469,1950s
2469,1960s
2470,funny
2470,adventure
2470,chick flick
2470,cant remember
2470,cross dressing
2470,guilty pleasure
2470,australia
2470,clv
2471,sequel
2471,new york city
2471,cant remember
2471,australia
2472,70mm
2474,oscar (best actor)
2474,tom cruise
2474,70mm
2474,pool
2474,tumeys dvds
2474,my movies
2475,betamax
2476,nudity (topless)
2476,clint eastwood
2478,funny
2478,overrated
2478,comedy
2478,easygoing
2478,quirky
2478,friendship
2478,kids movie
2478,mexico
2478,silly
2478,silly but good
2478,buddy comedy
2478,dude comedy
2478,goofy
2478,john landis
2478,chevy chase
2478,martin short
2478,steve martin
2478,slapstick
2478,western comedy
2478,madcap
2478,light
2478,corny
2478,silly fun
2478,mistaken identities
2478,unlikely heroes
2478,upbeat
2478,righting the wronged
2482,rock and roll
2482,hw comedy
2482,not corv lib
2483,satirical
2483,stylized
2483,silly
2483,campy
2483,heroic mission
2483,eerie
2483,to see
2483,priest
2483,obsessive quests
2483,gruesome
2483,devil worship
2483,unlikely criminals
2485,comedy
2485,fun
2485,romance
2485,owned
2485,romantic comedy
2485,remake
2485,high school
2485,chick flick
2485,teen
2485,okay
2485,1990s
2485,fun movie
2485,teenagers
2485,nostalgia
2488,serial killer
2488,tense
2488,creepy
2488,disturbing
2488,fathers and sons
2488,understated
2488,criterion
2488,reflective
2488,voyeurism
2488,atmospheric
2488,haunted by the past
2488,voyeurs
2490,action
2490,revenge
2490,classic
2490,remake
2490,mel gibson
2490,a legend
2490,clearplay
2490,parody
2490,narrated
2490,want it
2490,seen at the cinema
2490,erics dvds
2490,remadeas:payback(1999)
2490,remakeof:point blank(1967)
2490,plot point:time is short
2490,troubled production
2491,food
2491,hw comedy
2494,world war 2
2494,holocaust
2494,world war ii
2494,biography
2494,true story
2494,historical
2494,jewish holocaust
2494,hungary
2494,oscar (best documentary feature)
2496,brendan fraser
2496,teen
2496,atomic bomb
2497,romance
2498,christopher lloyd
2498,tv remake
2501,space
2501,true story
2501,jake gyllenhaal
2501,laura dern
2501,chris cooper
2501,space program
2501,occult technology
2501,liz should see
2502,satire
2502,comedy
2502,fraud
2502,quirky
2502,revenge
2502,cult film
2502,rebellion
2502,90s
2502,workplace
2502,cult classic
2502,office
2502,crime gone awry
2502,netflix
2502,technology
2502,own
2502,corporate america
2502,mike judge
2502,stupidity
2502,slackers
2502,hypnosis
2502,erics dvds
2502,j netflix
2502,anomie
2502,offbeat comedy
2502,corporate
2502,must show
2502,pua
2503,apple
2503,childhood
2503,on dvr
2503,friendship
2503,religion
2503,marriage
2503,girls
2503,women
2503,media
2503,dysfunctional family
2503,overprotective parents
2503,family dynamics
2503,twins
2503,mirrors
2503,blind
2503,ice cream
2503,fathers and daughters
2503,neighbors
2503,fundamentalism
2503,trapped or confined
2503,letters
2503,social worker
2503,gender
2503,saw (tool)
2503,house
2503,insularity
2505,nicolas cage
2505,disturbing
2505,must see
2505,trash
2505,joaquin phoenix
2505,pretty good
2505,sucks big time
2506,giovanni ribisi
2506,diane keaton
2506,disability
2511,satirical
2511,los angeles
2511,murder
2511,adapted from:book
2511,robert altman
2511,irreverent
2511,cynical
2511,deadpan
2511,author:raymond chandler
2511,cons and scams
2511,wry
2511,character:philip marlowe
2511,private detective
2511,svens to see list
2511,faltering friendships
2511,femmes fatales
2511,private eyes
2511,cinematographer:vilmos zsigmond
2512,japan
2512,remake
2512,golden palm
2513,stephen king
2513,adapted from:book
2513,author:stephen king
2516,splatter
2517,stephen king
2517,based on a book
2517,adapted from:book
2517,author:stephen king
2517,hulu
2517,betamax
2517,adolescence is hell
2518,nudity (topless)
2519,ghosts
2519,haunted house
2519,remade
2519,hw classics
2519,tumeys dvds
2520,oscar (best supporting actress)
2520,70mm
2520,burt lancaster
2521,aviation
2524,oscar (best cinematography)
2524,70mm
2524,great action
2524,friday night movie
2524,tumeys dvds
2525,betamax
2527,androids
2527,futuristmoviescom
2527,yul brynner
2527,michael crichton
2527,tumeys dvds
2528,dystopia
2528,nudity (topless)
2528,violence
2528,70mm
2528,futuristmoviescom
2528,utopia
2528,avi
2529,dystopia
2529,violence
2529,imdb top 250
2529,satirical
2529,twist ending
2529,owned
2529,dvd
2529,tense
2529,based on a book
2529,paranoid
2529,futuristmoviescom
2529,forceful
2529,original
2529,play adaptation
2529,afi 100 (movie quotes)
2529,afi 100 (thrills)
2529,national film registry
2529,rousing
2529,far future
2530,dvdram
2530,doomsday
2531,dvdram
2532,futuristmoviescom
2532,dvdram
2533,time travel
2535,70mm
2535,disaster
2535,betamax
2538,less than 300 ratings
2538,corvallis library
2539,unfunny
2539,mafia
2539,bibliothek
2539,psychology
2539,psychiatrist
2539,robert deniro
2539,psychiatrist as protagonist
2541,high school
2541,baby
2541,based on a book
2541,clearplay
2541,get
2541,lebbat
2541,ryan philippe
2542,drugs
2542,nudity (topless)
2542,violence
2542,imdb top 250
2542,dark comedy
2542,in netflix queue
2542,amazing
2542,british
2542,owned
2542,dvd
2542,organized crime
2542,jason statham
2542,black comedy
2542,marijuana
2542,vinnie jones
2542,guns
2542,directorial debut
2542,want it
2542,wired 50 greatest soundtracks
2542,poker
2542,seen at the cinema
2542,debt
2542,gunfight
2542,my movies
2542,locusts
2546,boring
2546,taped
2549,scifi
2549,video game adaptation
2549,adapted from:game
2550,gothic
2550,ghosts
2550,erlends dvds
2551,drugs
2551,nudity (topless)
2551,tragedy
2551,based on a book
2551,disturbing
2551,adapted from:book
2551,criterion
2551,drug abuse
2551,david cronenberg
2551,alter ego
2551,betamax
2551,setting:montreal
2551,doctors
2553,black and white
2553,evil children
2553,psychic powers
2553,remade
2554,sequel
2554,evil children
2554,psychic powers
2554,frightening
2555,no rec
2555,imdb bottom 100
2557,directorial debut
2560,cannibalism
2561,clint eastwood
2561,andrew klavan
2563,nudity (topless)
2563,italy
2563,notable nudity
2563,16th century
2563,courtesan
2565,oscar (best actor)
2565,owned
2565,70mm
2565,good musicals
2565,adapted from bway
2565,siam
2565,rita moreno
2565,high brow
2566,disney
2567,san francisco
2567,pg13
2567,afternoon section
2567,see also:the truman show
2570,nudity (topless)
2570,adultery
2571,dystopia
2571,computers
2571,surreal
2571,action
2571,fantasy
2571,virtual reality
2571,superhero
2571,imdb top 250
2571,scifi
2571,tv
2571,keanu reeves
2571,dark
2571,product placement
2571,phone booth
2571,super interesting
2571,owned
2571,dvd
2571,philosophical
2571,cult film
2571,seen more than once
2571,martial arts
2571,philosophy
2571,alternate universe
2571,alternate world
2571,futuro
2571,hackers
2571,classic thriller
2571,fiction
2571,stylized
2571,90s
2571,neo
2571,machines
2571,bfi modern classic
2571,erlends dvds
2571,guns
2571,sci fi
2571,atmospheric
2571,futuristmoviescom
2571,distopia
2571,own
2571,favorites
2571,laurence fishburne
2571,hugo weaving
2571,carrieanne moss
2571,joe pantoliano
2571,gfei own it
2571,larry wachkowski
2571,oscar (best editing)
2571,oscar winner
2571,original
2571,cyberpunk
2571,seen at the cinema
2571,watched 1999
2571,human versus computer
2571,simulated reality
2571,hacking
2571,lawrence fishburn
2571,oscar (best sound)
2571,saturn award (best director)
2571,afi 100 (thrills)
2571,erics dvds
2571,ohsoso
2571,tumeys dvds
2571,facebook rec
2571,ominous
2571,netflix instant watching
2571,lots of kicking
2571,artificial intelligence
2571,visceral
2571,hacker
2571,related:the matrix (1999)
2571,psychic character
2571,avi
2571,scope
2571,savior
2571,heroine in tight suit
2571,antiauthoritarian
2571,visionary
2571,mind power
2571,life choices
2571,a very good moive
2571,andy wachowski
2571,smart
2571,gun fu
2571,mf
2571,multiple realities
2572,adaptation
2572,better than expected
2572,teen
2572,romantic
2572,enjoyable
2572,heath ledger
2572,guilty pleasure
2572,1990s
2572,julia stiles
2572,k movie
2572,actually funny
2572,playwright:shakespeare
2572,adapted from:play
2572,shakespeare sort of
2575,understated
2575,compassionate
2575,talky
2575,gritty
2575,downbeat
2575,drab
2575,selfdestructive romance
2575,buy
2575,down on their luck
2575,womens friendship
2578,time travel
2578,lesbian
2578,slash
2579,christopher nolan
2579,black and white
2579,underrated
2579,out of order
2579,tivo
2579,directorial debut
2580,drugs
2580,nudity (topless)
2580,on dvr
2580,on disc
2580,seen more than once
2580,cant remember
2580,own
2581,drew barrymore
2581,high school
2581,good romantic comedies
2581,chick flick
2581,michael vartan
2581,john c reilly
2582,martial arts
2582,jackie chan
2582,kung fu
2583,boring
2583,robert altman
2583,quirky good
2583,altman
2585,childhood
2585,school
2585,nonlinear
2585,male nudity
2585,nudity (rear)
2585,teens
2585,airplane
2585,coming of age
2585,spanish
2585,nature
2585,coincidences
2585,teen relationships
2585,library vhs
2585,multinational settings
2585,masturbation
2585,anachronistic
2585,landscape
2585,sexual awakening
2585,seasons
2585,duality
2585,bluish
2585,juxtaposition
2585,deceased family member
2585,finns
2585,abroad
2585,circular
2585,teenage girl
2585,julio medem
2587,martin lawrence
2590,nudity (topless)
2590,road trip
2590,tumeys dvds
2593,sexuality
2594,mindfuck
2594,get
2594,hulu
2594,library vhs
2594,tumeys dvds
2594,philip k dick (uncredited)
2594,slow starter
2596,drugs
2596,high school
2596,narrated
2596,good message
2596,punk
2596,salt lake city
2596,punks
2597,david spade
2598,aviation
2598,didnt finish
2598,golfing
2598,meh
2598,appallingly dull
2599,alexander payne
2599,reese witherspoon
2599,satirical
2599,dark comedy
2599,hilarious :d
2599,witty
2599,seen more than once
2599,black comedy
2599,high school
2599,payne
2599,teen
2599,mtv
2599,zim
2599,irreverent
2599,didnt finish
2599,cynical
2599,watchagain
2599,high school life
2599,deadpan
2599,extramarital affairs
2599,biting
2599,sibling relationships
2599,two hours of suck
2599,rewatch
2599,teachers and students
2599,obsessive quests
2599,matthew broderick
2600,strange
2600,virtual reality
2600,scifi
2600,mindfuck
2600,jude law
2600,good romantic comedies
2600,alternate reality
2600,video game
2600,futuristmoviescom
2600,own
2600,david cronenberg
2600,want to own
2600,cronenberg
2600,dvdvideo
2600,decent
2600,technoevolution
2600,mtsvod
2600,multiple realities
2600,geeks on screen
2602,easygoing
2602,campy
2605,sean connery
2605,catherine zetajones
2606,nudity (topless)
2606,seth green
2607,in netflix queue
2607,gay
2609,orphans
2609,buddhism
2609,cross dressing
2609,opera
2609,monkey
2609,adoption
2609,1900s
2609,library vhs
2609,apprenticeship
2609,carnival
2609,cultural customs and traditions
2609,temple
2609,mask
2609,artist
2609,slave trade
2609,gender discrimination
2609,photograph
2609,stealing
2609,deceased family member
2609,sword
2609,20th century
2609,acrobat
2609,successor
2609,illness
2609,child selling
2609,street children
2610,sundance award winner
2610,sundance grand jury prize
2612,oscar (best actress)
2612,national film registry
2612,motherhood
2613,end of the world
2613,teen
2615,al leong
2616,70mm
2616,70mm blowup
2617,archaeology
2617,stupid
2617,music
2617,boring
2617,sand
2617,egypt
2617,brendan fraser
2617,rachel weisz
2617,john hannah
2617,arnold vosloo
2617,seen at the cinema
2617,curse
2617,mummy
2617,books
2617,librarians
2617,priest
2617,bald nemesis
2622,based on a book
2622,shakespeare
2622,michelle pfeiffer
2622,own
2622,based on a play
2622,playwright:shakespeare
2622,adapted from:play
2624,memory
2624,understated
2624,reflective
2624,meditative
2624,movie to see
2624,wistful
2624,gentle
2624,afterlife
2624,memories
2624,lyrical
2624,haunted by the past
2624,austere
2624,supernatural romance
2625,librarians
2627,less than 300 ratings
2628,robots
2628,action
2628,sequel
2628,prequel
2628,space
2628,fantasy
2628,stanley kubrick
2628,scifi
2628,boring
2628,samuel l jackson
2628,adventure
2628,dvd
2628,seen more than once
2628,natalie portman
2628,space opera
2628,franchise
2628,futuristmoviescom
2628,series
2628,liam neeson
2628,lucas
2628,seen at the cinema
2628,divx1
2628,saturn award (best costumes)
2628,dynamic cgi action
2628,galactic
2628,far future
2628,young anakin
2629,letters
2630,bernardo bertolucci
2632,dreamlike
2632,reflective
2632,meditative
2632,atmospheric
2632,enigmatic
2633,mummy
2634,brendan fraser
2634,mummy
2634,hammer film productions
2635,mummy
2636,mummy
2637,mummy
2638,mummy
2639,faye dunaway
2639,afi 100 (movie quotes)
2639,enlightening
2639,golden raspberry (worst picture)
2639,golden raspberry (worst actress)
2640,fantasy
2640,aliens
2640,superhero
2640,marlon brando
2640,scifi
2640,boring
2640,want to see again
2640,phone booth
2640,dvd
2640,tense
2640,70mm
2640,dc
2640,franchise
2640,comic book adaption
2640,based on a comic
2640,gene hackman
2640,cheesy bad
2640,sucks
2640,superheros
2640,light
2640,alter ego
2640,christopher reeve
2640,want
2640,comic books
2640,adapted from:comic
2640,dc comics
2640,setting:nyc
2640,rousing
2640,upbeat
2640,big budget
2640,cinematographer:geoffrey unsworth
2641,aliens
2641,superhero
2641,scifi
2641,want to see again
2641,phone booth
2641,dvd
2641,70mm
2641,dc
2641,franchise
2641,based on a comic
2641,gene hackman
2641,alter ego
2641,christopher reeve
2641,adapted from:comic
2641,dc comics
2641,dont remember
2641,cinematographer:geoffrey unsworth
2642,superhero
2642,phone booth
2642,70mm
2642,dc
2642,franchise
2642,alter ego
2642,christopher reeve
2642,dont want to see
2642,comic books
2642,adapted from:comic
2642,richard pryor
2642,dc comics
2642,computer hacker
2643,superhero
2643,phone booth
2643,hackers
2643,cant remember
2643,dc
2643,franchise
2643,based on a comic
2643,gene hackman
2643,alter ego
2643,no rec
2643,christopher reeve
2643,adapted from:comic
2643,dc comics
2643,nostalgia
2643,menahem golan
2644,gothic
2644,vampire
2644,on dvr
2644,polygamy
2644,universal monsters
2644,erlends dvds
2644,castle
2644,concert
2644,spiders
2644,dvdr
2644,bats
2644,hypnosis
2644,literary adaptation
2644,afi 100 (movie quotes)
2644,afi 100 (thrills)
2644,national film registry
2644,dvdram
2644,good versus evil
2644,seafaring
2644,mirrors
2644,wolves
2644,loyalty vs betrayal
2644,cdon
2644,dangerous attraction
2644,lhomme fatal
2644,trailblazing
2644,undead
2644,doctors and patients
2644,coffin
2644,may 1
2644,walpurgis night
2646,gothic
2646,vampire
2647,gothic
2648,gothic
2648,horror
2648,imdb top 250
2648,in netflix queue
2648,dvd
2648,based on a book
2648,adapted from:book
2648,frankenstein
2648,erlends dvds
2648,sequel better than original
2648,afi 100
2648,emerson must see
2648,afi 100 (movie quotes)
2648,afi 100 (thrills)
2648,national film registry
2648,trailblazing
2648,classic horror
2649,gothic
2650,gothic
2651,police
2651,gothic
2651,diary
2651,frankenstein
2651,werewolf
2651,singing
2651,universal monsters
2651,erlends dvds
2651,ring
2651,curse
2651,hospital
2651,death wish
2651,festivals
2651,doctorpatient relationship
2651,robbers
2651,graveyard
2651,mayor
2652,gothic
2652,hammer film productions
2653,gothic
2653,vampire
2654,gothic
2654,werewolf
2654,universal monsters
2654,erlends dvds
2654,memorable
2654,trailblazing
2654,fortunetelling
2655,werewolf
2655,werewolves
2655,imdb bottom 100
2657,androids
2657,aliens
2657,great soundtrack
2657,classic
2657,cult film
2657,<3
2657,musical
2657,glbt
2657,murder
2657,infidelity
2657,trippy
2657,cross dressing
2657,must see
2657,sexuality
2657,campy
2657,camp
2657,cult classic
2657,homosexuality
2657,a classic
2657,weird
2657,cult
2657,adultery
2657,hard to rate
2657,gltbq
2657,comedy musical
2657,want to own
2657,transvestism
2657,transgender
2657,national film registry
2657,5 stars
2657,catchy score
2657,adapted from:play
2657,awesome soundtrack
2657,bisexual
2657,drag
2657,cdon
2657,otherness
2657,unconventional
2657,glam rock
2660,aliens
2660,afi 100 (thrills)
2660,national film registry
2661,ray bradbury
2662,aliens
2662,classic
2662,based on a book
2662,black and white
2662,adapted from:book
2662,futuristmoviescom
2662,classic monster
2662,good acting
2662,alien invasion
2662,excellent for its time
2662,good effects
2662,to see
2662,author:h g wells
2662,hg wells
2664,tense
2664,disturbing
2664,paranoid
2664,movie to see
2664,1950s
2664,afi 100 (thrills)
2664,national film registry
2664,tumeys dvds
2664,ominous
2664,menacing
2664,svens to see list
2664,grim
2664,evil twin
2664,evil aliens
2665,dvdr
2665,dvdram
2668,nudity (topless)
2668,dc comics
2670,world war ii
2670,submarine
2671,overrated
2671,excellent
2671,julia roberts
2671,seen more than once
2671,girlie movie
2671,good romantic comedies
2671,chick flick
2671,afternoon section
2671,favorite
2671,useless
2671,hugh grant
2671,library
2671,good date movie
2672,virtual reality
2672,ratedr
2672,simulated reality
2673,golden palm
2675,less than 300 ratings
2677,life
2677,on dvr
2677,in netflix queue
2677,life in general
2677,concert
2677,cuba
2677,old age
2677,wim wenders
2677,music business
2677,musicians
2677,musicians life
2677,music documentary
2681,surreal
2681,scifi cult
2681,star trek
2681,william shatner
2681,friday night movie
2682,exceptional acting
2682,underrated
2682,great screenplays
2683,funny
2683,time travel
2683,sequel
2683,stupid
2683,hilarious
2683,mike myers
2683,seen more than once
2683,james bond
2683,spoof
2683,baby
2683,parody
2683,foqam
2683,heather graham
2683,obvious
2683,craptacular
2683,heh
2683,related:007 (series)
2683,jay roach
2683,happy
2686,nudity (topless)
2686,music
2686,samuel l jackson
2686,nudity (rear)
2686,multiple storylines
2686,orphans
2686,red
2686,concert
2686,beautiful music
2686,without martha
2686,mnm
2686,heart problems
2686,writers life
2686,library vhs
2686,multinational settings
2686,violin
2686,teacher
2686,inspiration
2686,teacher student relationship
2686,musicians
2686,audition
2686,legacy
2686,monks
2686,antique
2686,muse
2686,child prodigy
2686,letters
2686,death of a spouse
2686,communists
2686,woodworking
2686,orphanage
2686,monastery
2686,fortunetelling
2687,disney animated feature
2687,true story
2687,disney
2687,adapted from:book
2687,humanity
2687,(s)vcd
2688,military
2688,nudity (full frontal)
2688,rape
2690,bibliothek
2690,rupert everett
2690,oscar wilde
2690,based on a play
2690,adapted from bway
2691,music
2691,leonardo dicaprio
2691,na
2691,attachment
2691,tim roth
2692,time travel
2692,fun
2692,surreal
2692,easygoing
2692,heist
2692,artistic
2692,nonlinear
2692,imdb top 250
2692,animation
2692,seen more than once
2692,videogame like
2692,short
2692,good music
2692,time
2692,breakthroughs
2692,very clever
2692,whimsical
2692,get
2692,adultery
2692,notable soundtrack
2692,thoughtprovoking
2692,original
2692,madcap
2692,library
2692,german movie
2692,amazing kung fu
2692,could have been better
2692,tumeys dvds
2692,netflix instant watching
2692,hypertextual
2692,cool concept
2693,geeks
2693,quirky
2693,television
2693,netflix
2693,star trek
2693,kate
2693,dentist
2693,hs
2693,costumes
2694,didnt finish
2694,adam sandler
2694,golden raspberry (worst actor)
2695,less than 300 ratings
2697,england
2697,muslim
2697,rebellion
2699,action
2699,terror
2699,70mm
2699,cant remember
2699,dumb
2699,spiders
2699,more or less
2700,funny
2700,satire
2700,war
2700,satirical
2700,quirky
2700,seen more than once
2700,parody
2700,swearing
2700,raunchy
2700,free speech
2700,cartman
2700,goofy
2700,southern theme
2700,irreverent
2700,crude humor
2700,stupidity
2700,hard to rate
2700,seen at the cinema
2700,trey parker
2700,censorship
2700,erics dvds
2700,tumeys dvds
2700,frantic
2700,adult humor
2700,heh
2700,biting
2700,matt stone
2700,mature
2700,want to buy
2700,subversive
2701,comedy
2701,action
2701,scifi
2701,nudity (rear)
2701,will smith
2701,cartman
2701,kenneth branagh
2701,okay once
2701,steampunk
2701,mad scientist
2701,wheelchair
2701,library vhs
2701,bechdel test:fail
2701,subgenre:cop buddies
2701,golden raspberry (worst picture)
2701,big budget
2701,wheelchair badass
2701,tv remake
2701,barry sonnenfeld
2702,serial killer
2702,nudity (topless)
2702,murder
2704,bibliothek
2704,library
2706,comedy
2706,stupid
2706,boring
2706,sean penn
2706,tits
2706,mena suvari
2706,amazing cinematography
2706,teen
2706,alyson hannigan
2706,movies i owndvd
2706,best comedy
2707,owned
2707,bibliothek
2707,conspiracy
2707,clearplay
2707,terrorism
2707,united states
2707,movie to see
2707,killing
2707,spionage
2709,funny
2709,franchise
2709,talking animals
2709,ray liotta
2709,rob schneider
2709,f murray abraham
2709,puppetry
2710,boring
2710,low budget
2710,dvd
2710,handycam
2710,scary
2710,obnoxious
2710,mockumentary
2710,directorial debut
2710,not bad
2710,no happy end
2710,blindness
2710,tumeys dvds
2710,video
2710,golden raspberry (worst actress)
2710,rewatch for rating
2710,wouldnt see again
2712,erotic
2712,stanley kubrick
2712,thriller
2712,vhs
2712,tom cruise
2712,bibliothek
2712,seen more than once
2712,dreamlike
2712,nudity (full frontal)
2712,nicole kidman
2712,sexuality
2712,voyeurism
2712,unwatchable
2712,atmospheric
2712,breathtaking
2712,get
2712,sexual
2712,lavish
2712,seen at the cinema
2712,enigmatic
2712,tedious
2712,tumeys dvds
2712,deliberate
2712,mask
2712,moody
2712,sexual fantasy
2712,reallife married couple
2716,bill murray
2716,comedy
2716,mystery
2716,action
2716,ghosts
2716,scifi
2716,tv
2716,new york city
2716,70mm
2716,sigourney weaver
2716,saturday night live
2716,monsters
2716,afternoon section
2716,okay
2716,rick moranis
2716,dan aykroyd
2716,gfei own it
2716,afi 100 (laughs)
2716,dan ackroyd
2716,horror comedy
2716,tumeys dvds
2716,to see
2716,paranormal
2716,occult technology
2716,(s)vcd
2717,bill murray
2717,comedy
2717,ghosts
2717,fantasy
2717,sigourney weaver
2717,dan ackroyd
2718,black comedy
2718,friends should see
2718,mentally impaired
2719,remake
2719,liam neeson
2719,catherine zetajones
2719,my dvds
2721,one of my favorites
2722,shark
2722,futuristmoviescom
2722,seen at the cinema
2722,watched 1999
2723,comedy
2723,quirky
2723,want to see again
2723,parody
2723,greg kinnear
2724,julia roberts
2724,good romantic comedies
2724,writer
2724,wedding
2724,new york
2724,richard gere
2724,useless
2724,flick
2724,small town
2724,weddings
2724,scope
2725,twins
2726,heist
2726,stanley kubrick
2726,imdb top 250
2726,black and white
2726,cant remember
2726,friday night movie
2726,need to own
2726,library vhs
2726,hw classics
2726,tumeys dvds
2726,put me to sleep
2726,recorded
2727,on dvr
2727,short
2728,rome
2728,slavery
2728,imdb top 250
2728,oscar (best cinematography)
2728,70mm
2728,kubrick
2728,sweeping
2728,criterion
2728,erlends dvds
2728,oscar (best supporting actor)
2728,kirk douglas
2728,tony curtis
2728,k movie
2728,lavish
2728,forceful
2728,poignant
2728,library
2728,earnest
2728,charles laughton
2728,afi 100 (cheers)
2728,afi 100 (thrills)
2728,tumeys dvds
2728,sword and sandal
2728,deliberate
2728,subgenre:sword and sandal
2728,rousing
2728,classical studies
2729,sexy
2729,satirical
2729,drama
2729,based on a book
2729,adapted from:book
2729,cynical
2729,literature
2729,talky
2729,library vhs
2729,tumeys dvds
2729,bfi classic
2729,biting
2730,slow
2730,oscar (best cinematography)
2730,fathers and sons
2730,narrated
2730,atmospheric
2730,18th century
2730,lavish
2730,cynical
2730,corvallis library
2730,tumeys dvds
2730,betamax
2730,somber
2730,photography
2730,scheme
2730,deliberate
2730,wry
2730,downbeat
2730,rise and fall stories
2730,cdon
2730,social climbing
2730,cinematographer:john alcott
2731,francois truffaut
2731,imdb top 250
2731,want to see again
2731,heartwarming
2731,paris
2731,france
2731,no story line
2731,criterion
2731,reflective
2731,runaway
2731,cult
2731,directorial debut
2731,school drama
2731,need to own
2731,gentle
2731,janus 50
2731,library
2731,youth
2731,lyrical
2731,corvallis library
2731,tumeys dvds
2731,dvdvideo
2731,new wave
2731,teacher student relationship
2731,mischievous children
2732,francois truffaut
2732,bibliothek
2732,criterion
2732,reflective
2732,bittersweet
2732,atmospheric
2732,janus 50
2732,lyrical
2732,talky
2732,corvallis library
2732,tumeys dvds
2732,dvdvideo
2732,moody
2734,based on a book
2734,rain forest
2734,obsession
2734,dysfunctional family
2734,tragic drama
2734,destruction
2734,islands
2734,missionary
2734,paul schrader screenplay
2734,natives
2735,dont remember
2736,betamax
2736,adapted from bway
2737,betamax
2738,betamax
2739,lesbian
2739,steven spielberg
2739,rape
2739,race
2739,women
2739,erlends dvds
2739,whoopie goldberg
2739,afi 100 (cheers)
2739,betamax
2739,veja
2742,gerard depardieu
2745,slavery
2745,owned
2745,bibliothek
2745,oscar (best cinematography)
2745,religion
2745,70mm
2745,ennio morricone
2745,golden palm
2745,tumeys dvds
2746,dark comedy
2746,excellent
2746,black comedy
2746,musical
2746,70mm
2746,monster
2746,nerd
2746,rick moranis
2746,frank oz
2746,saturn award (best music)
2746,sadism
2747,library vhs
2747,tumeys dvds
2748,pulp
2748,betamax
2750,woody allen
2750,nudity (rear)
2750,erlends dvds
2750,nostalgic
2750,seth green
2750,radio
2750,facebook rec
2750,nostalgia
2751,murder
2752,acting
2752,bette midler
2753,betamax
2757,true story
2757,hollywood
2757,erlends dvds
2757,psychiatry
2757,mental hospital
2757,electroshock therapy
2757,asylum
2757,lobotomy
2757,thrilling
2757,normality
2757,actors life
2757,domineering mother
2759,want to see again
2759,us history
2761,robots
2761,animation
2761,kids
2761,based on a book
2761,robot
2761,erlends dvds
2761,iraq
2761,directorial debut
2761,tumeys dvds
2761,giant robots
2761,scope
2761,(s)vcd
2761,buy
2762,ghosts/afterlife
2762,sexy
2762,ghosts
2762,imdb top 250
2762,vhs
2762,want to see again
2762,twist ending
2762,twist
2762,owned
2762,dvd
2762,psychology
2762,seen more than once
2762,mindfuck
2762,m night shyamalan
2762,pg13
2762,understated
2762,bruce willis
2762,good thriller
2762,stylized
2762,ghost
2762,haley joel osment
2762,surprise ending
2762,own
2762,favorites
2762,want it
2762,great concept
2762,eerie
2762,seen at the cinema
2762,watched 1999
2762,enigmatic
2762,oscar nominee
2762,need to buy
2762,dont want to see
2762,want
2762,afi 100 (movie quotes)
2762,afi 100 (thrills)
2762,tumeys dvds
2762,somber
2762,ominous
2762,frightening
2762,psychiatrist as protagonist
2762,psychic character
2762,moody
2762,shyamalan
2762,toni collette
2763,horrible
2763,nudity (topless)
2763,heist
2763,boring
2763,thriller
2763,bibliothek
2763,intelligent thriller
2763,clearplay
2763,painting
2763,art
2763,museum
2763,spy
2763,pierce brosnan
2763,own
2764,bibliothek
2769,joaquin phoenix
2770,parody
2770,robert downey jr
2770,eddie murphy
2770,related:007 (series)
2772,mr stretch
2772,edward furlong
2774,lesbian
2774,queer
2774,sexuality
2774,hw drama
2774,not corv lib
2775,gay
2778,boring
2779,ghosts/afterlife
2779,adultery
2779,remakeof:here comes mr jordan
2779,fate vs free will
2780,gothic
2780,erlends dvds
2780,edgar allan poe
2780,author:edgar allan poe
2782,gothic
2782,adapted from:book
2782,erlends dvds
2782,edgar allan poe
2782,author:edgar allan poe
2784,erlends dvds
2785,gothic
2785,erlends dvds
2785,edgar allan poe
2787,stephen king
2787,cant remember
2788,quirky
2788,monty python
2788,montypython
2788,gilliam
2788,own
2788,library vhs
2788,tumeys dvds
2788,clv
2788,sketch comedy
2788,bechdel test:fail
2791,funny
2791,comedy
2791,aviation
2791,farce
2791,classic
2791,spoof
2791,cant remember
2791,aids
2791,flying
2791,want it
2791,afi 100 (laughs)
2791,dumb but funny
2791,afi 100 (movie quotes)
2791,tumeys dvds
2791,zaz
2791,jbs dvds
2791,absurd
2792,aviation
2792,cant remember
2792,parody
2792,dont remember
2793,cant remember
2793,werewolf
2793,crappy sequel
2793,killerasprotagonist
2794,nudity (topless)
2794,cant remember
2794,chevy chase
2795,vampire
2795,nudity (topless)
2795,cant remember
2795,road trip
2795,notable nudity
2795,chevy chase
2796,fish out of water
2797,tom hanks
2797,tv
2797,classic
2797,seen more than once
2797,new york city
2797,family
2797,girlie movie
2797,cant remember
2797,switching places
2797,80s
2797,sex
2797,new york
2797,toys
2797,very good for kids
2797,1980s
2797,afi 100 (laughs)
2797,childhood flashback
2797,dvdvideo
2797,wishes
2797,related:big
2797,underaged sexchild porn
2797,carnival
2797,child as adult
2797,oscar nominee: original screenplay
2797,oscar nominee: lead actor
2798,cant remember
2798,pregnancy
2799,prequel
2799,seen more than once
2800,based on comic
2801,gambling
2802,mel gibson
2802,michelle pfeiffer
2803,julia roberts
2803,bibliothek
2803,adapted from:book
2803,john grisham
2803,sam shepard
2803,author:john grisham
2803,lawyers
2804,imdb top 250
2804,funniest movies
2804,tv
2804,christmas
2804,classic
2804,based on a book
2804,chick flick
2804,narrated
2804,want
2804,betamax
2805,james fox
2805,james caan
2805,hugh grant
2805,mob
2805,hw comedy
2806,kidnapping
2807,no rec
2807,jeanclaude van damme
2808,zombies
2808,cyborgs
2808,futuristmoviescom
2808,seen at the cinema
2808,jeanclaude van damme
2810,satoshi kon
2810,peter jackson
2810,anime
2810,to see
2810,celebrity
2810,stalker
2810,great anime
2815,nostalgia
2816,nostalgia
2819,thriller
2819,bibliothek
2819,based on a book
2819,assassins
2819,seen 2006
2819,1970s
2820,murder
2820,shakespeare
2820,adultery
2820,based on a play
2820,playwright:shakespeare
2820,adapted from:play
2821,based on a play
2821,jm barrie
2822,sean connery
2822,cancer
2822,primitive peoples
2822,rain forest
2822,dont remember
2824,boxing
2825,mental hospital
2826,very interesting
2826,michael crichton
2826,dvd collection
2826,myth
2826,big budget
2827,johnny depp
2827,aliens
2827,gfei own it
2827,alien abduction
2829,nudity (rear)
2829,sharon stone
2829,jeff bridges
2829,andie macdowell
2829,albert brooks
2837,gay
2837,homosexuality
2837,hugo weaving
2839,poignant
2839,earnest
2840,thriller
2840,religion
2840,sweeping
2840,christianity
2840,religious
2840,dont want to see
2840,religious theme
2841,mystery
2841,ghosts
2841,thriller
2841,vhs
2841,scary
2841,kevin bacon
2841,ghost
2841,k movie
2841,thrilling
2841,author:richard matheson
2841,matheson
2843,drugs
2843,gambling
2843,quirky
2843,witty
2843,bibliothek
2843,wedding
2843,train
2843,madcap
2843,light
2843,library vhs
2843,upbeat
2843,forced marriage
2843,nothing goes right
2843,hide the dead body
2845,wannabe gangters
2846,kids
2847,cary grant
2847,related:rio bravo
2848,orson welles
2848,shakespeare
2848,golden palm
2848,own
2848,based on a play
2848,playwright:shakespeare
2848,adapted from:play
2849,john malkovich
2850,sundance award winner
2850,directorial debut
2850,sundance grand jury prize
2851,space station
2851,evil robot
2852,military
2852,murder
2853,vhs
2853,setting:new jersey
2857,surreal
2857,beatles
2857,psychedelic
2857,yellow
2857,the beatles
2857,musical band:the beatles
2858,funny
2858,comedy
2858,nudity (topless)
2858,surrealism
2858,midlife crisis
2858,oscar (best directing)
2858,violence
2858,oscar (best actor)
2858,suburbia
2858,oscar (best picture)
2858,sam mendes
2858,imdb top 250
2858,satirical
2858,dark comedy
2858,in netflix queue
2858,vhs
2858,drama
2858,interesting
2858,super interesting
2858,oscar
2858,seen more than once
2858,powerful ending
2858,black comedy
2858,oscar (best cinematography)
2858,life in general
2858,mena suvari
2858,depression
2858,really good
2858,narrated
2858,must see
2858,reflective
2858,sexuality
2858,united states
2858,teen angst
2858,homosexuality
2858,erlends dvds
2858,social commentary
2858,annette bening
2858,emotional
2858,beautiful
2858,special
2858,coming of age
2858,get
2858,own
2858,cool but freaky
2858,directorial debut
2858,adultery
2858,irreverent
2858,ratedr
2858,midlife crises
2858,cynical
2858,thoughtprovoking
2858,watchagain
2858,lyrical
2858,lolitafetish
2858,dvdvideo
2858,biting
2858,wry
2858,underaged sexchild porn
2858,tumeys to see again
2858,life changing
2858,social drama
2858,cheerleading
2858,attachment
2858,modern life
2858,allison janney
2858,crumbling marriages
2859,jonathan demme
2859,music
2859,hollywood
2859,mtv
2859,concert
2859,not corv lib
2860,martin lawrence
2860,erics dvds
2861,sam raimi
2861,baseball
2861,k movie
2862,owned
2862,disturbing
2862,sexual
2862,forceful
2862,dvdvideo
2862,betamax
2862,visceral
2862,classical studies
2862,decadent
2862,lurid
2863,comedy
2863,music
2863,tv
2863,musical
2863,beatles
2863,rock and roll
2863,erlends dvds
2863,wired 50 greatest soundtracks
2863,music:rock and roll (1960s)
2863,musical band:the beatles
2864,less than 300 ratings
2867,vampire
2867,nudity (topless)
2867,vampires
2867,cheesy
2868,vampire
2868,cheesy
2870,new york
2870,apartment
2871,70mm
2871,erlends dvds
2871,very little dialogue
2871,burt reynolds
2871,jon voight
2871,friday night movie
2871,afi 100 (thrills)
2871,national film registry
2871,not corv lib
2871,river
2871,tumeys to see again
2871,my movies
2872,medieval
2872,nudity (topless)
2872,england
2872,adventure
2872,nudity (rear)
2872,adaptation
2872,crap
2872,legend
2872,based on a book
2872,holy grail
2872,king arthur
2872,historical
2872,good movie
2872,liam neeson
2872,sword fight
2872,excellent for its time
2872,mindblowing
2872,dvdvideo
2872,dont know
2872,to see
2872,historical epic
2872,myth
2872,old school
2872,sword
2875,jodie foster
2875,cant remember
2877,satirical
2877,musical
2877,70mm
2877,campy
2877,rock and roll
2877,cameos
2877,wired 50 greatest soundtracks
2877,notable soundtrack
2877,notable cast
2877,irreverent
2877,fanciful
2879,jackie chan
2880,jackie chan
2881,clearplay
2881,morgan freeman
2881,creative plot
2881,ashley judd
2882,robin williams
2882,adapted from:book
2882,remadeas:jacob the liar(1999)
2882,the shoah
2882,author:jurek becke
2883,nudity (topless)
2883,torent
2886,movie to see
2887,comedy
2887,action
2887,imdb bottom 100
2888,salt lake city
2888,utah
2889,russell crowe
2889,alaska
2890,comedy
2890,gulf war
2890,george clooney
2890,satirical
2890,seen more than once
2890,tense
2890,black comedy
2890,clearplay
2890,colonialism
2890,stylized
2890,middle east
2890,caper
2890,iraq
2890,death
2890,forceful
2890,oppl
2890,mark wahlberg
2890,antiwar
2890,us history
2890,tumeys dvds
2890,biting
2890,svens to see list
2890,confrontational
2891,william h macy
2895,jodie foster
2896,70mm
2897,quirky
2897,stylized
2897,criterion
2897,whimsical
2897,nostalgic
2897,fanciful
2898,stephen king
2898,based on a book
2898,clv
2899,adapted from:book
2899,gullah
2900,george a romero
2901,nudity (topless)
2901,disturbing
2901,cult classic
2901,memorable
2902,murder
2903,murder
2904,walter huston
2904,joan crawford
2905,akira kurosawa
2905,in netflix queue
2905,japan
2905,samurai
2905,toshiro mifune
2905,kurosawa
2905,criterion
2905,atmospheric
2905,library
2905,sword fighting
2905,rousing
2905,ratingzone top pick
2905,tatsuya nakadai
2906,infidelity
2906,harrison ford
2906,bonnie hunt
2906,richard jenkins
2906,peter coyote
2906,kristin scott thomas
2908,oscar (best actress)
2908,on dvr
2908,lesbian
2908,gay
2908,owned
2908,true story
2908,seen more than once
2908,disturbing
2908,rape
2908,sad
2908,library
2908,transgender
2908,tumeys dvds
2908,homophobia
2908,oppression
2912,thriller
2912,drama
2912,seen more than once
2912,own
2912,out for revenge
2912,tumeys dvds
2915,tom cruise
2915,nudity (full frontal)
2915,teen
2915,prostitution
2915,dancing
2915,good acting
2915,tumeys dvds
2916,dystopia
2916,espionage
2916,virtual reality
2916,stupid
2916,memory
2916,philip k dick
2916,space travel
2916,conspiracy
2916,politics
2916,alternate universe
2916,70mm
2916,murder
2916,arnold schwarzenegger
2916,erlends dvds
2916,very interesting
2916,futuristmoviescom
2916,own
2916,tumeys dvds
2916,killerasprotagonist
2916,brutal violence
2916,author:philip k dick
2916,paul verhoeven
2916,mutants
2916,mars
2916,massacred the book
2917,sexy
2917,twist ending
2917,tense
2917,disturbing
2917,atmospheric
2917,favorites
2917,directorial debut
2917,cynical
2917,library
2917,afi 100 (thrills)
2917,dvdvideo
2917,betamax
2917,ominous
2917,dangerous attraction
2917,femmes fatales
2917,perfect crime
2917,treacherous spouses
2917,logic complexity
2918,comedy
2918,fun
2918,tv
2918,genius
2918,seen more than once
2918,high school
2918,pg13
2918,teens
2918,teen
2918,80s
2918,teen movie
2918,coming of age
2918,1980s
2918,one day
2918,john hughes
2918,divx1
2918,tumeys dvds
2918,ferris wheel
2918,best movie ever made
2918,matthew broderick
2918,changed my life
2919,oscar (best supporting actress)
2919,thriller
2919,journalism
2920,paris
2920,shakespeare
2920,criterion
2920,19th century
2920,bittersweet
2920,atmospheric
2920,lyrical
2920,love triangle
2920,literate
2920,wry
2920,oscar nominee: original screenplay
2920,mimes
2920,pathe
2920,backstage
2920,duel
2920,elegant
2921,clint eastwood
2921,bleak
2921,stylized
2921,spaghetti western
2921,gloomy
2921,cynical
2921,enigmatic
2921,genre:western noir
2921,veja
2922,clint eastwood
2922,stylized
2922,shooting
2922,spaghetti western
2922,cynical
2922,rousing
2924,martial arts
2924,jackie chan
2924,kung fu
2924,lots of kicking
2925,bernardo bertolucci
2925,vhs
2925,disturbing
2925,reflective
2925,atmospheric
2925,haunted by the past
2925,somber
2925,photography
2925,menacing
2925,downbeat
2925,social climbing
2926,retro
2926,teens
2926,teen
2926,60s
2926,rock and roll
2926,girls
2926,1960s
2926,setting:baltimore
2926,remakeof:hairspray(1988)
2926,taped
2927,imdb top 250
2927,understated
2927,criterion
2927,erlends dvds
2927,bittersweet
2927,golden palm
2927,adultery
2927,affectionate
2927,janus 50
2927,poignant
2927,based on a play
2927,tumeys dvds
2927,dvdvideo
2927,brief encounters
2927,noel coward
2928,remake
2928,70mm
2928,based on a book
2928,book
2929,oscar (best directing)
2929,oscar (best supporting actress)
2929,romance
2929,drama
2929,politics
2929,oscar (best cinematography)
2929,journalism
2929,revolution
2929,quite romantic
2929,warren beatty
2929,activism
2930,in netflix queue
2931,quirky
2931,heartwarming
2931,bittersweet
2931,affectionate
2931,hallucinatory
2931,compassionate
2932,dreamlike
2932,oscar (best cinematography)
2932,70mm
2932,ennio morricone
2932,understated
2932,meditative
2932,atmospheric
2932,lyrical
2932,national film registry
2932,facebook rec
2932,betamax
2932,clv
2932,somber
2932,photography
2932,terrence malick
2932,svens to see list
2932,austere
2933,criterion
2934,dance
2934,betamax
2935,farce
2935,gambling
2935,classic
2935,screwball
2935,criterion
2935,afi 100 (laughs)
2935,wholesome
2935,emerson must see
2935,national film registry
2935,tumeys dvds
2936,criterion
2936,afi
2936,afi 100 (laughs)
2936,afi 100 (cheers)
2936,national film registry
2936,tumeys dvds
2936,preston sturges
2936,movies about movies
2937,black and white
2937,screwball
2937,afi 100 (laughs)
2937,tumeys dvds
2937,preston sturges
2939,in netflix queue
2939,marilyn monroe
2939,william holden
2940,casino
2940,noir
2940,vday
2940,love/hate
2940,nightclub
2940,rita hayworth
2940,intrigue
2941,world war ii
2941,classic
2941,70mm
2941,ray walston
2941,adapted from bway
2942,nudity (topless)
2942,girlie movie
2942,dance
2942,favorites
2942,k movie
2943,vietnam
2943,owned
2943,sweeping
2943,historical
2943,atmospheric
2943,sentimental
2943,lavish
2943,lyrical
2943,tumeys dvds
2943,love triangles
2943,elegant
2943,political unrest
2943,interracial/crosscultural romance
2944,world war ii
2944,70mm
2944,telly savalas
2944,lee marvin
2944,want
2944,afi 100 (thrills)
2944,tumeys dvds
2944,collectible
2946,wired 50 greatest soundtracks
2946,music:rock and roll (1960s)
2946,the beatles
2946,musical band:the beatles
2947,action
2947,thriller
2947,adventure
2947,bond
2947,spying
2947,assassin
2947,seen more than once
2947,james bond
2947,tense
2947,sean connery
2947,murder
2947,best of bond
2947,rape
2947,franchise
2947,spy
2947,bond james bond
2947,afi 100 (movie quotes)
2947,afi 100 (thrills)
2947,tumeys dvds
2947,old
2947,killer as protagonist
2947,setting:golf course (scene)
2947,007 (series)
2947,series:james bond
2947,rousing
2947,gadget car
2948,espionage
2948,bond
2948,assassin
2948,james bond
2948,sean connery
2948,murder
2948,best of bond
2948,franchise
2948,sequel better than original
2948,killer as protagonist
2948,007 (series)
2948,tumeys to see again
2948,series:james bond
2949,vhs
2949,bond
2949,assassin
2949,james bond
2949,sean connery
2949,murder
2949,best of bond
2949,franchise
2949,afi 100 (movie quotes)
2949,tumeys dvds
2949,betamax
2949,killer as protagonist
2949,007 (series)
2949,series:james bond
2950,70mm
2950,based on a book
2950,cant remember
2950,marooned
2950,golden raspberry (worst actress)
2951,great movie
2951,action
2951,italy
2951,sergio leone
2951,italian
2951,western
2951,classic
2951,clint eastwood
2951,spain
2951,ennio morricone
2951,bad
2951,spaghetti
2951,west germany
2951,spaghetti western
2951,morricone score
2951,tumeys dvds
2951,dont know
2951,katsomattomat
2951,gritty
2951,stopped watching
2952,casino
2952,gambling
2952,philip seymour hoffman
2952,samuel l jackson
2952,kidnapping
2952,seen more than once
2952,paul thomas anderson
2952,murder
2952,neonoir
2952,directorial debut
2952,hw drama
2952,not corv lib
2952,to see
2953,funny
2953,comedy
2953,sequel
2953,stupid
2953,boring
2953,adventure
2953,christmas
2953,seen more than once
2953,kids
2953,family
2953,crap
2953,kids and family
2953,underrated
2953,silly but good
2953,new york
2953,okay once
2953,for kids
2953,good for kids
2953,sequel fever
2953,macaulay culkin
2953,alone
2953,warm
2953,family comedy
2953,childhood classic
2953,chris columbus
2953,comedy for kids
2953,silly fun
2953,dont know
2953,decent
2953,sucks big time
2953,childrens comedy
2953,homerus
2953,xmas theme
2953,robbers
2953,children comedy
2955,boxing
2955,ernie hudson
2956,erlends dvds
2956,ridley scott
2956,who cares dvds
2958,native
2958,native americans
2959,awsome
2959,surreal
2959,mystery
2959,action
2959,nudity (topless)
2959,edward norton
2959,mental illness
2959,based on novel
2959,violence
2959,fighting
2959,capitalism
2959,imdb top 250
2959,satirical
2959,quirky
2959,vhs
2959,anarchy
2959,twist
2959,super interesting
2959,owned
2959,dvd
2959,psychology
2959,schizophrenia
2959,seen more than once
2959,powerful ending
2959,philosophy
2959,mindfuck
2959,bloody
2959,twists & turns
2959,brad pitt
2959,based on a book
2959,disturbing
2959,classic crime
2959,clearplay
2959,cant remember
2959,split personality
2959,rebellion
2959,90s
2959,narrated
2959,psychedelic
2959,social commentary
2959,imaginary friend
2959,dialogue
2959,very clever
2959,david fincher
2959,atmospheric
2959,brilliant
2959,special
2959,get
2959,own
2959,gfei own it
2959,need to own
2959,top 10 ever
2959,seen at the cinema
2959,watched 1999
2959,oscar nominee
2959,based on book
2959,absolute favorite
2959,angry
2959,anarchism
2959,hilarity
2959,divx1
2959,helena bonham carter
2959,erics dvds
2959,dani2007
2959,jared leto
2959,jcl to buy
2959,ohsoso
2959,tumeys dvds
2959,my dvds
2959,surrealpanos
2959,lots of kicking
2959,anomie
2959,5 stars
2959,metaplot
2959,visceral
2959,confrontational
2959,unreliable narrators
2959,scope
2959,consumerism
2959,grim
2959,fighting the system
2959,escapism
2959,peer support
2959,mind power
2959,my movies
2959,chuck palahniuk
2959,raw
2959,masculinity
2959,pua
2959,split personalities
2959,dangerous friends
2959,cinematographer:jeff cronenweth
2959,edgy
2961,bibliothek
2961,bruce willis
2961,corvallis library
2962,taped
2964,quirky
2964,fathers and sons
2964,intimate
2964,cerebral
2964,enigmatic
2964,talky
2964,somber
2964,mind games
2964,sibling relationships
2964,confrontational
2964,eccentric families
2965,based on a book
2966,david lynch
2966,imdb top 250
2966,brothers
2966,road trip
2966,lawn mower
2966,library vhs
2967,evil children
2968,funny
2968,time travel
2968,action
2968,history
2968,terry gilliam
2968,sean connery
2968,gilliam
2968,criterion
2968,time
2968,treasure
2968,trilogy of the imagination
2968,ralph richardson
2968,netwatch
2968,corvallis library
2968,good versus evil
2968,bechdel test:fail
2968,midgets
2968,taped
2969,golden palm
2970,werner herzog
2970,quirky
2970,bibliothek
2970,tense
2970,sweeping
2970,erlends dvds
2970,opera
2970,lavish
2970,eccentricity
2970,netwatch
2970,tumeys dvds
2970,river
2970,personality disorder
2970,fanciful
2970,dreamer
2970,obsessive quests
2970,historic
2970,klaus kinski
2971,nudity (topless)
2971,biography
2971,true story
2971,breakthroughs
2971,golden palm
2971,biographical
2971,national film registry
2971,betamax
2971,autobiographical view
2972,yimou zhang
2972,tense
2972,intimate
2972,stylized
2972,sweeping
2972,atmospheric
2972,directorial debut
2972,poignant
2972,library vhs
2972,arranged marriages
2972,women during wartime
2973,woody allen
2973,bibliothek
2973,erlends dvds
2973,need to own
2973,woody allen classic
2973,dvdvideo
2973,seen
2975,terrence howard
2976,drugs
2976,martin scorsese
2976,nicolas cage
2976,drama
2976,robert de niro
2976,dead
2976,narrated
2976,good movie
2976,en katsonut loppuun
2976,paul schrader screenplay
2976,cinematographer:robert richardson
2978,matthew perry
2983,brainwashing
2983,spies
2983,svens to see list
2984,less than 300 ratings
2984,motorcycle
2985,police
2985,robots
2985,dystopia
2985,corruption
2985,superhero
2985,scifi
2985,romance
2985,cant remember
2985,cyborgs
2985,criterion
2985,80s
2985,erlends dvds
2985,futuristmoviescom
2985,get
2985,nice effects
2985,detroit
2985,to see
2985,w/e
2985,paul verhoeven
2986,robots
2986,dystopia
2986,cyborgs
2986,crappy sequel
2987,adventure
2987,animation
2987,want to see again
2987,scary
2987,70mm
2987,cant remember
2987,robert zemeckis
2987,gfei own it
2987,oscar (best editing)
2987,best movies ever
2987,childhood classics
2987,cartoons
2987,rabbits
2987,saturn award (best director)
2987,my dvds
2987,desenho
2987,private detective
2987,live action/animation
2987,my movies
2987,wouldnt see again
2988,oscar (best supporting actress)
2988,nudity (rear)
2989,bond
2989,assassin
2989,james bond
2989,murder
2989,franchise
2989,divx1
2989,killer as protagonist
2989,007 (series)
2989,figure skating
2989,roger moore
2990,bond
2990,assassin
2990,james bond
2990,murder
2990,franchise
2990,timothy dalton
2990,killer as protagonist
2990,007 (series)
2991,bond
2991,assassin
2991,james bond
2991,sean connery
2991,murder
2991,infidelity
2991,franchise
2991,killer as protagonist
2991,007 (series)
2991,author:ian fleming
2991,roger moore
2993,bond
2993,assassin
2993,james bond
2993,tense
2993,sean connery
2993,murder
2993,franchise
2993,nuclear bomb
2993,lavish
2993,deadpan
2993,agent
2993,spionage
2993,killer as protagonist
2993,remakeof:thunderball (1965)
2993,remadeas:never say never (1983)
2993,007 (series)
2994,immigrants
2994,less than 300 ratings
2994,working class
2995,bad acting
2995,ghosts
2995,nudity (topless)
2995,haunted house
2996,aiden quinn
2996,angela bassett
2996,cloris leachman
2997,surreal
2997,surrealism
2997,fantasy
2997,charlie kaufman
2997,satirical
2997,scifi
2997,dark comedy
2997,quirky
2997,drama
2997,interesting
2997,owned
2997,dvd
2997,cult film
2997,seen more than once
2997,queer
2997,mindfuck
2997,black comedy
2997,unique
2997,john cusack
2997,puppets
2997,erlends dvds
2997,urbane
2997,very interesting
2997,very clever
2997,whimsical
2997,weird
2997,directorial debut
2997,john malkovich
2997,need to own
2997,original
2997,hallucinatory
2997,madcap
2997,library
2997,seen at the cinema
2997,sexually leaky
2997,need to buy
2997,talky
2997,wonderful
2997,dvdvideo
2997,surrealpanos
2997,offbeat humor
2997,offbeat comedy
2997,metaplot
2997,spike jones
2997,head movie
2997,love triangles
2997,genderbending
3000,dystopia
3000,surreal
3000,action
3000,fantasy
3000,hayao miyazaki
3000,imdb top 250
3000,adventure
3000,drama
3000,owned
3000,anime
3000,japan
3000,miyazaki
3000,studio ghibli
3000,sweeping
3000,prostitution
3000,fantasy world
3000,princess
3000,atmospheric
3000,nature
3000,wilderness
3000,heroic mission
3000,curse
3000,earnest
3000,zibri studio
3000,antiwar
3000,environmental
3000,my dvds
3000,cathartic
3000,pelicula anime
3000,forest
3000,rousing
3000,fanciful
3000,do kupienia
3000,righting the wronged
3000,mythical creatures
3002,werner herzog
3002,tumeys dvds
3003,holocaust
3003,world war ii
3003,train
3003,trains
3004,bibliothek
3005,bibliothek
3005,angelina jolie
3005,based on a book
3005,afternoon section
3005,detective movie
3006,on disc
3006,thriller
3006,drama
3006,true story
3006,erlends dvds
3006,russell crowe
3006,al pacino
3006,michael mann
3006,usa
3006,need to own
3006,docudrama
3006,veja
3007,in netflix queue
3007,corvallis library
3008,romance
3008,ensemble cast
3008,multiple storylines
3008,apocolypse
3008,canada
3008,apocalypse
3008,sandra oh
3010,golden palm
3010,belgium
3011,depressing
3011,oscar (best supporting actor)
3011,jane fonda
3012,keaton
3012,dvdvideo
3013,zombies
3014,betamax
3015,corruption
3015,conspiracy
3015,based on a book
3015,michael crichton
3015,betamax
3015,hospital
3015,crichton
3016,tumeys dvds
3016,dvdvideo
3016,betamax
3017,betamax
3018,zombies
3018,tense
3018,creepy
3018,adapted from:book
3018,silly
3018,campy
3018,mad scientist
3018,lovecraftian
3018,lovecraft
3018,hp lovecraft
3018,lovecraftian mythology
3018,gruesome
3019,drugs
3019,oregon
3019,portland
3019,ohsoso
3019,dvdvideo
3019,clv
3019,to see
3020,owned
3020,erlends dvds
3020,obsession
3020,going postal
3020,erics dvds
3020,tumeys dvds
3022,farce
3022,buster keaton
3022,imdb top 250
3022,usa film registry
3022,black and white
3022,spies
3022,19th century
3022,train
3022,erlends dvds
3022,cycling
3022,afi
3022,afi 100 (laughs)
3022,library
3022,rescue
3022,national film registry
3022,dvdvideo
3022,trains
3022,forest
3022,civilians at war
3022,acrobat
3022,handcar
3024,awesinine
3028,bibliothek
3028,70mm
3028,shakespeare
3028,comedy musical
3028,based on a play
3028,playwright:shakespeare
3028,adapted from:play
3029,billy dee williams
3029,rutger hauer
3030,akira kurosawa
3030,imdb top 250
3030,owned
3030,tense
3030,japan
3030,samurai
3030,bleak
3030,criterion
3030,erlends dvds
3030,atmospheric
3030,passionate
3030,sword fighting
3030,oscar nominee: costume design
3030,corvallis library
3032,nudity (topless)
3032,postapocalyptic
3032,post apocalyptic
3032,nudity (rear)
3032,remade
3032,futuristmoviescom
3032,charleton heston
3032,last man on earth
3032,author:richard matheson
3032,matheson
3032,epidemic
3033,funny
3033,great movie
3033,comedy
3033,idiotic
3033,space
3033,space travel
3033,gay
3033,70mm
3033,spoof
3033,mel brooks
3033,parody
3033,goofy
3033,rick moranis
3033,john candy
3033,seen at the cinema
3033,star wars
3033,silly fun
3033,related:star wars
3033,avi
3033,noise in space
3033,breaking the fourth wall
3034,medieval
3034,disney animated feature
3034,robin williams
3034,seen more than once
3034,disney
3034,talking animals
3034,archery
3034,(s)vcd
3035,world war ii
3035,oscar (best supporting actor)
3035,jack lemmon
3036,70mm
3036,erlends dvds
3036,ron perlman
3037,comedy
3037,holocaust
3037,70mm
3037,cute
3037,black and white
3037,dustin hoffman
3037,violence in america
3037,revisionist western
3038,satirical
3038,awesome
3038,cynical
3038,national film registry
3038,biting
3038,wry
3038,rise and fall stories
3038,work ethics
3038,ladder to the top
3039,racism
3039,seen more than once
3039,new york city
3039,cant remember
3039,race issues
3039,eddie murphy
3039,denholm elliott
3039,jamie lee curtis
3039,dan aykroyd
3039,ralph bellamy
3039,alter ego
3039,comedy classic
3039,class
3039,trading places
3039,bechdel test:fail
3039,high brow
3040,camp
3040,snl alums
3043,imdb bottom 100
3044,memory
3044,music
3044,twist ending
3044,dead
3044,murder
3044,must see
3044,time
3044,emma thompson
3044,kenneth branagh
3044,past life
3044,past lives
3045,england
3045,reunion
3046,nudity (topless)
3046,lesbian
3046,coming of age
3047,less than 300 ratings
3047,betamax
3050,forest whitaker
3051,hw drama
3052,funny
3052,satire
3052,male nudity
3052,amusing
3052,alan rickman
3052,seen more than once
3052,matt damon
3052,religion
3052,controversial
3052,jay and silent bob
3052,view askew
3052,own
3052,ben affleck
3052,irreverent
3052,catholicism
3052,slackers
3052,j netflix
3052,dvdvideo
3052,salma hayek
3052,my dvds
3052,angel
3052,rewatch
3052,offensive
3053,violence
3053,politics
3053,religion
3053,france
3053,murder
3053,rape
3053,luc besson
3053,milla jovovich
3053,special
3053,john malkovich
3053,biographical
3053,interrogation
3053,scope
3053,15th century
3053,r:language
3053,r:strong graphic battles
3054,no rec
3055,tumeys dvds
3058,tumeys dvds
3060,music
3060,in netflix queue
3060,owned
3060,classic
3060,infidelity
3060,working class
3060,rock and roll
3060,wired 50 greatest soundtracks
3060,best movies ever
3060,dublin
3060,irish
3060,music:rhythm & blues
3060,awesome soundtrack
3060,rhythm & blues
3061,christmas
3061,classic
3061,holiday
3062,action
3062,world war ii
3062,true story
3062,oscar (best cinematography)
3062,sean connery
3062,70mm
3062,wwii
3062,john wayne
3062,heroism
3062,robert mitchum
3062,hulu
3062,us history
3062,nostalgia
3065,less than 300 ratings
3066,world war ii
3066,70mm
3066,best war films
3066,friends should see
3067,almodovar
3067,spain
3067,women
3067,bfi modern classic
3067,erlends dvds
3067,very clever
3067,weird
3067,spanish
3067,kate
3067,madrid
3067,actors
3067,suicide attempt
3067,spanish farce
3068,realistic
3068,courtroom drama
3068,james mason
3068,paul newman
3068,afi 100 (cheers)
3070,surreal
3070,aliens
3070,cult film
3070,scifi cult
3070,80s
3070,cult
3070,dvdvideo
3070,betamax
3070,fell asleep
3071,mathematics
3071,high school
3071,afi 100
3071,afi 100 (cheers)
3072,nicholas cage
3072,oscar (best actress)
3072,oscar (best supporting actress)
3072,boring
3072,nicolas cage
3072,new york city
3072,new york
3072,opera
3072,cher
3072,afi 100 (laughs)
3072,afi 100 (movie quotes)
3072,ewww
3072,moore
3074,culture clash
3074,70mm
3074,bleak
3074,loner
3074,cowboy
3074,mountain man
3074,atmospheric
3074,robert redford
3074,harsh
3074,gritty
3074,deliberate
3074,wintry
3074,earthy
3075,roman polanski
3075,black and white
3075,paranoid
3075,rape
3075,erlends dvds
3075,atmospheric
3075,eerie
3075,library
3075,claustrophobic
3075,ominous
3075,menacing
3075,svens to see list
3075,gruesome
3077,in netflix queue
3077,up series
3077,to see
3077,7n up (series)
3077,many interviews
3078,coming of age
3078,ben foster
3078,adrian brody
3079,bibliothek
3079,based on a book
3079,adapted from:book
3079,author:jane austen
3081,funny
3081,ghosts/afterlife
3081,gothic
3081,horror
3081,johnny depp
3081,ghosts
3081,tim burton
3081,quirky
3081,fairy tales
3081,vhs
3081,christopher walken
3081,erlends dvds
3081,special
3081,depp and burton
3081,seen at the cinema
3081,loved it
3081,visually appealing
3081,depp & burton
3081,saturn award (best actress)
3081,saturn award (best music)
3081,ohsoso
3081,occult
3081,taped
3082,world war ii
3082,bond
3082,assassin
3082,james bond
3082,murder
3082,terrorism
3082,franchise
3082,pierce brosnan
3082,nuclear bomb
3082,seen at the cinema
3082,tumeys dvds
3082,killer as protagonist
3082,007 (series)
3082,big budget
3083,almodovar
3083,bibliothek
3083,queer
3083,homosexuality
3083,erlends dvds
3083,get
3083,spanish
3083,tumeys dvds
3086,fantasy
3087,funny
3087,bill murray
3087,christmas
3087,new york city
3087,cant remember
3087,parody
3087,feel good
3087,television
3087,own
3087,scrabble
3088,oscar (best supporting actress)
3088,imdb top 250
3088,classical
3088,sweet
3088,imaginary friend
3088,psychiatry
3088,jimmy stewart
3088,james stewart
3088,afi 100 (laughs)
3088,delights
3088,tumeys dvds
3088,adapted from bway
3089,vittorio de sica
3089,imdb top 250
3089,italian
3089,want to see again
3089,classic
3089,family
3089,bleak
3089,reflective
3089,sad
3089,cycling
3089,need to own
3089,melancholy
3089,poignant
3089,emerson must see
3089,lyrical
3089,downbeat
3090,sweeping
3090,atmospheric
3090,angry
3090,talky
3090,fighting the system
3090,drab
3090,labor unions
3090,social injustice
3090,matteroffact
3091,akira kurosawa
3091,owned
3091,japan
3091,bleak
3091,sweeping
3091,erlends dvds
3091,golden palm
3091,library
3091,hulu
3091,lyrical
3091,tumeys dvds
3091,svens to see list
3091,autumnal
3091,veja
3091,tatsuya nakadai
3093,drugs
3093,understated
3093,robert altman
3093,prostitution
3093,meditative
3093,erlends dvds
3093,snow
3093,atmospheric
3093,seen 2006
3093,burt reynolds
3093,altman
3093,poignant
3093,1900s
3093,lyrical
3093,starcrossed lovers
3093,tumeys dvds
3093,prostitutes
3093,wry
3093,revisionist western
3093,desert island flicks
3093,washington state
3093,fighting the system
3094,gay
3094,adapted from:book
3094,author:e m forster
3094,e m forster
3095,oscar (best directing)
3095,oscar (best supporting actress)
3095,imdb top 250
3095,dramatic
3095,usa film registry
3095,based on a book
3095,adapted from:book
3095,depression
3095,afi 100
3095,americana
3095,afi 100 (cheers)
3095,national film registry
3095,tumeys dvds
3095,social drama
3095,john steinbeck
3097,good romantic comedies
3097,remade
3097,james stewart
3097,national film registry
3098,baseball
3098,sappy
3098,sports
3098,tv
3098,inspirational
3098,glenn close
3098,kim basinger
3098,barbara hershey
3098,robert redford
3098,tumeys dvds
3098,sports competition
3098,semigood sports movies
3099,oscar (best supporting actress)
3099,satirical
3099,afi 100 (laughs)
3099,sexual
3099,irreverent
3099,warren beatty
3099,literate
3099,biting
3099,wry
3099,racy
3100,drama
3100,dvd
3100,oscar (best cinematography)
3100,cant remember
3100,robert redford
3100,tumeys dvds
3101,cant remember
3101,cheating
3101,adultery
3101,rabbits
3101,afi 100 (thrills)
3101,personality disorder
3101,rabbit
3101,erotic thriller
3102,courtroom
3102,murder
3103,working class
3103,teen pregnancy
3104,road trip
3104,excop
3105,robin williams
3105,bibliothek
3105,robert de niro
3105,seen more than once
3105,based on a book
3105,cant remember
3105,sad
3105,memory loss
3105,hospital
3105,psychiatrist as protagonist
3105,good characters
3105,inspiration for life
3107,robert de niro
3107,ron howard
3107,70mm
3107,well done
3107,clv
3107,firefighting
3108,mental illness
3108,oscar (best supporting actress)
3108,terry gilliam
3108,robin williams
3108,cant remember
3108,gilliam
3108,homeless
3108,psychiatry
3108,updated classics
3108,thoughtprovoking
3108,actually funny
3108,tumeys dvds
3108,radio dj
3108,mental imbalance
3109,70mm
3110,betamax
3111,oscar (best actress)
3111,racism
3111,afi 100 (cheers)
3112,stageplay
3112,betamax
3113,action
3113,nudity (topless)
3113,stupid
3113,thriller
3113,arnold
3113,cool
3113,arnold schwarzenegger
3113,devil
3113,schwarzenegger
3113,sdzd
3113,apocalypse
3114,funny
3114,tim allen
3114,sequel
3114,imdb top 250
3114,tom hanks
3114,animation
3114,disney
3114,erlends dvds
3114,toys
3114,computer animation
3114,whimsical
3114,sequel better than original
3114,joan cusack
3114,abandonment
3114,light
3114,oscar nominee
3114,almost favorite
3114,dvd1
3114,pixar animation
3114,avi
3114,tumeys vhs
3114,fanciful
3114,buy
3114,bright
3114,toys come to life
3114,daring rescues
3115,philip seymour hoffman
3115,men in drag
3116,hw drama
3121,less than 300 ratings
3121,ida lupino
3125,graham greene
3127,psychology
3127,library vhs
3129,woody allen
3129,jazz
3129,erlends dvds
3129,uma thurman
3129,gmack
3130,tom hanks
3130,70mm
3130,bruce willis
3130,adapted from:book
3130,morgan freeman
3130,brian de palma
3132,library
3133,dvdvideo
3134,jean renoir
3134,criterion
3134,il film perfetto
3134,atmospheric
3134,need to own
3134,janus 50
3134,poignant
3134,lyrical
3134,dvdvideo
3134,deliberate
3134,downbeat
3135,not corv lib
3135,fatherhood
3138,baseball
3138,sports
3140,dvdvideo
3141,sequel
3141,70mm
3141,jack nicholson
3141,prequel to:the two jakes
3141,sequel to:chinatown
3142,dvd
3142,concert
3143,remade
3143,islands
3144,doris day
3145,exceptional acting
3145,nudity (full frontal)
3146,rob schneider
3147,life
3147,prison
3147,stephen king
3147,racism
3147,frank darabont
3147,imdb top 250
3147,tom hanks
3147,male nudity
3147,drama
3147,owned
3147,heartwarming
3147,too long
3147,death penalty
3147,erlends dvds
3147,emotional
3147,whimsical
3147,nostalgic
3147,michael clarke duncan
3147,healing
3147,sentimental
3147,need to own
3147,eerie
3147,library
3147,seen at the cinema
3147,great adaptations
3147,compassionate
3147,what is happiness
3147,long
3147,old age
3147,death row
3147,deliberate
3147,dont remember
3147,husbandwife relationship
3147,guard
3147,tattoo
3147,mouse
3147,electric chair
3147,execution
3147,otherness
3147,work ethics
3147,my movies
3148,on computer
3148,nudity (rear)
3148,orphans
3148,incest
3148,adapted from:book
3148,tobey maguire
3148,oscar (best supporting actor)
3148,library
3148,literature
3148,abortion
3148,author:john irving
3150,murder
3150,colin farrell
3151,70mm
3152,oscar (best supporting actress)
3152,peter bogdanovich
3152,reflective
3152,bittersweet
3152,nostalgic
3152,oscar (best supporting actor)
3152,poignant
3152,national film registry
3152,smalltown life
3152,sexual awakening
3152,elegiac
3153,betamax
3154,less than 300 ratings
3155,disappointing
3155,jodie foster
3155,book
3155,quite romantic
3155,siam
3156,robots
3156,robin williams
3156,future
3156,futuristmoviescom
3156,own
3156,isaac asimov
3156,android(s)/cyborg(s)
3157,animation
3157,high school
3157,based on a book
3157,bad
3157,cats
3157,talking animals
3157,cheesy
3157,michael j fox
3157,hugh laurie
3157,adoption
3157,mouse
3157,eb white
3158,china
3158,historical
3159,disney animated feature
3159,disney
3159,fantastic
3159,fairy tale
3159,whales
3159,classical music
3159,updated classics
3159,hard to rate
3159,library vhs
3159,not a film
3160,drugs
3160,racism
3160,pt anderson
3160,philip seymour hoffman
3160,imdb top 250
3160,tom cruise
3160,ensemble cast
3160,multiple storylines
3160,seen more than once
3160,paul thomas anderson
3160,fathers and sons
3160,bleak
3160,depression
3160,erlends dvds
3160,julianne moore
3160,unforgetable
3160,death
3160,la
3160,john c reilly
3160,parzen
3160,charles
3160,zim
3160,coincidences
3160,melancholy
3160,poignant
3160,seen at the cinema
3160,existential
3160,ensemble
3160,talky
3160,tumeys dvds
3160,haunted by the past
3160,my dvds
3160,long
3160,puzzling
3160,cathartic
3160,scope
3160,downbeat
3160,fathers and daughters
3160,elegiac
3160,intersecting lives
3160,taped
3161,recorded
3163,nudity (topless)
3163,ensemble cast
3163,opera
3163,gilbert & sullivan
3163,magical
3163,backstage
3163,mike leigh
3165,yakuza
3166,timothy dalton
3167,jack nicholson
3167,betamax
3168,drugs
3168,quirky
3168,murder
3168,road trip
3168,reflective
3168,sex
3168,motorcycle
3168,united states
3168,afi 100
3168,wired 50 greatest soundtracks
3168,notable soundtrack
3168,library
3168,national film registry
3168,tumeys dvds
3168,gritty
3168,drugs & music
3168,deliberate
3168,wanderlust
3169,dvdvideo
3169,anomie
3171,oscar (best actress)
3171,not corv lib
3172,homer
3172,based on a poem
3172,myth
3173,nudity (topless)
3173,al pacino
3173,oliver stone
3173,tumeys dvds
3174,milos forman
3174,jim carrey
3174,biography
3174,true story
3174,seen at the cinema
3174,seen in theater
3174,biographical
3175,tim allen
3175,space
3175,aliens
3175,alien
3175,seen more than once
3175,spoof
3175,parody
3175,space opera
3175,foqam
3175,watched 2006
3175,star trek
3175,unlikely hero
3175,saturn award (best actor)
3175,allen rickman
3176,serial killer
3176,rome
3176,fraud
3176,philip seymour hoffman
3176,boring
3176,gwyneth paltrow
3176,bibliothek
3176,psychology
3176,new york city
3176,jude law
3176,matt damon
3176,anthony minghella
3176,murder
3176,based on a book
3176,disturbing
3176,erlends dvds
3176,obsession
3176,very interesting
3176,very clever
3176,boyonboy action
3176,americans abroad
3176,want to own
3176,venice
3176,false identity
3176,1950s
3176,oscar nominee: supporting actor
3176,oscar nominee: adapted screenplay
3176,oscar nominee: costume design
3176,secrets
3176,creepy singing
3176,oscar nominee: art direction
3176,impostor
3176,directorscreenwriter
3176,selfhatred
3176,r:violence
3176,snob
3176,r:language
3176,playboy
3176,coproduction
3176,upper class
3178,boxing
3178,race
3178,john hannah
3178,oscar nominee
3179,adapted from:book
3179,book
3179,catholicism
3181,worst movie ever
3181,nudity (topless)
3181,shakespeare
3181,updated classics
3181,based on a play
3181,visually appealing
3181,playwright:shakespeare
3181,adapted from:play
3181,anachronistic
3181,good score
3181,scope
3181,classical studies
3183,sleeper
3185,racism
3186,mental illness
3186,oscar (best supporting actress)
3186,psychology
3186,angelina jolie
3186,girlie movie
3186,winona ryder
3186,70s
3186,psychiatry
3186,ratedr
3186,my movies
3186,winona
3188,baseball
3189,kevin bacon
3189,dogs
3189,luke wilson
3189,frankie muniz
3189,diane lane
3189,animals die :(
3190,francis ford coppola
3192,in netflix queue
3194,tumeys dvds
3195,remake
3196,oscar (best actor)
3196,world war ii
3196,imdb top 250
3196,prison break
3196,pows
3196,william holden
3196,tumeys dvds
3197,sean connery
3197,70mm
3198,nudity (topless)
3198,prison
3198,dvd
3198,70mm
3198,based on a book
3198,dustin hoffman
3198,steve mcqueen
3198,tivo
3198,library
3199,frank sinatra
3199,rita hayworth
3200,jack nicholson
3200,erlends dvds
3200,cinematographer:michael chapman
3201,nudity (topless)
3201,jack nicholson
3201,erlends dvds
3201,national film registry
3201,tumeys dvds
3201,filmed in bc
3202,werner herzog
3202,tumeys dvds
3203,nudity (rear)
3203,netwatch
3203,dvdvideo
3203,betamax
3204,nazis
3204,based on a book
3204,futuristmoviescom
3204,cloning
3204,betamax
3205,gothic
3205,black and white
3207,less than 300 ratings
3207,ernest hemingway
3208,samuel l jackson
3208,very funny
3208,cant remember
3208,parody
3208,friday night movie
3208,cameo:bruce willis
3210,romance
3210,ensemble cast
3210,classic
3210,seen more than once
3210,sean penn
3210,high school
3210,nudity (full frontal)
3210,teen
3210,highschool
3210,1980s
3210,directorial debut
3210,afi 100 (laughs)
3210,slackers
3210,want
3210,national film registry
3211,australia
3213,superhero
3213,dc
3213,franchise
3213,alter ego
3213,dvdram
3213,adapted from:comic
3213,dc comics
3213,batman (series)
3214,kevin costner
3214,cycling
3214,bicycling
3214,betamax
3214,sport:bike racing
3216,vampire
3216,dvd
3216,atmospheric
3216,sexual
3216,hallucinatory
3218,want to see again
3218,sundance award winner
3218,disturbing
3218,enigmatic
3218,nc17
3218,harsh
3218,sundance grand jury prize
3218,visceral
3218,confrontational
3218,teddy award
3219,nudity (topless)
3221,murder
3221,adultery
3221,peter greenaway
3221,strangely compelling
3221,17th century
3221,just didnt get it
3222,70mm
3223,quirky
3223,witty
3223,disturbing
3223,cerebral
3223,whimsical
3223,peter greenaway
3223,timelapse
3223,talky
3223,literate
3224,nudity (topless)
3224,on dvr
3224,male nudity
3224,japan
3224,foreign
3224,desert
3224,based on a book
3224,metaphor
3224,traps
3224,insects
3224,haunting
3224,ohsoso
3224,male female relationship
3224,rural
3224,widows/widowers
3224,trapped or confined
3225,awful awards
3226,music documentary
3231,dvdvideo
3232,keaton
3232,dvdvideo
3235,biopic
3235,hunter s thompson
3235,ohsoso
3238,spy
3238,tumeys dvds
3238,sniper
3238,survellience
3241,soccer
3241,ironic
3243,high school
3243,cant remember
3243,california
3244,oscar (best actor)
3244,adapted from bway
3246,assassination
3246,racism
3246,exceptional acting
3246,bibliothek
3246,historical
3246,angela bassett
3246,below r
3246,erics dvds
3246,repression
3246,radical
3247,alfred hitchcock
3247,religion
3247,catholic
3247,whoopi goldberg
3247,catholicism
3247,nuns
3248,musical
3248,cant remember
3248,sequel fever
3248,whoopi goldberg
3248,nuns
3250,survival
3250,in netflix queue
3250,cannibalism
3250,cant remember
3250,south america
3251,mystery
3251,drama
3251,religion
3251,realistic
3251,stageplay
3251,betamax
3251,adapted from:play
3252,gothic
3252,oscar (best actor)
3252,remake
3252,girlie movie
3252,al pacino
3252,great acting
3252,own
3252,based on book
3252,blindness
3252,prep school
3253,comedy
3253,music
3253,funniest movies
3253,want to see again
3253,seen more than once
3253,teen
3253,rock and roll
3253,foqam
3253,1990s
3253,seen at the cinema
3253,bechdel test:fail
3253,snl
3254,war
3254,seen more than once
3254,christopher walken
3254,cant remember
3254,rock and roll
3254,seen at the cinema
3254,music business
3255,fun
3255,baseball
3255,sports
3255,world war ii
3255,boring
3255,tom hanks
3255,seen more than once
3255,wartime
3255,womens lib
3255,feminism
3255,women
3255,madonna
3255,heroism
3255,sisters
3255,k movie
3255,alcohol
3255,seen at the cinema
3255,afi 100 (movie quotes)
3255,seen 2008
3256,70mm
3256,based on a book
3256,adapted from:book
3256,harrison ford
3256,cant remember
3256,tom clancy
3256,sean bean
3256,thora birch
3256,the book was better
3256,jack ryan
3256,character:jack ryan
3256,sean bean dies
3257,romance
3257,kevin costner
3258,bibliothek
3258,nudity (rear)
3258,bruce willis
3258,plastic surgery
3258,goldie hawn
3258,seen 2008
3259,tom cruise
3259,bibliothek
3259,70mm
3259,girlie movie
3259,cant remember
3259,nicole kidman
3259,own
3260,oscar (best actress)
3260,boring
3260,70mm
3260,adapted from:book
3260,emma thompson
3260,em forster
3260,e m forster
3261,vhs
3261,tv
3261,1990s
3261,wired 50 greatest soundtracks
3262,horror
3262,surreal
3262,drugs
3262,lynch
3262,david lynch
3262,murder
3262,notable nudity
3262,washington state
3263,funny
3263,comedy
3263,fun
3263,nudity (topless)
3263,sports
3263,drama
3263,bibliothek
3263,family
3263,basketball
3263,90s
3263,joke
3263,wesley snipes
3263,woody harrelson
3263,own
3263,mediocre
3263,sports competition
3263,sport:basketball
3263,social message
3264,vampire
3264,dark comedy
3264,friday night movie
3265,martial arts
3265,criterion
3265,explosions
3265,guns
3265,heroic bloodshed
3265,john woo
3265,tumeys dvds
3265,chow yun fat
3265,gun fu
3266,serial killer
3266,dark comedy
3266,black comedy
3266,murder
3266,black and white
3266,rape
3266,crazy
3266,criterion
3266,mockumentary
3266,fake documentary
3266,nc17
3266,hw criterion
3266,not corv lib
3266,belgium
3267,drugs
3267,violence
3267,robert rodriguez
3267,low budget
3267,organized crime
3267,directorial debut
3267,mistaken identity
3268,sylvester stallone
3268,no rec
3268,golden raspberry (worst actor)
3269,bibliothek
3269,cant remember
3270,good romantic comedies
3270,chick flick
3270,cant remember
3270,k movie
3270,hockey
3270,figure skating
3271,drama
3271,based on a book
3271,pg13
3271,adapted from:book
3271,cant remember
3271,sad
3271,john malkovich
3271,hulu
3271,library vhs
3271,disability
3271,author:john steinbeck
3271,mentally impaired
3271,john steinbeck
3272,disturbing
3272,catholicism
3272,cynical
3272,heroin
3272,dvdvideo
3272,visceral
3272,confrontational
3272,grim
3272,downbeat
3272,lurid
3273,stupid as hell
3273,spoof
3273,slasher
3273,potential oscar nom
3273,selfaware
3275,serial killer
3275,nudity (topless)
3275,owned
3275,organized crime
3275,mission from god
3275,silly
3275,movie to see
3275,vigilante
3275,own
3275,gfei own it
3275,boston
3275,vigilantism
3275,willem dafoe
3275,dvdvideo
3275,irish americans
3275,movies i owndvd
3275,irish
3275,godgiven right to kill
3275,my movies
3276,quirky
3278,queer
3281,sexuality
3281,teddy award
3283,passionate
3284,friday night movie
3285,nudity (topless)
3285,romance
3285,leonardo dicaprio
3285,danny boyle
3285,very interesting
3285,library vhs
3285,utopia
3287,disney animated feature
3287,disney
3287,pooh
3287,series:pooh
3289,childhood
3289,china
3289,school
3289,teen
3289,village
3289,singing
3289,overly happy ending
3289,bureaucracy
3289,education
3289,restaurant
3289,library vhs
3289,rural
3289,teacher
3289,teacher student relationship
3289,missing persons
3289,discipline
3289,city life
3289,television show
3289,teachers and students
3289,shy person
3289,ticket
3289,mayor
3292,tcm
3294,betamax
3296,overrated
3296,high school
3296,erlends dvds
3296,k movie
3296,delights
3296,sidney poitier
3296,catchy score
3296,teacher as protagonist
3296,teachers
3296,teaching
3298,directorial debut
3298,fatherson relationship
3298,stock market
3298,scam
3300,futuristic
3300,owned
3300,futuristmoviescom
3300,vin diesel
3300,friday night movie
3300,divx1
3300,katsomattomat
3301,assassin
3301,murder
3301,bruce willis
3301,matthew perry
3301,killerasprotagonist
3301,setting:montreal
3303,less than 300 ratings
3304,vhs
3305,tumeys dvds
3306,police
3306,chase
3306,chaplin
3306,father daughter relationship
3306,circus
3306,horses
3306,library
3306,apes
3306,mirrors
3306,clowns
3306,acrobat
3306,fortunetelling
3307,comedy
3307,charles chaplin
3307,imdb top 250
3307,romance
3307,drama
3307,sad
3307,erlends dvds
3307,movielens top pick
3307,afi 100 (laughs)
3307,afi 100
3307,slapstick
3307,afi 100 (cheers)
3307,national film registry
3307,tumeys dvds
3307,vday
3307,blind
3307,filmaffinity top pick
3307,charlie chaplin
3309,short
3309,dogs
3309,dancing
3309,dvdr
3309,restaurant
3309,unemployment
3309,thieves
3309,charlie chaplin
3310,painter
3310,favourite
3310,owned
3310,orphans
3310,devil
3310,erlends dvds
3310,library
3310,tumeys dvds
3310,to see
3310,angel
3310,artists
3310,stone throwing
3310,authority
3310,doctors and patients
3310,stardom
3310,dream sequence
3310,illegitimate child
3310,charlie chaplin
3311,genre:western noir
3316,clearplay
3316,crapflix
3317,on dvr
3317,want to see again
3317,love
3317,cars
3317,writing process
3317,writer
3317,robert downey jr
3317,sexuality
3317,writing
3317,tobey maguire
3317,coming of age
3317,university
3317,frances mcdormand
3317,katie holmes
3317,friday night movie
3317,good casting
3317,midlife crises
3317,based on book
3317,literature
3317,creativity
3317,writers life
3317,golden globe winner
3317,extramarital affairs
3317,books
3317,pittsburgh
3317,teacher as protagonist
3317,prodigies
3317,teacher student relationship
3317,academia
3317,professor
3317,great script
3317,cannabis
3317,gay character
3317,on the road
3317,own it
3317,writers at work
3318,less than 300 ratings
3320,dogme95
3320,library vhs
3324,danny devito
3324,bette midler
3325,rupert everett
3325,michael vartan
3325,benjamin bratt
3325,golden raspberry (worst actress)
3326,nudity (topless)
3326,greg kinnear
3328,mafia
3328,jim jarmusch
3328,quirky
3328,hit men
3328,assassin
3328,samurai
3328,understated
3328,stylized
3328,narrated
3328,dogs
3328,birds
3328,rashomon
3328,meditative
3328,hip hop
3328,guns
3328,television
3328,unintentionally funny
3328,flashbacks
3328,1990s
3328,mobster
3328,bears
3328,melancholy
3328,cartoons
3328,deadpan
3328,forest whitaker
3328,tumeys dvds
3328,to see
3328,chess
3328,books
3328,new jersey
3328,deliberate
3328,ice cream
3328,rza (composer)
3328,pigeons
3330,sexuality
3330,vday
3330,adolescence
3331,notable nudity
3332,wolves
3334,oscar (best supporting actress)
3334,bibliothek
3334,bogart & bacall
3334,humphrey bogart
3334,film noir
3335,clv
3335,imdb bottom 100
3336,world war ii
3337,orson welles
3338,in netflix queue
3338,sundance award winner
3338,criterion
3338,sundance grand jury prize
3339,to see
3340,mst3k
3340,tumeys dvds
3340,clv
3341,oscar (best actress)
3341,classic
3341,remade
3341,afi 100 (laughs)
3342,psychology
3342,ohsoso
3342,betamax
3342,peter gabriel music
3342,alan parker
3343,criterion
3343,betamax
3344,vhs
3344,disturbing
3344,campy
3344,dvdram
3344,gritty
3344,gruesome
3347,wilderness
3347,sad but good
3347,visually appealing
3347,alaska
3347,to see
3347,wolves
3350,exceptional acting
3350,okay once
3350,afi 100 (cheers)
3350,national film registry
3351,vhs
3354,space travel
3354,force
3354,gary sinise
3354,brian de palma
3354,tim robbins
3354,futuristmoviescom
3354,connie nielsen
3354,don cheadle
3354,face
3354,mars
3355,johnny depp
3355,bad ending
3355,nudity (topless)
3355,roman polanski
3355,nudity (rear)
3355,devil
3355,satanism
3355,seen 2008
3357,russian
3358,dvd
3359,sports
3359,wonderfully warm and amusing
3359,college
3359,cycling
3359,delights
3359,comingofage
3359,afi 100 (cheers)
3359,betamax
3359,sport:bike racing
3359,semigood sports movies
3360,sports
3360,inspirational
3360,classic
3360,basketball
3360,cant remember
3360,directorial debut
3360,k movie
3360,afi 100 (cheers)
3360,national film registry
3360,sports competition
3360,sport:basketball
3361,nudity (topless)
3361,baseball
3361,sports
3361,cant remember
3361,afi 100 (laughs)
3361,tumeys dvds
3362,pacino
3362,imdb top 250
3362,favourite
3362,true story
3362,black comedy
3362,bank robbery
3362,al pacino
3362,death
3362,afi 100 (movie quotes)
3362,afi 100 (thrills)
3362,tumeys dvds
3362,bank
3362,cinematographer:victor j kemper
3362,veja
3363,police
3363,school
3363,great soundtrack
3363,love
3363,friendship
3363,cars
3363,gangs
3363,cant remember
3363,teen
3363,rock and roll
3363,dance
3363,breakthroughs
3363,coming of age
3363,afi 100 (laughs)
3363,afi 100
3363,wired 50 greatest soundtracks
3363,lucas
3363,radio
3363,street race
3363,national film registry
3363,facebook rec
3363,betamax
3363,radio dj
3363,1960s
3363,moped
3363,innoncence
3363,nocturnal
3363,drivein
3363,arcade
3363,liquor store
3364,tense
3364,atmospheric
3364,character development
3364,national film registry
3364,tumeys dvds
3364,ominous
3364,menacing
3364,downbeat
3365,imdb top 250
3365,usa film registry
3365,john wayne
3365,reflective
3365,atmospheric
3365,afi 100
3365,emerson must see
3365,angry
3365,national film registry
3365,tumeys dvds
3365,gritty
3365,stirring
3365,netflix top pick
3365,rousing
3365,earthy
3368,oscar (best supporting actor)
3371,oscar (best cinematography)
3371,dvdr
3371,in library
3372,world war ii
3373,betamax
3374,family
3374,african american
3374,1900s
3374,national film registry
3374,independent film
3374,gullah
3375,based on a book
3375,robert heinlein
3376,escapism
3377,tense
3377,ominous
3377,members of the press
3377,gritty
3377,visceral
3377,downbeat
3377,miscarriage of justice
3377,assassination plots
3378,john malkovich
3379,postapocalyptic
3379,war
3379,san francisco
3379,based on a book
3379,submarine
3379,death
3379,australia
3379,antiwar
3379,gregory peck
3379,nuclear
3384,violent
3384,tense
3384,new york city
3384,memorable characters
3384,claustrophobic
3384,tumeys dvds
3384,gritty
3384,visceral
3384,menacing
3384,subway
3384,friends should see
3384,well plotted
3385,tom hanks
3385,john candy
3386,overrated
3386,boring
3386,courtroom
3386,politics
3386,oscar (best cinematography)
3386,president
3386,cant remember
3386,erlends dvds
3386,kevin costner
3386,conspiracy theory
3386,historical
3386,gary oldman
3386,oliver stone
3386,own
3386,john f kennedy
3386,docudrama
3386,tumeys dvds
3386,capraesque
3386,scope
3386,cinematographer:robert richardson
3387,sir john candy
3387,john candy
3388,family
3388,cant remember
3388,great ending
3388,nostalgia
3390,golden raspberry (worst actress)
3390,imdb bottom 100
3391,70mm
3391,related:bringing up baby (1938)
3391,golden raspberry (worst actress)
3393,betamax
3394,betamax
3396,kids
3396,70mm
3396,cant remember
3396,road trip
3396,enjoyable
3396,franchise
3396,talking animals
3396,charles durning
3396,light
3396,actually funny
3396,jim henson
3396,subgenre:road trip
3397,great cast excellent
3397,muppets
3397,cant remember
3397,franchise
3397,talking animals
3397,childhood flashback
3397,light
3398,multiple storylines
3398,franchise
3398,talking animals
3398,childhood flashback
3399,seen more than once
3400,john goodman
3401,cant remember
3403,70mm
3405,criterion
3406,gregory peck
3408,oscar (best actress)
3408,erotic
3408,julia roberts
3408,oscar
3408,courtroom
3408,true story
3408,girlie movie
3408,social commentary
3408,afternoon section
3408,scandal
3408,investigation
3408,great acting
3408,great story
3408,damn the man
3408,strong women
3408,without martha
3408,socially relevant
3408,environmental
3408,afi 100 (cheers)
3408,great screenplays
3408,library vhs
3408,playlist
3408,rewatch
3408,strong woman
3409,gore
3409,great
3409,premonition
3412,on dvr
3412,owned
3412,70mm
3412,childhood classics
3415,masterpiece
3415,childhood
3415,dreamlike
3415,stuttering
3415,reflective
3415,meditative
3415,mosfilm
3415,library
3415,enigmatic
3415,motherson relationship
3415,lyrical
3415,deliberate
3415,svens to see list
3415,tarkovsky
3415,downbeat
3415,put me to sleep
3415,poet
3417,vhs
3417,burt lancaster
3418,car chase
3418,brad pitt
3418,girlie movie
3418,chick flick
3418,cant remember
3418,rape
3418,womens lib
3418,bfi modern classic
3418,erlends dvds
3418,breakthroughs
3418,ridley scott
3418,michael pitt
3418,didnt finish
3418,library
3418,afi 100 (cheers)
3418,afi 100 (thrills)
3418,subgenre:road trip
3418,subgenre:buddies
3418,strong woman
3418,who cares dvds
3420,rape
3420,courtroom drama
3420,al pacino
3420,hw drama
3420,dvdvideo
3420,lawyers
3421,overrated
3421,farce
3421,classic
3421,john belushi
3421,college
3421,beer
3421,john landis
3421,te kijken
3421,afi 100 (laughs)
3421,wired 50 greatest soundtracks
3421,want
3421,afi 100 (movie quotes)
3421,national film registry
3421,to see
3421,1960s
3421,us college students
3421,bechdel test:fail
3421,infantile
3421,fraternity
3422,seen more than once
3422,african american
3423,hw comedy
3424,nudity (topless)
3424,racism
3424,seen more than once
3424,great cinematography
3424,criterion
3424,race issues
3424,k movie
3424,spike lee
3424,emerson must see
3424,national film registry
3424,betamax
3424,clv
3424,heat wave
3425,music
3426,samuel l jackson
3427,vhs
3428,boxing
3428,70mm
3429,easygoing
3429,claymation
3429,quirky
3429,witty
3429,movie to see
3429,whimsical
3429,watched 2006
3429,directorial debut
3429,aardman studios
3429,upbeat
3430,betamax
3431,betamax
3431,menahem golan
3432,charles bronson
3432,menahem golan
3433,betamax
3433,menahem golan
3435,sexy
3435,billy wilder
3435,imdb top 250
3435,thriller
3435,classic
3435,noir
3435,los angeles
3435,based on a book
3435,bleak
3435,adapted from:book
3435,stylized
3435,atmospheric
3435,dvdr
3435,afi 100
3435,k movie
3435,cynical
3435,based on book
3435,excellent old movie
3435,emerson must see
3435,literary adaptation
3435,oscar nominee: lead actress
3435,oscar nominee: director
3435,oscar nominee: cinematography
3435,afi 100 (thrills)
3435,national film registry
3435,great screenplays
3435,ominous
3435,insurance
3435,bfi classic
3435,barbara stanwyck
3435,downbeat
3437,motorcycle
3437,imdb bottom 100
3438,ninja
3438,seen more than once
3438,martial arts
3438,fatherson relationship
3438,based on a cartoon
3438,adapted from:comic
3438,golden harvest
3438,bad guy dresses gay
3439,ninja
3439,seen more than once
3439,great
3439,based on a cartoon
3439,adapted from:comic
3439,nostalgia
3440,time travel
3440,sequel
3440,ninja
3440,martial arts
3440,talking animals
3440,18th century
3440,adapted from:comic
3440,nostalgia
3440,sequel:worse
3440,golden harvest
3441,war
3441,k movie
3441,nostalgia
3442,directorial debut
3442,betamax
3443,betamax
3444,jeanclaude van damme
3444,menahem golan
3445,brad dourif
3445,betamax
3445,cinematographer:victor j kemper
3447,oscar (best actress)
3447,china
3447,oscar (best cinematography)
3447,based on a book
3447,book
3448,vietnam war
3448,war
3448,vietnam
3448,robin williams
3448,classic
3448,true story
3448,70mm
3448,ok
3448,cant remember
3448,afi 100 (laughs)
3448,radio
3448,forest whitaker
3448,radio dj
3450,funny
3450,funniest movies
3450,minnesota
3450,great acting
3450,great
3450,elderly
3450,greg kinnear
3450,excellent comedy
3451,oscar (best actress)
3451,racism
3451,interracial marriage
3451,prejudice
3451,race
3451,remade
3451,spencer tracy
3451,afi 100
3451,k movie
3451,hepburn and tracy
3451,katherine hepburn
3451,sidney poitier
3451,afi 100 (cheers)
3451,1960s
3451,starring:hepburn and tracy
3451,african american history
3451,spenser tracy
3452,katsomattomat
3455,aidan gillen
3456,in netflix queue
3456,blindness
3458,betamax
3459,gothic
3461,owned
3461,scary
3461,based on a book
3461,adapted from:book
3461,criterion
3461,savage
3461,library
3461,allegory
3462,imdb top 250
3462,usa film registry
3462,black and white
3462,working class
3462,workplace
3462,erlends dvds
3462,social commentary
3462,afi 100 (laughs)
3462,afi 100
3462,hard to rate
3462,factory
3462,national film registry
3462,tumeys dvds
3462,surveillance
3462,5 stars
3462,institutions
3462,bfi classic
3462,riot
3462,antiauthoritarian
3462,perseverance
3462,see: mon oncle
3462,jinxed character(s)
3462,charlie chaplin
3466,classic
3466,robert downey jr
3466,spirits
3467,oscar (best actress)
3467,oscar (best cinematography)
3467,oscar (best supporting actor)
3468,imdb top 250
3468,bibliothek
3468,oscar (best cinematography)
3468,pool
3468,george c scott
3468,great old movie
3468,paul newman
3468,piper laurie
3468,national film registry
3468,tumeys dvds
3468,tumeys to see again
3469,imdb top 250
3469,true story
3469,religion
3469,black and white
3469,science
3469,courtroom drama
3469,court
3469,cerebral
3469,erlends dvds
3469,evolution
3469,spencer tracy
3469,great performances
3469,earnest
3469,religious zealotry
3469,biology
3469,talky
3469,literate
3469,stirring
3469,deliberate
3469,stage
3469,austere
3469,fighting the system
3469,star lawyers
3470,akira kurosawa
3470,70mm
3470,library
3470,filmaffinity top pick
3471,space
3471,aliens
3471,alien
3471,netflix instant
3471,troy library
3471,scifi
3471,thriller
3471,dvd
3471,oscar (best cinematography)
3471,70mm
3471,steven spielberg
3471,cant remember
3471,erlends dvds
3471,a classic
3471,invasion
3471,futuristmoviescom
3471,torent
3471,spielberg
3471,cloning
3471,cool but freaky
3471,afi 100
3471,speilberg
3471,craig t nelson
3471,afi 100 (cheers)
3471,saturn award (best music)
3471,saturn award (best director)
3471,saturn award (best writing)
3471,afi 100 (thrills)
3471,national film registry
3471,tumeys dvds
3471,betamax
3471,clv
3471,scope
3471,alien contact
3471,lance henriksen
3473,intimate
3473,stylized
3473,reflective
3473,cerebral
3473,urbane
3473,talky
3473,literate
3473,intersecting lives
3475,oscar (best directing)
3475,classic
3475,oscar (best cinematography)
3475,elizabeth taylor
3475,afi 100
3475,national film registry
3475,class
3476,surreal
3476,nudity (topless)
3476,vietnam war
3476,war
3476,nonlinear
3476,bibliothek
3476,conspiracy
3476,disturbing
3476,flashbacks
3476,coverup
3476,paranoia
3476,hallucination
3476,tumeys dvds
3476,occult
3476,multiple realities
3477,teen
3477,damn the man
3477,netwatch
3478,biography
3478,true story
3478,music business
3478,musicians
3479,medieval
3479,70mm
3479,transformation
3479,rutger hauer
3479,saturn award (best costumes)
3479,katsomattomat
3479,sword and sorcery
3480,dont remember
3481,funny
3481,stephen frears
3481,music
3481,jack black
3481,nick hornby
3481,based on a book
3481,loss
3481,john cusack
3481,relationships
3481,catherine zetajones
3481,wired 50 greatest soundtracks
3481,library
3481,watchagain
3481,need to buy
3481,library vhs
3481,recovery
3481,record store
3483,dreamworks
3484,bad
3484,teen induced angst overdose
3487,delights
3487,betamax
3487,remakeof:rio bravo(1958)
3489,robin williams
3489,70mm
3489,whimsical
3489,hoodoo
3489,peter pan
3489,jm barrie
3490,trains
3492,national film registry
3494,oscar (best actor)
3494,john wayne
3495,motorcycle
3498,nudity (topless)
3498,in netflix queue
3498,disturbing
3498,bleak
3498,forceful
3498,library
3498,claustrophobic
3498,tumeys dvds
3498,grim
3498,alan parker
3498,lurid
3499,stephen king
3499,oscar (best actress)
3499,rob reiner
3499,thriller
3499,drama
3499,tense
3499,scary
3499,based on a book
3499,adapted from:book
3499,writer
3499,usa
3499,author:stephen king
3499,claustrophobic
3499,writers life
3499,out for revenge
3499,menacing
3499,writer as protagonist
3499,trapped or confined
3499,hostage situations
3500,billy crystal
3502,bibliothek
3502,death
3502,mawkish
3503,masterpiece
3503,space
3503,aliens
3503,scifi
3503,immortality
3503,dreamlike
3503,love
3503,70mm
3503,based on a book
3503,stylized
3503,criterion
3503,meditative
3503,cerebral
3503,brain
3503,conscience
3503,remade
3503,humanity
3503,atmospheric
3503,futuristmoviescom
3503,hard to follow
3503,mosfilm
3503,russian
3503,enigmatic
3503,based on book
3503,memories
3503,literary adaptation
3503,talky
3503,tumeys dvds
3503,spaceships
3503,deliberate
3503,alien contact
3503,deceased family member
3503,ethics of science
3503,hypnotic
3503,sf
3504,comedy
3504,oscar (best actress)
3504,oscar (best actor)
3504,oscar (best supporting actress)
3504,drama
3504,want to see again
3504,politics
3504,infidelity
3504,narrated
3504,journalism
3504,television
3504,own
3504,afi 100
3504,prophetic
3504,afi 100 (movie quotes)
3504,national film registry
3504,ohsoso
3504,notable:dialogue
3504,news media
3505,cold war
3505,nudity (topless)
3505,espionage
3505,murder
3505,infidelity
3505,gene hackman
3505,adultery
3505,alter ego
3505,bechdel test:fail
3505,setting:the pentagon
3505,not good
3506,football
3506,sport:american football
3507,oddly moving
3507,in netflix queue
3507,classic
3507,jack lemmon
3507,afi 100 (laughs)
3507,almost favorite
3507,adapted from bway
3507,starring:jack lemmon&walter matthau
3507,stage
3508,revenge
3508,classic
3508,clint eastwood
3508,civil war
3508,national film registry
3508,not corv lib
3510,time travel
3510,amazing
3510,seen more than once
3510,alternate universe
3510,underrated
3510,dont remember
3512,seen at the cinema
3512,transplants
3513,military
3513,samuel l jackson
3513,courtroom
3513,jihad
3515,alternate endings
3516,clv
3518,dvd
3519,world war ii
3519,gregory peck
3519,dont remember
3521,quirky
3521,goofy
3521,nostalgic
3521,deadpan
3521,talky
3521,wry
3521,joe strummer
3521,elvis iconography
3524,oscar (best supporting actor)
3524,afi 100 (laughs)
3524,john gielgud
3524,betamax
3525,nudity (topless)
3525,betamax
3526,keanu reeves
3526,ron howard
3526,family
3526,cant remember
3526,k movie
3526,families
3526,mysterious parcel
3527,action
3527,survival
3527,chase
3527,aliens
3527,alien
3527,military
3527,hunting
3527,arnold
3527,violent
3527,70mm
3527,scifi cult
3527,arnold schwarzenegger
3527,guns
3527,weapons
3527,afternoon section
3527,futuristmoviescom
3527,foqam
3527,gfei own it
3527,erics dvds
3527,tumeys dvds
3527,carl weathers
3527,murder/fatality
3528,based on a book
3528,psychiatrist
3528,psychiatrist as protagonist
3529,jack nicholson
3534,addiction
3534,alcoholism
3534,sandra bullock
3534,recovery
3534,sister sister relationship
3534,rehabilitation
3535,funny
3535,serial killer
3535,nudity (topless)
3535,violence
3535,materialism
3535,insanity
3535,psychology
3535,christian bale
3535,murder
3535,yuppies
3535,based on a book
3535,adapted from:book
3535,fantasy world
3535,book
3535,psychopaths
3535,business
3535,1980s
3535,own
3535,need to own
3535,going postal
3535,hilarity
3535,literary adaptation
3535,ohsoso
3535,tumeys dvds
3535,brett easton ellis
3535,interpretable
3535,patrick bateman
3536,edward norton
3536,bibliothek
3536,religion
3536,narrated
3536,priest
3538,immigrants
3538,homosexuality
3538,1970s
3538,katsomattomat
3538,adapted from:play
3540,last words connection
3543,directorial debut
3543,afi 100 (laughs)
3543,dvdvideo
3543,betamax
3543,setting:baltimore
3543,setting:diner
3543,diner
3544,mimes
3544,clowns
3545,oscar (best directing)
3545,oscar (best actress)
3545,politics
3545,oscar (best cinematography)
3545,glbt
3545,breakthroughs
3545,oscar (best supporting actor)
3545,rewatchable
3545,gltbq
3545,national film registry
3545,tumeys dvds
3545,fosse
3545,adapted from bway
3545,stage
3545,cinematographer:geoffrey unsworth
3546,erlends dvds
3546,show business
3546,afi 100 (thrills)
3546,tumeys dvds
3546,svens to see list
3546,who cares dvds
3547,biopic
3547,gay
3547,gary oldman
3548,classic
3548,queer
3548,adapted from:book
3548,new york
3548,afi 100 (laughs)
3548,delights
3548,1920s
3548,afi 100 (movie quotes)
3548,clv
3548,adapted from bway
3549,marlon brando
3549,frank sinatra
3549,tumeys dvds
3549,adapted from:author
3549,adapted from bway
3550,sexy
3550,creepy
3550,goth
3550,stylized
3550,atmospheric
3550,directorial debut
3550,ominous
3550,svens to see list
3551,nudity (topless)
3551,erlends dvds
3551,afi 100 (movie quotes)
3551,afi 100 (thrills)
3551,dentist
3551,tumeys dvds
3551,frightening
3552,bill murray
3552,nudity (topless)
3552,sports
3552,farce
3552,harold ramis
3552,tv
3552,seen more than once
3552,golf
3552,competition
3552,teen
3552,camp
3552,chevy chase
3552,te kijken
3552,directorial debut
3552,afi 100 (laughs)
3552,slapstick
3552,comingofage
3552,want
3552,afi 100 (movie quotes)
3552,sport:golf
3552,apprenticeship
3552,setting:golf course
3554,very moving
3554,basketball
3554,love this movie
3555,world war ii
3555,war
3555,true story
3555,remake
3555,wwii
3555,submarine
3555,war movie
3555,us history
3555,katsomattomat
3555,submarines
3556,suburbia
3556,vhs
3556,psychology
3556,dreamlike
3556,sofia coppola
3556,high school
3556,based on a book
3556,clearplay
3556,stylized
3556,narrated
3556,reflective
3556,great ending
3556,erlends dvds
3556,kirsten dunst
3556,coming of age
3556,directorial debut
3556,melancholy
3556,1970s
3556,enigmatic
3556,sophia coppola
3556,overprotective parents
3556,lyrical
3556,visually appealing
3556,ohsoso
3556,elegiac
3556,insularity
3556,taped
3557,uma thurman
3557,john malkovich
3557,lance henriksen
3559,buster keaton
3559,in netflix queue
3559,chaplin
3559,owned
3559,ballet
3559,artists
3559,charlie chaplin
3562,marriage
3563,gothic
3563,adapted from:comic
3564,no rec
3564,sitcom
3565,natalie portman
3565,seen 2008
3566,religion
3566,business
3566,own
3569,mental illness
3569,social commentary
3569,dogma
3569,dogme95
3570,fiona shaw
3578,action
3578,rome
3578,gladiators
3578,slavery
3578,oscar (best actor)
3578,oscar (best picture)
3578,imdb top 250
3578,vhs
3578,revenge
3578,drama
3578,violent
3578,global warming
3578,super interesting
3578,owned
3578,dvd
3578,seen more than once
3578,epico
3578,redemption
3578,stylized
3578,sweeping
3578,russell crowe
3578,ridley scott
3578,joaquin phoenix
3578,derek jacobi
3578,connie nielsen
3578,gfei own it
3578,heroic mission
3578,sword fight
3578,forceful
3578,russel crowe
3578,seen at the cinema
3578,gratuitous violence
3578,richard harris
3578,oscar (best costume design)
3578,oscar (best sound)
3578,erics dvds
3578,test
3578,tumeys dvds
3578,historical epic
3578,sword and sandal
3578,freedom
3578,visceral
3578,menacing
3578,subgenre:sword and sandal
3578,tragic hero
3578,romans
3578,fall from power
3578,classical studies
3578,elegiac
3578,righting the wronged
3578,homelist1
3581,drugs
3581,my dvds
3583,70mm
3583,dvdr
3584,betamax
3586,less than 300 ratings
3587,tense
3587,dreamlike
3587,creepy
3587,stylized
3587,atmospheric
3587,eerie
3587,ominous
3587,witchcraft
3587,dario argento
3587,gruesome
3587,women in jeopardy
3587,amateur sleuths
3588,tense
3588,bleak
3588,jack nicholson
3588,reflective
3588,literate
3588,sibling relationships
3588,downbeat
3590,motorcycle
3591,1980s
3593,aliens
3593,stupid
3593,futuristmoviescom
3593,waste of celluloid
3593,unbearable
3593,no rec
3593,forest whitaker
3593,golden raspberry (worst picture)
3593,golden raspberry (worst actor)
3593,imdb bottom 100
3593,scientologist
3594,chick flick
3594,teen
3594,dance
3594,ballet
3598,murder
3598,shakespeare
3598,own
3598,adultery
3598,based on a play
3598,playwright:shakespeare
3598,adapted from:play
3599,subscription
3601,less than 300 ratings
3604,adapted from:play
3606,classic
3606,new york city
3606,new york
3606,gene kelly
3606,directorial debut
3606,frank sinatra
3607,less than 300 ratings
3608,comedy
3608,tim burton
3608,funny as hell
3608,creepy
3608,cant remember
3608,entertaining
3608,enigmatic
3608,engracado
3609,vietnam
3609,in netflix queue
3609,nr
3614,nicolas cage
3614,elvis iconography
3615,disney animated feature
3615,dinosaurs
3615,70mm
3615,computer animation
3617,funny
3617,robots
3617,comedy
3617,nudity (topless)
3617,classic
3617,ok
3617,teen
3617,road trip
3617,silly
3617,college
3617,snake
3617,teen movie
3617,lame
3617,light
3617,masturbation
3617,subgenre:road trip
3618,funny
3618,woody allen
3618,bad ending
3618,erlends dvds
3619,michelle pfeiffer
3620,intimate
3620,understated
3620,reflective
3620,melancholy
3620,gloomy
3620,somber
3620,downbeat
3620,wintry
3620,autumnal
3620,chilly
3622,mel brooks
3622,based on book
3622,russia
3622,soviet union
3622,treasure hunt
3623,action
3623,espionage
3623,adventure
3623,tom cruise
3623,mindfuck
3623,movie to see
3623,cruise
3623,john woo
3623,great actions
3623,lame ending
3623,ving rhames
3623,gfei own it
3623,seen at the cinema
3624,slavery
3624,princess
3624,jackie chan
3624,subgenre:buddies
3626,twisted
3626,peter greenaway
3627,low budget
3627,criterion
3627,tumeys dvds
3628,world war ii
3629,comedy
3629,charles chaplin
3629,imdb top 250
3629,owned
3629,classic
3629,rags to riches
3629,black and white
3629,mining
3629,silent
3629,dance
3629,erlends dvds
3629,movie to see
3629,hdtv
3629,afi
3629,afi 100 (laughs)
3629,afi 100
3629,amnesia
3629,national film registry
3629,alaska
3629,tumeys dvds
3629,gold
3629,new years eve
3629,hunger
3629,charlie chaplin
3631,lesbian
3632,in netflix queue
3632,chaplin
3632,owned
3632,charlie chaplin
3633,bond
3633,assassin
3633,james bond
3633,murder
3633,franchise
3633,telly savalas
3633,skiing
3633,killer as protagonist
3633,007 (series)
3633,dont remember
3633,george lazenby
3634,in netflix queue
3634,futuristmoviescom
3635,bond
3635,assassin
3635,james bond
3635,egypt
3635,murder
3635,submarine
3635,franchise
3635,spy
3635,nuclear bomb
3635,tumeys dvds
3635,sardinia
3635,killer as protagonist
3635,villain:jaws
3635,007 (series)
3635,series:james bond
3635,roger moore
3637,svens to see list
3638,space
3638,space travel
3638,bond
3638,assassin
3638,james bond
3638,tense
3638,murder
3638,stylized
3638,franchise
3638,killer as protagonist
3638,setting:space/earth orbit
3638,villain:jaws
3638,007 (series)
3638,plot point:biomedical danger
3638,rousing
3638,flashy
3638,massacred the book
3638,roger moore
3639,bond
3639,assassin
3639,james bond
3639,70mm
3639,murder
3639,infidelity
3639,rape
3639,franchise
3639,christopher lee
3639,maud adams
3639,killer as protagonist
3639,007 (series)
3639,roger moore
3640,charlie chaplin
3643,world war ii
3644,less than 300 ratings
3645,foreign
3645,black and white
3645,intimate
3645,stylized
3645,criterion
3645,reflective
3645,atmospheric
3645,newspaper theme
3645,lyrical
3645,realtime
3645,svens to see list
3645,springlike
3649,prostitution
3649,richard gere
3649,wired 50 greatest soundtracks
3649,betamax
3650,clv
3652,dvd
3652,creepy
3652,disturbing
3652,atmospheric
3652,visceral
3652,menacing
3652,gruesome
3653,new zealand
3653,hawaii
3653,south africa
3653,australia
3653,national film registry
3653,surfing
3654,world war ii
3654,violent
3654,70mm
3654,erlends dvds
3654,literary adaptation
3654,afi 100 (thrills)
3654,dont remember
3658,aliens
3658,aliens space science
3660,cant remember
3665,mentally impaired
3668,oscar (best cinematography)
3668,shakespeare
3668,notable nudity
3668,okay
3668,beautiful
3668,claire danes
3668,based on a play
3668,playwright:shakespeare
3668,adapted from:play
3669,horror
3671,easygoing
3671,racism
3671,on dvr
3671,satirical
3671,funniest movies
3671,classic
3671,seen more than once
3671,spoof
3671,mel brooks
3671,parody
3671,silly
3671,silly but good
3671,goofy
3671,afi 100 (laughs)
3671,slapstick
3671,madcap
3671,delights
3671,mel brooks movie
3671,madeline kahn
3671,slim pickens
3671,gene wilder
3671,divx1
3671,national film registry
3671,dvdvideo
3671,clv
3671,highly quotable
3671,frantic
3671,bechdel test:fail
3671,infantile
3671,breaking the fourth wall
3671,sheriff
3671,my movies
3672,animal:dog
3675,christmas
3675,danny kaye
3675,bing crosby
3676,david lynch
3676,in netflix queue
3676,painful
3676,dark
3676,cult film
3676,dreamlike
3676,creepy
3676,disturbing
3676,paranoid
3676,atmospheric
3676,brilliant
3676,cryptic
3676,directorial debut
3676,hallucinatory
3676,enigmatic
3676,national film registry
3676,ominous
3676,gruesome
3677,environment
3677,religion
3677,70mm
3677,no dialogue
3677,stoner movie
3677,netflix
3677,scenic
3677,avante garde
3677,nature
3677,monkey
3677,timelapse
3677,cambodia
3677,photography
3677,destruction
3677,arizona
3677,bechdel test:fail
3677,cinematographerdirector
3677,mysticism
3677,landscape
3678,drugs
3678,frank sinatra
3678,tumeys dvds
3679,rebellion
3679,rock and roll
3679,to see
3679,institutions
3679,punk rock
3679,music documentary
3679,punks
3680,la
3680,metal
3680,music documentary
3681,action
3681,italy
3681,sergio leone
3681,imdb top 250
3681,thriller
3681,italian
3681,drama
3681,western
3681,clint eastwood
3681,spain
3681,ennio morricone
3681,legenda ptbr
3681,erlends dvds
3681,west germany
3681,spaghetti western
3681,need to own
3681,morricone score
3681,corvallis library
3681,tumeys dvds
3681,katsomattomat
3681,tumeys to see again
3682,clint eastwood
3682,motorcycle
3682,dirty harry
3683,coen brothers
3683,satirical
3683,quirky
3683,drama
3683,witty
3683,sundance award winner
3683,surprise ending
3683,directorial debut
3683,zim
3683,cynical
3683,library
3683,deadpan
3683,afi 100 (thrills)
3683,tumeys dvds
3683,dvdvideo
3683,betamax
3683,sundance grand jury prize
3683,tumeys to see again
3683,frances
3683,treacherous spouses
3684,music
3684,christmas
3684,bibliothek
3684,brothers
3684,brotherbrother relationship
3684,dogs
3684,afternoon section
3684,michelle pfeiffer
3684,jeff bridges
3684,tumeys dvds
3684,betamax
3684,musicians
3684,audition
3684,musicians life
3685,mafia
3685,oscar (best supporting actress)
3685,dark comedy
3685,murder
3685,jack nicholson
3685,tumeys dvds
3685,killerasprotagonist
3686,ghosts
3686,scifi
3686,70mm
3686,gfei own it
3686,afterlife
3686,haunting
3686,kiefer sutherland
3686,haunted by the past
3686,scope
3686,promiscuity
3686,70mm blowup
3686,video camera
3688,childish
3688,cult film
3688,high school
3688,cant remember
3688,teen
3691,teen
3691,80s
3692,vhs
3692,cult film
3692,cult classic
3692,troma
3693,cult film
3693,cult classic
3693,troma pictures
3693,troma
3694,splatter
3694,troma pictures
3695,troma pictures
3696,bug hunt
3696,pseudozombies
3697,police
3697,action
3697,sequel
3697,aliens
3697,hunting
3697,los angeles
3697,70mm
3697,gangs
3697,nudity (full frontal)
3697,monster
3697,voodoo
3697,invisibility
3697,subway
3697,twentieth centuryfox
3697,70mm blowup
3697,sequel:better
3697,heat wave
3698,dystopia
3698,satire
3698,survival
3698,70mm
3698,based on a book
3698,arnold schwarzenegger
3698,adapted from:book
3698,police state
3698,campy
3698,television
3698,futuristmoviescom
3698,friday night movie
3698,author:stephen king
3698,exciting
3698,based on book
3698,reality tv
3698,erics dvds
3698,dystopic future
3699,aliens
3699,70mm
3699,cant remember
3699,futuristmoviescom
3699,cute alien
3700,aliens
3700,alien
3700,vhs
3700,black comedy
3700,dvdvideo
3701,police
3701,alien
3701,70mm
3701,cant remember
3702,dystopia
3702,postapocalyptic
3702,owned
3702,mel gibson
3702,cant remember
3702,motorcycle
3702,futuristmoviescom
3702,mad scientist
3702,svens to see list
3702,rewatch for rating
3702,veja
3703,dystopia
3703,bad acting
3703,nudity (topless)
3703,slavery
3703,postapocalyptic
3703,post apocalyptic
3703,car chase
3703,owned
3703,desert
3703,mel gibson
3703,70mm
3703,cars
3703,dogs
3703,motorcycle
3703,muscle
3703,flame thrower
3703,mad max
3703,post apocalypse
3703,unintentionally funny
3703,futuristmoviescom
3703,heroism
3703,watched 2006
3703,great action
3703,made me cry
3703,plot: seven samurai
3703,trucks
3703,svens to see list
3703,mask
3703,archery
3703,bad guy dresses gay
3703,gyrocopter
3703,tribal
3703,on the road
3703,my movies
3703,sf
3704,postapocalyptic
3704,post apocalyptic
3704,owned
3704,desert
3704,mel gibson
3704,70mm
3704,cant remember
3704,motorcycle
3704,futuristmoviescom
3704,crappy sequel
3705,nudity (rear)
3705,mel gibson
3705,goldie hawn
3706,bibliothek
3706,deal with the devil
3706,trash
3706,excellent just excellent
3706,tumeys dvds
3706,betamax
3706,setting:new orleans
3706,alan parker
3706,who cares dvds
3707,nudity (topless)
3707,vhs
3707,nudity (rear)
3707,new york city
3707,clv
3708,stephen king
3708,based on a book
3710,cant remember
3710,sharon stone
3710,craig t nelson
3710,detroit
3710,betamax
3710,carl weathers
3712,television
3715,betamax
3716,drugs
3717,nicholas cage
3717,nicolas cage
3717,carjacking
3717,car chase
3717,seen more than once
3717,angelina jolie
3717,cars
3717,vinnie jones
3717,afternoon section
3717,robert duvall
3717,giovanni ribisi
3717,theft
3717,gonzo
3719,bibliothek
3719,shakespeare
3719,based on a play
3719,playwright:shakespeare
3719,adapted from:play
3723,murder
3723,ennio morricone
3723,shakespeare
3723,adultery
3723,based on a play
3723,literary adaptation
3723,playwright:shakespeare
3723,adapted from:play
3723,oedipus complex
3724,oscar (best actress)
3724,oscar (best actor)
3724,vietnam
3724,on dvr
3724,70mm
3724,donald sutherland
3724,jane fonda
3725,rotoscoping
3725,best jewish movies
3726,gangs
3726,erlends dvds
3726,john carpenter
3726,race issues
3726,related:rio bravo(1958)
3727,tense
3727,stylized
3727,atmospheric
3727,gloomy
3727,eerie
3727,hulu
3727,claustrophobic
3727,menacing
3727,lance henriksen
3728,tense
3728,atmospheric
3728,melancholy
3728,gloomy
3728,poignant
3728,gritty
3728,downbeat
3728,interracial/crosscultural romance
3728,lovers reunited
3728,lovers on the lam
3729,tense
3729,remade
3729,atmospheric
3729,blaxploitation
3729,wired 50 greatest soundtracks
3729,forceful
3729,national film registry
3729,visceral
3729,rousing
3729,moody
3729,upbeat
3730,espionage
3730,francis ford copolla
3730,imdb top 250
3730,spying
3730,paranoid
3730,reflective
3730,breakthroughs
3730,francis ford coppola
3730,golden palm
3730,gene hackman
3730,need to own
3730,library
3730,enigmatic
3730,claustrophobic
3730,paranoia
3730,national film registry
3730,tumeys dvds
3730,dvdvideo
3730,betamax
3730,ominous
3730,survellience
3730,catchy score
3730,deliberate
3730,downbeat
3730,witnessing a crime
3730,lone wolves
3732,based on a book
3732,brian de palma
3733,adapted from:book
3733,oscar (best supporting actor)
3733,afi 100 (cheers)
3733,harvard law school
3733,lawyers
3734,boring
3734,long
3734,treat williams
3734,bad story
3734,jmq
3735,police
3735,nudity (topless)
3735,new york city
3735,al pacino
3735,afi 100 (cheers)
3735,tumeys dvds
3736,satirical
3736,criterion
3736,journalism
3736,cynical
3736,newspaper theme
3736,library
3736,members of the press
3736,biting
3736,wry
3736,news media
3736,svens to see list
3736,downbeat
3736,work ethics
3737,kirk douglas
3738,car chase
3738,erlends dvds
3738,cinematographer:vilmos zsigmond
3739,criterion
3739,national film registry
3740,surreal
3740,china
3740,quirky
3740,cult film
3740,tense
3740,70mm
3740,scifi cult
3740,antihero
3740,campy
3740,goofy
3740,betamax
3740,menacing
3740,al leong
3741,bibliothek
3741,bleak
3741,stylized
3741,atmospheric
3741,lyrical
3741,national film registry
3741,freaks
3741,tumeys dvds
3741,dvdvideo
3741,hippie
3741,terrence malick
3741,deliberate
3741,austere
3741,thrill crime
3741,crime sprees
3741,lovers on the lam
3742,classic
3742,dvdr
3742,tumeys dvds
3742,dvdvideo
3742,odessa
3742,film theory & criticism
3742,soviet
3742,mutiny
3744,samuel l jackson
3744,christian bale
3744,remake
3744,john singleton
3744,samuel ljackson
3744,bmf
3745,space travel
3745,futuristmoviescom
3745,get
3745,fatherson relationship
3745,divx1
3745,katottava
3747,awful
3747,hw drama
3749,john malkovich
3751,funny
3751,claymation
3751,animals
3751,aardman
3751,childhood
3751,animation
3751,dvd
3751,family
3751,mel gibson
3751,campy
3751,dreamworks
3751,stop motion
3751,talking animals
3751,below r
3751,library
3751,watch
3751,almost favorite
3751,aardman studios
3751,dvdvideo
3751,freedom
3751,nick park
3751,related:the great escape
3751,avi
3751,happy
3751,jane horrocks
3752,funny
3752,comedy
3752,jim carrey
3752,hilarious
3752,romance
3752,bibliothek
3752,humor
3752,split personality
3752,farelly brothers
3752,framed
3752,wacky
3752,anthony anderson
3752,friday night movie
3752,seen at the cinema
3752,renee zellweger
3752,no
3752,erics dvds
3752,absurd
3753,history
3753,war
3753,drama
3753,mel gibson
3753,heath ledger
3753,historical
3753,chris cooper
3753,jason isaacs
3753,revolution
3753,best war films
3753,roland emmerich
3753,freedom
3753,patrick bateman
3754,adaptation
3754,bad
3754,based on a cartoon
3755,george clooney
3755,thriller
3755,drama
3755,disaster
3755,jake gyllenhaal
3755,natural disaster
3755,john c reilly
3755,diane lane
3755,mark wahlberg
3755,wolfgang petersen
3755,big budget
3755,weather
3755,excellent drama
3756,adapted from:book
3756,uma thurman
3756,author:henry james
3756,henry james
3758,christopher walken
3759,animation
3759,disney
3759,erlends dvds
3760,comedy
3760,nudity (topless)
3760,zaz
3760,george lazenby
3761,prison
3761,gangs
3763,cant remember
3763,good in the 80s
3763,betamax
3766,menahem golan
3767,menahem golan
3768,betamax
3768,menahem golan
3769,directorial debut
3770,surreal
3770,watched 2007
3770,betamax
3771,classical studies
3773,hip hop
3775,disney animated feature
3775,disney
3776,disney animated feature
3776,disney
3776,memories
3777,controversial
3777,necrophilia
3779,robert heinlein
3781,blaxploitation
3782,blaxploitation
3783,england
3783,casino
3783,notable nudity
3783,clive owen
3784,time travel
3784,bruce willis
3784,okay once
3785,funny
3785,comedy
3785,horror
3785,unfunny
3785,stupid
3785,satirical
3785,scifi
3785,spoof
3785,parody
3785,silly but good
3785,unbearable
3785,splatter
3785,corny
3785,silly fun
3786,satire
3786,lesbian
3786,queer
3786,cute
3786,sexuality
3786,slash
3786,coming of age
3786,comingofage
3788,nudity (topless)
3788,artistic
3788,on dvr
3788,models
3788,bibliothek
3788,classic
3788,cars
3788,murder
3788,nudity (full frontal)
3788,paranoid
3788,stylized
3788,london
3788,meditative
3788,cerebral
3788,reality or imagination
3788,atmospheric
3788,golden palm
3788,dvdr
3788,need to own
3788,eerie
3788,enigmatic
3788,emerson must see
3788,tumeys dvds
3788,betamax
3788,photography
3788,photographer
3788,deliberate
3788,wry
3788,mimes
3788,antique
3788,edgy
3789,genocide
3789,national film registry
3789,not corv lib
3789,sure thing
3789,top ten
3791,classic
3791,kevin bacon
3791,teen
3791,rock and roll
3791,1980s
3791,comingofage
3791,divx1
3791,religious theme
3793,fun
3793,action
3793,united nations
3793,violence
3793,superhero
3793,school
3793,scifi
3793,katso sanna
3793,ensemble cast
3793,dvd
3793,cult film
3793,seen more than once
3793,future
3793,family
3793,amazing fight choreography
3793,marvel
3793,genetics
3793,xenomorph
3793,motorcycle
3793,franchise
3793,comic book adaption
3793,super hero
3793,bryan singer
3793,patrick stewart
3793,futuristmoviescom
3793,based on a comic
3793,halle berry
3793,gfei own it
3793,watched 2000
3793,seen at the cinema
3793,ian mckellen
3793,hugh jackman
3793,wheelchair
3793,biology
3793,saturn award (best costumes)
3793,saturn award (best actor)
3793,saturn award (best director)
3793,saturn award (best writing)
3793,erics dvds
3793,based on comic book
3793,tumeys dvds
3793,tolerance
3793,adapted from:comic
3793,comic bookie
3793,white house
3793,statue
3793,moral ambiguity
3793,gifts
3793,senators
3793,mutants
3793,big budget
3793,legislation
3793,facades
3793,activism
3795,ensemble cast
3795,multiple storylines
3795,canada
3795,modern
3796,bibliothek
3796,jude law
3796,want to own
3798,harrison ford
3798,white trash
3798,not good
3799,pretty good
3801,imdb top 250
3801,adapted from:book
3801,courtroom drama
3801,court
3801,erlends dvds
3801,psychiatry
3801,george c scott
3801,james stewart
3801,tumeys dvds
3801,catchy score
3802,futuristmoviescom
3802,cyberpunk
3805,motorcycle
3805,george a romero
3806,70mm
3806,based on book
3806,treasure hunt
3808,oscar (best actress)
3808,italian
3808,black and white
3808,stark
3808,sophia loren
3809,bill murray
3809,quirky
3809,psychology
3809,great acting
3809,madcap
3809,talky
3809,really funny
3809,vacation
3809,psychiatrist
3809,psychiatrist as protagonist
3809,bechdel test:fail
3809,faltering friendships
3809,doctors and patients
3810,samuel l jackson
3811,military
3811,courtroom drama
3811,court
3811,south africa
3811,army
3811,dvdvideo
3811,betamax
3812,woody allen
3812,brian
3812,dvdvideo
3813,woody allen
3813,bibliothek
3813,erlends dvds
3813,hw drama
3813,not corv lib
3813,seen
3814,woody allen
3814,satirical
3814,quirky
3814,philosophy
3814,erlends dvds
3814,goofy
3814,irreverent
3814,woody allen classic
3814,wheat
3814,unlikely heroes
3814,nothing goes right
3816,toronto film festival winner
3819,sexy
3819,on computer
3819,satirical
3819,quirky
3819,urbane
3819,food
3819,hw foreign
3819,not corv lib
3819,charming
3820,trains
3820,adapted from:book series
3821,sequel
3821,stupid
3821,trash
3821,eddie murphy
3821,john ales
3821,larry miller
3822,bibliothek
3824,library vhs
3825,comedy
3825,romantic comedy
3825,girls
3825,women
3825,trash
3825,coming of age
3825,decent
3825,maria bello
3825,fdfd
3825,ordinary
3826,oddly moving
3826,horror
3826,action
3826,scifi
3826,boring
3826,invisible
3826,politics
3826,kevin bacon
3826,invisible man
3826,monsters
3826,turd
3826,technology
3826,nothing special
3826,bmovie
3826,elizabeth shue
3826,not good at all
3826,invisibility
3826,paul verhoeven
3827,space
3827,clint eastwood
3827,space program
3831,comedy
3831,british comedy
3831,marijuana
3831,adultery
3831,protagonist is recently widowed
3832,vampires
3832,creepy
3832,atmospheric
3832,eerie
3832,menacing
3833,mst3k
3833,tumeys dvds
3834,blindfold
3835,awful movie
3836,70mm
3836,corvallis library
3836,tumeys dvds
3837,nudity (topless)
3840,cinematographer:bojan bazelli
3841,70mm
3841,robert downey jr
3843,monster
3844,heartwarming
3844,chick flick
3844,women
3844,southern theme
3844,warm
3844,strong women
3844,sentimental
3844,tearjerking
3844,dying young
3844,womens friendship
3845,sexy
3845,less than 300 ratings
3845,sexual
3845,sentimental
3845,hw criterion
3845,to see
3845,racy
3849,tense
3849,creepy
3849,noir
3849,erlends dvds
3849,ominous
3849,disability
3849,menacing
3849,moody
3851,comedy
3851,movielens quickpick
3851,to see
3852,offbeat comedy
3852,pua
3854,war
3854,lesbian
3854,glbt
3855,nudity (topless)
3855,paris
3855,realistic
3855,intimate
3855,understated
3855,reflective
3855,sexuality
3855,passionate
3855,sexual
3855,melancholy
3855,interviews
3855,talky
3855,library vhs
3855,cafe
3855,hospital
3855,dating
3855,deliberate
3855,sensual
3855,austere
3855,mature
3855,sexual fantasy
3855,orgasm
3855,gynocentric
3855,desire
3855,souvenirs
3855,brief encounters
3857,rufus sewell
3858,dvdr
3858,blindfold
3859,in netflix queue
3859,dvdvideo
3860,christopher walken
3861,keanu reeves
3861,football
3861,gene hackman
3862,5 out of 5
3863,serial killer
3863,surreal
3863,virtual reality
3863,directorial debut
3863,library
3868,police
3868,comedy
3868,cant remember
3868,screwball
3868,parody
3868,natalie portman
3868,slapstick
3868,zaz
3868,mind control
3868,leslie neilsen
3869,police
3869,comedy
3869,cant remember
3869,screwball
3869,parody
3869,seen at the cinema
3869,zaz
3869,leslie neilsen
3871,on computer
3871,oscar (best cinematography)
3871,book
3871,afi 100
3871,so sad
3871,afi 100 (cheers)
3871,afi 100 (movie quotes)
3871,national film registry
3871,bfi classic
3872,elizabeth taylor
3872,based on a play
3872,tennessee williams
3872,katherine hepburn
3872,library vhs
3873,oscar (best actor)
3873,jane fonda
3873,afi 100 (laughs)
3873,lee marvin
3873,svens to see list
3874,bibliothek
3875,tense
3875,creepy
3875,goth
3875,stylized
3875,deal with the devil
3875,satanism
3875,atmospheric
3875,eerie
3875,ominous
3875,witchcraft
3875,women in jeopardy
3875,devil worship
3875,hammer film productions
3877,i love this movie
3877,70mm
3877,dc comics
3879,wesley snipes
3880,less than 300 ratings
3881,less than 300 ratings
3882,overrated
3882,slash
3882,kate
3882,cheerleading
3882,inspiring sports movie
3883,florida film festival winner
3887,less than 300 ratings
3889,immortals
3889,crappy sequel
3891,jason statham
3892,scary
3892,dvdvideo
3893,dark comedy
3893,psychology
3893,morgan freeman
3893,aaron eckhart
3893,renee zellweger
3893,j netflix
3893,seen 2008
3893,greg kinnear
3893,nurse
3895,keanu reeves
3896,own
3896,ryan phillippe
3897,overrated
3897,easygoing
3897,music
3897,philip seymour hoffman
3897,on disc
3897,great soundtrack
3897,seen more than once
3897,musical
3897,understated
3897,teen
3897,rock and roll
3897,journalism
3897,erlends dvds
3897,movie to see
3897,kate hudson
3897,bittersweet
3897,coming of age
3897,nostalgic
3897,bad movie
3897,alone
3897,wired 50 greatest soundtracks
3897,warm
3897,affectionate
3897,ratedr
3897,1970s
3897,earnest
3897,writers life
3897,want
3897,dvdvideo
3897,to see
3897,dvd collection
3897,strong director
3897,groupie
3897,jason lee
3897,catchy score
3897,mothers and sons
3897,musicians life
3897,zooey deschanel
3902,courtesan
3905,superhero
3905,less than 300 ratings
3906,predictable movie
3906,morgan freeman
3906,gene hackman
3910,prison
3910,want to see again
3910,musical
3910,catherine deneuve
3910,stylized
3910,death penalty
3910,sad
3910,united states
3910,great ending
3910,golden palm
3910,special
3910,tearjerking
3910,blindness
3910,factory
3910,injustice
3910,made me cry
3910,library vhs
3910,facebook rec
3910,disability
3910,cathartic
3910,austere
3910,mothers and sons
3910,grim
3910,downbeat
3910,drab
3910,down on their luck
3910,saintly fools
3911,comedy
3911,dark comedy
3911,in netflix queue
3911,quirky
3911,seen more than once
3911,best of 2005
3911,dogs
3911,mockumentary
3911,need to own
3911,christopher guest
3911,not that good
3911,animal:dog
3911,documentary critique
3911,absurd
3914,sexuality
3915,boxing
3915,teens
3915,sport:boxing
3915,girls
3916,great movie
3916,inspiring
3916,sports
3916,racism
3916,drama
3916,inspirational
3916,high school
3916,football
3916,chick flick
3916,60s
3916,social commentary
3916,race issues
3916,lame
3916,motivation
3916,character study
3916,hope
3916,american football
3916,sports competition
3916,semigood sports movies
3916,afroamerican
3917,tumeys dvds
3917,andy robinson
3918,tumeys dvds
3921,teen
3921,1960s
3923,sequelto:the fly (1958)
3925,on dvr
3925,quirky
3925,black and white
3925,bleak
3925,understated
3925,erlends dvds
3925,enigmatic
3925,deadpan
3925,national film registry
3925,whats the point
3925,ohsoso
3925,yahoo top pick
3925,deliberate
3925,bohemian life
3925,immigrant life
3926,submarine
3927,miniaturization
3927,asimov
3927,jerome bixby
3928,gothic
3928,afi 100 (laughs)
3928,national film registry
3929,criterion
3929,national film registry
3929,corvallis library
3931,mst3k
3931,tumeys dvds
3932,based on a book
3932,adapted from:book
3932,erlends dvds
3932,mad scientist
3932,national film registry
3932,invisibility
3932,lust for power
3932,hg wells
3933,tumeys dvds
3936,oscar (best cinematography)
3937,robots
3937,michael crichton
3939,imdb bottom 100
3942,worst movie ever
3946,sylvester stallone
3946,assassin
3946,murder
3946,infidelity
3946,adapted from:book
3946,rape
3946,michael caine
3946,adultery
3946,nothing special
3946,killerasprotagonist
3946,revenge as motive
3946,remakeof:get carter(1971)
3946,remadeas:get carter(2000)
3947,nudity (topless)
3947,assassin
3947,murder
3947,infidelity
3947,adapted from:book
3947,rape
3947,michael caine
3947,adultery
3947,existential
3947,tumeys dvds
3947,killerasprotagonist
3947,revenge as motive
3947,remakeof:get carter(1971)
3947,remadeas:get carter(2000)
3947,british gangsters
3948,comedy
3948,stupid
3948,tv
3948,bibliothek
3948,robert de niro
3948,seen more than once
3948,obnoxious
3948,mel brooks
3948,ben stiller
3948,teri polo
3948,blythe danner
3948,erics dvds
3948,stiller&wilson
3948,dont remember
3949,drugs
3949,imdb top 250
3949,in netflix queue
3949,revenge
3949,want to see again
3949,dark
3949,depressing
3949,psychology
3949,addiction
3949,darren aronofsky
3949,based on a book
3949,disturbing
3949,sex
3949,sad
3949,social commentary
3949,television
3949,drug abuse
3949,need to own
3949,jennifer connelly
3949,hulu
3949,ellen burstyn
3949,heroin
3949,jared leto
3949,ohsoso
3949,tumeys dvds
3949,my dvds
3949,television show
3950,colin farrell
3951,in netflix queue
3952,politics
3952,gary oldman
3952,washington dc
3953,nudity (full frontal)
3953,robert altman
3953,afternoon section
3959,time travel
3959,classic
3959,based on a book
3959,silly but good
3959,remade
3959,futuristmoviescom
3959,remakeof:the time machine(1960)
3959,remadeas:the time machine(2002)
3959,hg wells
3961,cant remember
3961,toilet monster
3963,70mm
3964,disney animated feature
3964,disney
3964,adventure game
3964,loved this cartoon
3966,national film registry
3966,ida lupino
3967,boxing
3967,funny
3967,fun
3967,england
3967,drama
3967,interesting
3967,british
3967,owned
3967,heartwarming
3967,musical
3967,realistic
3967,entertaining
3967,dance
3967,dancing
3967,homosexuality
3967,turd
3967,feel good
3967,britain
3967,coming of age
3967,father son relationship
3967,kate
3967,motivation
3967,talent
3967,library
3967,ballet
3967,self discovery
3967,no
3967,charming
3967,independent film
3967,title spoken by character
3967,miners strike
3967,gender
3967,gay character
3968,remake
3968,los angeles
3968,pg13
3968,deal with the devil
3968,scope
3968,bad remake
3969,abuse
3969,drama
3969,twist ending
3969,bibliothek
3969,alcoholism
3969,socially relevant
3969,domestic violence
3969,seen
3970,creepy
3970,disturbing
3970,bleak
3970,atmospheric
3970,eerie
3970,ominous
3970,menacing
3970,gruesome
3970,lurid
3972,sequel
3972,martial arts
3972,train
3972,jackie chan
3972,slapstick
3972,kung fu
3972,1920s
3972,drunkenness
3972,scope
3972,golden harvest
3972,steel mill
3972,legal issues
3977,sexy
3977,dvd
3977,seen more than once
3977,murder
3977,silly
3977,womens lib
3977,campy
3977,camp
3977,afternoon section
3977,whimsical
3977,shit
3977,directorial debut
3977,charlize theron
3977,genre spoof
3977,privacy
3977,women disguised as men
3977,private detective
3977,upbeat
3977,mf
3977,dumb fun
3978,boring
3978,matt damon
3978,golf
3978,will smith
3978,charlize theron
3979,reese witherspoon
3979,adam sandler
3979,hell
3979,snl alums
3979,perverted
3980,on dvr
3980,robert de niro
3980,cant remember
3981,nudity (rear)
3981,religion
3981,colonialism
3981,divx1
3981,avi
3981,mars
3982,ensemble cast
3982,multiple storylines
3982,food
3983,slow
3983,on disc
3983,want to see again
3983,family
3983,religion
3983,infidelity
3983,absent fathers
3983,workplace
3983,responsibility
3983,pool
3983,motherson relationship
3983,small town
3983,accident
3983,moviepig top pick
3983,sibling relationships
3983,uncle
3984,vhs
3984,bond
3984,assassin
3984,seen more than once
3984,james bond
3984,sean connery
3984,murder
3984,franchise
3984,killer as protagonist
3984,007 (series)
3985,world war ii
3985,nazis
3985,owned
3985,based on a book
3985,adapted from:book
3986,futuristic
3986,dvd
3986,genetics
3986,arnold schwarzenegger
3986,futuristmoviescom
3986,cloning
3986,biology
3987,bibliothek
3988,comedy
3988,on computer
3988,jim carrey
3988,children
3988,christmas
3988,ron howard
3988,remake
3988,based on a book
3988,adapted from:book
3988,homosexuality
3988,repeat watch
3988,author:dr seuss
3988,dr seuss
3989,police
3989,true story
3989,terrorism
3989,palestine
3989,olympics
3989,germany
3989,1970s
3989,hostage
3989,archive footage
3989,oscar (best documentary feature)
3989,munich
3991,bibliothek
3991,dogs
3991,animal:dog
3992,italian
3992,wartime
3992,monica bellucci
3992,library
3992,comingofage
3992,morality
3992,my movies
3993,male nudity
3993,underrated
3993,psychiatry
3993,joaquin phoenix
3993,michael caine
3993,hulu
3993,asylum
3993,morality
3993,writers life
3993,ohsoso
3993,group sex
3993,biographical view
3993,sadism
3993,antiauthoritarian
3993,dubious medical experiments
3993,hypocrisy
3993,flagellation
3993,doctors and patients
3993,insane asylum
3994,superhero
3994,samuel l jackson
3994,vhs
3994,twist ending
3994,seen more than once
3994,mindfuck
3994,m night shyamalan
3994,understated
3994,bruce willis
3994,predictable
3994,train
3994,atmospheric
3994,own
3994,want it
3994,unbelievable
3994,melancholy
3994,eerie
3994,fatherson relationship
3994,wheelchair
3994,somber
3994,frightening
3994,accident
3994,deliberate
3994,avi
3994,rehabilitation
3994,austere
3994,husbandwife relationship
3994,car accident
3994,security guard
3994,physical therapy
3994,shyamalan
3994,samuel ljackson
3994,buy
3996,china
3996,ang lee
3996,imdb top 250
3996,amazing photography
3996,dvd
3996,bibliothek
3996,seen more than once
3996,dreamlike
3996,martial arts
3996,japan
3996,oscar (best cinematography)
3996,murder
3996,breakthroughs
3996,beautiful
3996,flying
3996,alone
3996,below r
3996,lavish
3996,poignant
3996,culture
3996,kickbutt women
3996,wuxia
3996,alter ego
3996,lyrical
3996,colourful
3996,sword fighting
3996,erics dvds
3996,lots of kicking
3996,picturesque drama
3996,crossdressing women
3996,myth
3996,killerasprotagonist
3996,heroine
3996,rousing
3996,elegant
3996,autumnal
3996,chow yun fat
3996,wire work
3997,high fantasy
3997,must see
3997,jeremy irons
3997,likeilike top pick
3998,clearplay
3998,russell crowe
3999,adventure
3999,watched 2006
3999,mountain climbing
3999,siddig
4000,betamax
4001,betamax
4002,funniest movies
4002,sir john candy
4002,road trip
4002,john candy
4002,thanksgiving
4002,trains
4003,al leong
4005,england
4005,bond
4005,assassin
4005,james bond
4005,murder
4005,cellos
4005,spies
4005,franchise
4005,timothy dalton
4005,austria
4005,killer as protagonist
4005,007 (series)
4005,scope
4005,morocco
4005,author:ian fleming
4006,robots
4006,giant robots
4007,oscar (best actor)
4007,nudity (rear)
4007,erlends dvds
4007,oliver stone
4007,business
4007,corporate america
4007,stock market
4007,afi 100 (movie quotes)
4007,us history
4007,tumeys dvds
4007,cinematographer:robert richardson
4007,cameo:oliver stone
4008,oscar (best directing)
4008,vietnam war
4008,war
4008,boring
4008,70mm
4008,nudity (full frontal)
4008,oliver stone
4008,activist
4008,institutions
4009,oliver stone
4009,radio dj
4009,cinematographer:robert richardson
4010,cant remember
4010,sir john candy
4010,betamax
4011,boxing
4011,crime
4011,comedy
4011,fighting
4011,imdb top 250
4011,hilarious
4011,quirky
4011,guy ritchie
4011,funny as hell
4011,british
4011,dvd
4011,jason statham
4011,brad pitt
4011,vinnie jones
4011,goofy
4011,great direction
4011,own
4011,gfei own it
4011,cynical
4011,madcap
4011,seen at the cinema
4011,debt
4011,diamonds
4011,frantic
4011,criminal
4011,my movies
4011,plan
4011,bright
4012,standup comedy
4014,johnny depp
4014,history
4014,bibliothek
4014,seen more than once
4014,love
4014,remake
4014,family
4014,cute
4014,french
4014,sweet
4014,chocolate
4014,prejudice
4014,magic realism
4014,own
4014,kate
4014,quite romantic
4014,library
4014,based on book
4014,food
4014,small town
4014,colourful
4014,corvallis library
4014,tolerance
4014,food/cooking
4014,juliette binoche
4014,my movies
4014,judi dench
4015,funny
4015,comedy
4015,aliens
4015,stupid
4015,seen more than once
4015,cars
4015,crap
4015,stoner movie
4015,tattoos
4015,bad
4015,silly
4015,dustin hoffman
4015,okay once
4015,jennifer garner
4015,ashton kutcher
4015,stupidity
4015,shallow
4015,funny shit
4015,utter shit
4015,seann william scott
4016,funny
4016,disney animated feature
4016,disney
4016,transformation
4016,okay
4016,get
4016,david spade
4016,almost favorite
4016,avi
4016,latin america
4016,empty
4017,oscar (best supporting actress)
4017,seen more than once
4017,didnt finish
4017,j netflix
4017,ohsoso
4017,manchurian
4017,artist mind
4018,stereotypes
4018,mel gibson
4018,girlie movie
4018,watched 2000
4018,awful awards
4019,inspiring
4019,sean connery
4019,writing
4019,brilliant
4019,gus van sant
4019,filmed in bc
4019,prep school
4020,sam raimi
4020,nudity (topless)
4020,keanu reeves
4020,afternoon section
4020,its alright
4021,bibliothek
4021,seen
4022,tom hanks
4022,drama
4022,cars
4022,unique
4022,must see
4022,stranded
4022,get
4022,enjoyed despite myself
4022,jen
4022,mom
4022,dad
4022,watchagain
4022,what is happiness
4022,loneliness
4022,tumeys dvds
4023,life
4023,nicolas cage
4023,new york city
4023,afternoon section
4023,don cheadle
4023,new jersey
4023,related:mr destiny (1990)
4023,setting:nyc
4024,costume drama
4024,edith wharton
4024,gillian anderson
4025,girlie movie
4025,beauty pageant
4025,enjoyed despite myself
4025,sandra bullock
4025,candice bergen
4025,michael caine
4025,benjamin bratt
4025,william shatner
4027,funny
4027,racism
4027,george clooney
4027,coen brothers
4027,quirky
4027,vhs
4027,tv
4027,great soundtrack
4027,owned
4027,seen more than once
4027,prison escape
4027,adaptation
4027,based on a book
4027,adapted from:book
4027,obsession
4027,john turturro
4027,special
4027,southern theme
4027,favorites
4027,wired 50 greatest soundtracks
4027,notable soundtrack
4027,updated classics
4027,seen at the cinema
4027,watch
4027,library vhs
4027,j netflix
4027,tumeys dvds
4027,strong director
4027,qube
4027,would see again
4027,homerus
4027,quoter
4027,baptism
4027,catchy score
4027,reference:cyclops
4027,frog
4027,hair obsession
4027,governor
4027,my movies
4027,joel coen
4028,on dvr
4029,philip seymour hoffman
4029,want to see again
4029,movie to see
4029,movies
4030,gothic
4030,vampire
4030,gerard butler
4033,political
4033,bibliothek
4033,politics
4033,erlends dvds
4033,historical
4033,own
4033,john f kennedy
4033,to see
4034,drugs
4034,oscar (best directing)
4034,steven soderbergh
4034,on dvr
4034,vhs
4034,ensemble cast
4034,dvd
4034,seen more than once
4034,tense
4034,clearplay
4034,stylized
4034,sweeping
4034,really good
4034,criterion
4034,benicio del toro
4034,own
4034,oscar (best supporting actor)
4034,blaspheme
4034,catherine zetajones
4034,kate
4034,forceful
4034,watchagain
4034,gritty
4034,confrontational
4034,fathers and daughters
4034,my movies
4034,political corruption
4034,matteroffact
4035,nudity (full frontal)
4035,gold digger
4036,vampire
4036,nudity (topless)
4036,john malkovich
4036,1920s
4036,j netflix
4037,erlends dvds
4037,directorial debut
4037,poker
4037,confidence game
4037,tumeys dvds
4037,con men
4039,70mm
4039,good musicals
4039,stageplay
4039,unbearable
4039,adapted from:comic
4039,adapted from bway
4040,kids
4041,idiotic
4041,nudity (topless)
4041,military
4041,love
4041,romantic
4041,richard gere
4041,emotional
4041,oscar (best supporting actor)
4041,david keith
4041,debra winger
4041,made me cry
4041,afi 100 (cheers)
4041,military recruits/training
4042,70mm
4042,john wayne
4042,erlends dvds
4042,dvd collection
4043,sean penn
4043,christopher walken
4043,betamax
4044,dvd
4046,golden palm
4046,quakers
4047,70mm
4047,american civil war
4047,martin sheen
4051,mst3k
4051,unintentional comedy
4051,imdb bottom 100
4052,geeks
4054,romance
4054,hip hop
4054,dance
4054,julia stiles
4054,ballet
4054,dance movie
4055,psychology
4056,bibliothek
4056,heartbreaking
4061,reese witherspoon
4061,to see
4062,julia roberts
4062,vincent donofrio
4062,lili taylor
4063,sappy
4063,switching places
4063,adapted from bway
4064,revenge
4064,erlends dvds
4064,blaxploitation
4065,sexy
4065,drugs
4065,nudity (topless)
4065,revenge
4065,tense
4065,ironic
4065,erlends dvds
4065,blaxploitation
4065,forceful
4065,out for revenge
4065,gritty
4065,visceral
4065,cathartic
4065,flashy
4065,inner city blues
4066,parody
4066,blaxploitation
4068,cheerleading
4069,boring
4069,bibliothek
4069,san francisco
4069,well done
4069,scrabble
4069,central event:wedding preparation
4072,svens to see list
4073,san francisco
4077,cool
4077,psychopaths
4077,homage to hitchcock
4078,betamax
4078,us president
4079,dvdvideo
4079,betamax
4079,dont remember
4080,classic
4080,baby
4080,womens lib
4080,corporate america
4080,betamax
4081,betamax
4082,alcoholism
4082,betamax
4082,charles bukowski
4082,down and out
4083,betamax
4084,nudity (topless)
4084,sequel
4084,cant remember
4084,crappy sequel
4084,setting:playboy mansion (scene)
4085,police
4085,action
4085,vhs
4085,hollywood
4085,cant remember
4085,eddie murphy
4085,john ashton
4085,judge reinhold
4085,afi 100 (laughs)
4085,k movie
4086,sexy
4086,corruption
4086,nudity (rear)
4086,clearplay
4086,ellen barkin
4086,new orleans
4086,betamax
4086,setting:new orleans
4087,betamax
4088,less than 300 ratings
4088,betamax
4089,drugs
4089,betamax
4090,satire
4090,brad pitt
4090,technology
4090,animated classic
4091,high school
4091,highschool
4092,dystopia
4092,androids
4092,post apocalyptic
4092,dvdvideo
4092,betamax
4093,betamax
4094,betamax
4095,lesbian
4095,true story
4095,70mm
4095,colonialism
4095,betamax
4096,hp lovecraft
4097,betamax
4099,betamax
4100,betamax
4101,betamax
4102,homophobic
4102,standup comedy
4102,stand up
4102,eddie cibrian
4103,prison
4103,world war ii
4103,china
4103,drama
4103,christian bale
4103,japan
4103,70mm
4103,based on a book
4103,steven spielberg
4103,john malkovich
4103,below r
4103,speilberg
4103,based on book
4103,almost favorite
4103,library vhs
4103,na
4104,cant remember
4104,goofy
4104,madcap
4104,light
4105,bruce campbell
4105,comedy
4105,sam raimi
4105,action
4105,masterpiece
4105,low budget
4105,zombies
4105,cult film
4105,cult classic
4105,erlends dvds
4105,zombie
4105,evolution
4105,own
4105,directorial debut
4105,splatter
4105,lovecraftian mythology
4105,awesome zombie flick
4106,betamax
4108,less than 300 ratings
4111,francis ford coppola
4113,john malkovich
4113,based on a play
4113,tennessee williams
4114,less than 300 ratings
4116,torent
4117,world war ii
4117,in netflix queue
4120,transformation
4120,devil
4120,nerd
4120,muscle
4121,katso sanna
4121,70mm
4121,cant remember
4122,jack nicholson
4124,ridiculous
4124,shark
4124,franchise
4124,no rec
4124,imdb bottom 100
4125,golden raspberry (worst picture)
4125,golden raspberry (worst actor)
4125,imdb bottom 100
4126,brett easton ellis
4128,vampire
4128,vampires
4128,70mm
4128,brotherbrother relationship
4128,dogs
4128,motorcycle
4128,1980s
4128,flying
4128,motherson relationship
4128,small town
4128,tumeys dvds
4128,adolescence
4128,amusement park
4128,grandfather
4128,cinematographer:michael chapman
4131,androids
4131,john malkovich
4132,cant remember
4133,cant remember
4133,muscle
4133,80s nostalgia
4133,heman connection
4133,friday night movie
4133,dolph lundgren
4133,menahem golan
4135,cant remember
4141,taped
4142,religion
4142,kirk cameron
4142,propaganda
4142,jesus freaks
4142,adapted from:book series
4144,wong kar wai
4144,understated
4144,retro
4144,stylized
4144,criterion
4144,erlends dvds
4144,atmospheric
4144,seen 2006
4144,melancholy
4144,hong kong
4144,watched 2008
4144,tumeys dvds
4144,facebook rec
4144,vday
4144,apartment
4144,1960s
4144,moviepig top pick
4144,neighbors
4144,nocturnal
4144,costumes
4144,moody
4144,elegant
4146,erlends dvds
4146,special
4148,serial killer
4148,hannibal lecter
4148,boring
4148,vhs
4148,psychology
4148,cannibalism
4148,disturbing
4148,anthony hopkins
4148,clearplay
4148,goth
4148,stylized
4148,gary oldman
4148,ridley scott
4148,julianne moore
4148,atmospheric
4148,mmm brains
4148,saturn award (best makeup)
4148,florence
4148,haunted by the past
4148,somber
4148,my dvds
4148,menacing
4148,psychiatrist as protagonist
4148,prequel to:hannibal
4148,my movies
4148,women in jeopardy
4149,nudity (topless)
4149,nudity (rear)
4149,silly
4151,funny
4152,france
4152,costume drama
4152,uma thurman
4152,gerard depardieu
4152,chefs
4153,ghosts/afterlife
4153,remake
4153,remakeof:here comes mr jordan
4154,disney
4155,keanu reeves
4155,san francisco
4158,worst movie ever
4158,weird
4159,kevin costner
4159,elvis iconography
4160,19th century
4160,transformation
4160,death penalty
4160,village
4160,horses
4160,convicts
4160,conscience
4160,colonial power
4160,compassionate
4160,ethical
4160,library vhs
4160,solidarity
4160,widows/widowers
4160,husbandwife relationship
4160,government
4160,legal system
4160,expiation
4160,elegant
4160,captain
4160,sailing ships
4161,boring
4161,julia roberts
4161,brad pitt
4161,clearplay
4161,bob balaban
4161,gfei own it
4161,avi
4161,missing gun
4164,samuel l jackson
4164,new york
4164,homeless
4164,samuel ljackson
4166,futuristmoviescom
4166,reality tv
4167,nudity (topless)
4168,kirsten dunst
4169,rachel griffiths
4171,less than 300 ratings
4171,sundance award winner
4171,sundance grand jury prize
4173,less than 300 ratings
4173,choir
4173,singer
4174,in netflix queue
4174,classic
4174,based on a book
4174,jewish identity
4176,akira kurosawa
4176,japan
4178,based on a book
4178,adapted from:book
4178,mentally impaired
4178,john steinbeck
4180,spoof
4181,movie business
4183,new york
4183,honest
4183,adrienne shelly
4183,independent film
4183,long island
4184,christmas
4184,classic
4184,xmas theme
4185,70mm
4186,oscar (best supporting actor)
4186,jack lemmon
4186,walter matthau
4186,starring:jack lemmon&walter matthau
4187,overrated
4187,oscar (best actor)
4187,sidney poitier
4187,afi 100 (cheers)
4188,biopic
4188,ballet
4189,religion
4189,70mm
4189,based on a book
4189,biblical
4189,tumeys dvds
4190,oscar (best actor)
4190,oscar (best supporting actress)
4190,religion
4190,dvdvideo
4190,revival
4190,preacher
4191,sexuality
4192,sword and sandal
4192,classical studies
4193,adapted from:play
4194,in netflix queue
4194,witty
4194,criterion
4194,reflective
4194,atmospheric
4194,gentle
4194,lyrical
4194,tumeys dvds
4194,wry
4194,opposites attract
4194,journey of selfdiscovery
4194,otherwise engaged
4195,erlends dvds
4195,atmospheric
4195,dvdr
4195,violently silly
4196,hp lovecraft
4198,betamax
4198,plot: seven samurai
4199,jeanclaude van damme
4200,jeanclaude van damme
4201,betamax
4203,motorcycle
4204,virginity
4205,bob hoskins
4205,christina ricci
4205,cher
4207,military
4207,cant remember
4207,great action
4207,nostalgia
4208,florida film festival winner
4210,serial killer
4210,hannibal lecter
4210,tense
4210,creepy
4210,70mm
4210,murder
4210,disturbing
4210,stylized
4210,erlends dvds
4210,michael mann
4210,ominous
4210,visceral
4210,menacing
4210,criminals revenge
4211,oscar (best actor)
4211,courtroom
4211,murder
4212,adapted from:book
4212,agatha christie
4212,author:agatha christie
4214,teen
4214,college
4214,notable nudity
4214,arizona
4214,fraternity
4215,pg13
4216,gay
4216,nudity (rear)
4216,new york city
4216,homosexuality
4216,seen 2006
4216,actors
4216,hospital
4216,soap opera
4218,in netflix queue
4218,keanu reeves
4219,80s
4219,80s music
4219,dancing
4220,violence
4220,sports
4220,football
4220,remade
4220,sport:american football
4220,remakeof:the longest yard (1974)
4220,remakeof:the longest yard (2005)
4220,robert aldrich
4221,football
4221,cant remember
4221,sport:american football
4222,so bad its good
4222,betamax
4223,world war 2
4223,world war ii
4223,nazis
4223,nudity (rear)
4223,end of the world
4223,jude law
4223,wwii
4223,clearplay
4223,rachel weisz
4223,ed harris
4223,own
4223,best war films
4223,army
4223,want to own
4223,russia
4223,need to buy
4223,dvdvideo
4224,erics dvds
4225,comedy
4225,australian
4225,pg13
4225,below r
4226,mystery
4226,memory
4226,nonlinear
4226,christopher nolan
4226,imdb top 250
4226,want to see again
4226,twist ending
4226,interesting
4226,super interesting
4226,dvd
4226,psychology
4226,cult film
4226,tense
4226,dreamlike
4226,psychological
4226,black and white
4226,bleak
4226,good story
4226,good thriller
4226,paranoid
4226,clearplay
4226,stylized
4226,cerebral
4226,time
4226,guy pearce
4226,semiotic
4226,death
4226,whodunnit
4226,confusing
4226,investigation
4226,special
4226,thought provoking
4226,neonoir
4226,carrieanne moss
4226,joe pantoliano
4226,gfei own it
4226,memory loss
4226,original
4226,amnesia
4226,partially black and white
4226,paranoia
4226,divx1
4226,erics dvds
4226,tumeys dvds
4226,haunted by the past
4226,accident
4226,metaplot
4226,deliberate
4226,hypertextual
4226,groundbreaking
4226,avi
4226,dont remember
4226,scope
4226,mistaken identities
4226,attachment
4226,tattoo
4226,femmes fatales
4226,circular
4226,my movies
4226,obsessive quests
4228,con artists
4228,mother daughter relationship
4228,con
4229,fun movie
4231,movie to see
4231,k movie
4231,below r
4231,greg kinnear
4232,robert rodriguez
4232,spying
4232,austin
4232,danny trejo
4234,espionage
4234,clearplay
4234,based on book
4234,literary adaptation
4235,violence
4235,gambling
4235,imdb top 250
4235,on computer
4235,in netflix queue
4235,models
4235,car chase
4235,bibliothek
4235,multiple storylines
4235,alejandro gonzalez inarritu
4235,baby
4235,brotherbrother relationship
4235,father daughter relationship
4235,must see
4235,dogs
4235,hitman
4235,mnm
4235,need to own
4235,mexican
4235,animals die :(
4235,wheelchair
4235,tumeys dvds
4235,dvdvideo
4235,car crash
4235,rats
4235,extramarital affairs
4235,animal:dog
4235,independent film
4235,estrangeinro
4235,bechdel test:fail
4235,episodic
4235,svens to see list
4235,amputee
4235,r:violence
4235,r:sexuality
4235,estrangement
4235,r:language
4235,mexico city
4235,cinematographer:rodrigo prieto
4236,homosexuality
4236,social commentary
4236,cultural customs and traditions
4237,to see
4238,based on a book
4238,morgan freeman
4239,johnny depp
4239,drugs
4239,trippy
4239,black and white
4239,ray liotta
4239,dysfunctional family
4239,watched 2007
4239,rachel griffiths
4241,video game adaptation
4241,video game connection
4242,comedy
4242,female power
4242,lighthearted
4243,less than 300 ratings
4246,funny
4246,comedy
4246,fun
4246,sequel
4246,funniest movies
4246,romance
4246,drama
4246,romantic comedy
4246,love
4246,romcom
4246,girlie movie
4246,good romantic comedies
4246,love story
4246,based on a book
4246,diary
4246,chick flick
4246,adapted from:book
4246,fiction
4246,narrated
4246,sad
4246,guilty pleasure
4246,okay
4246,comedy romance
4246,relationships
4246,colin firth
4246,hugh grant
4246,great
4246,fairly bad
4246,sexist
4246,based on book
4246,renee zellweger
4246,want to see
4246,love triangle
4246,chick movie
4247,movie to see
4247,ub recommended
4248,capitalism
4248,cute
4248,slash
4248,embarassed to watch
4248,adapted from tv show
4250,christian
4250,faith
4251,tumeys dvds
4255,golden raspberry (worst picture)
4255,golden raspberry (worst actor)
4256,dvdvideo
4258,aidan gillen
4259,john turturro
4259,stuart wilson
4259,emily watson
4259,library
4259,hw drama
4259,chess
4262,great movie
4262,drugs
4262,pacino
4262,action
4262,masterpiece
4262,corruption
4262,violence
4262,mafia
4262,gangster
4262,imdb top 250
4262,nice
4262,drama
4262,violent
4262,dvd
4262,classic
4262,gangsters
4262,organized crime
4262,seen more than once
4262,action packed
4262,bloody
4262,remake
4262,cool
4262,amazing cinematography
4262,must see
4262,erlends dvds
4262,guns
4262,al pacino
4262,brian de palma
4262,atmospheric
4262,drug abuse
4262,mobster
4262,f murray abraham
4262,gfei own it
4262,need to own
4262,immigration
4262,an ok movie
4262,american dream
4262,brian depalma
4262,divx1
4262,afi 100 (movie quotes)
4262,no
4262,erics dvds
4262,tumeys dvds
4262,chainsaw
4262,tumeys to see again
4262,dont remember
4262,my movies
4263,alcoholism
4263,netwatch
4263,top ten
4263,jmq
4265,sylvester stallone
4265,harlin
4267,watched 2008
4270,ghosts/afterlife
4270,comedy
4270,fun
4270,action
4270,sand
4270,adventure
4270,action packed
4270,egypt
4270,brendan fraser
4270,rachel weisz
4270,okay once
4270,unintentionally funny
4270,cheesy
4270,sequel fever
4270,oded fehr
4270,john hannah
4270,arnold vosloo
4270,adventureous
4270,seen at the cinema
4270,mummy
4270,exciting
4270,archeology
4270,dwayne the rock johnson
4270,poor sequel
4270,no opening credits
4270,cool plot
4271,on computer
4271,intimate
4271,stylized
4271,sweeping
4271,poignant
4271,lyrical
4271,somber
4271,to see
4271,grim
4272,artistic
4272,beautifully filmed
4272,to see
4273,bibliothek
4273,seen
4274,oscar (best cinematography)
4274,70mm
4274,clv
4274,dvdram
4274,big budget
4275,fantasy
4275,70mm
4275,want
4276,albert brooks
4276,afi 100 (laughs)
4276,hw comedy
4276,not corv lib
4277,national film registry
4278,world war ii
4278,nazis
4278,black and white
4278,propaganda
4278,third reich
4279,courtroom
4279,murder
4279,robert downey jr
4280,nudity (topless)
4280,owned
4280,based on a book
4280,adapted from:book
4280,author:john irving
4280,dbd
4282,satirical
4282,disturbing
4282,sweeping
4282,sexual
4282,irreverent
4282,hallucinatory
4282,svens to see list
4282,classical studies
4282,decadent
4285,afternoon section
4285,setting:diner
4290,70mm
4291,womens lib
4291,1980s
4291,afi 100 (laughs)
4291,lily tomlin
4292,oscar (best actress)
4292,afi 100 (cheers)
4293,john candy
4294,surreal
4294,quirky
4294,whimsical
4294,dvdr
4294,lavish
4294,dr seuss
4294,fanciful
4296,bittersweet
4296,death
4296,sentimental
4296,poignant
4296,library
4296,earnest
4296,tearjerking
4296,afi 100 (movie quotes)
4297,immigrants
4297,golden palm
4297,tumeys dvds
4298,heist
4298,imdb top 250
4298,tense
4298,bleak
4298,criterion
4298,erlends dvds
4298,caper
4298,atmospheric
4298,library
4298,tumeys dvds
4298,ummarti2007
4298,visceral
4299,medieval
4299,predictable
4299,heath ledger
4299,knoll
4299,odd
4300,hw drama
4300,not corv lib
4301,music
4301,jazz
4302,dogme95
4303,less than 300 ratings
4304,seen more than once
4304,movie to see
4305,romance
4305,bibliothek
4305,loss
4305,jennifer lopez
4306,funny
4306,satire
4306,comedy
4306,sequel
4306,cartoon
4306,imdb top 250
4306,romance
4306,fairy tales
4306,mike myers
4306,animation
4306,seen more than once
4306,kids fun
4306,disney
4306,based on a book
4306,fairy tale
4306,parody
4306,cg
4306,dreamworks
4306,donkey
4306,franchise
4306,ogres
4306,erlends dvds
4306,computer animation
4306,vincent cassel
4306,very good for kids
4306,eddie murphy
4306,get
4306,own
4306,cameron diaz
4306,jim cummings
4306,crude humor
4306,oscar winner
4306,mule
4306,library
4306,seen at the cinema
4306,based on book
4306,almost favorite
4306,unlikely hero
4306,childrens
4306,desenho
4306,dreamworks animation
4306,negative humor
4306,oscar (best animated feature)
4306,showing in finland
4306,comic sidekick
4306,buy
4308,quirky
4308,vhs
4308,bibliothek
4308,seen more than once
4308,baz luhrmann
4308,musical
4308,ewan mcgregor
4308,stylized
4308,nicole kidman
4308,erlends dvds
4308,rococo
4308,amazing sountrack
4308,special
4308,get
4308,own
4308,enjoyed despite myself
4308,passionate
4308,wired 50 greatest soundtracks
4308,colorful
4308,sentimental
4308,lavish
4308,bought the dvd
4308,flick
4308,seen at the cinema
4308,almost favorite
4308,lyrical
4308,colourful
4308,oscar (best costume design)
4308,tumeys dvds
4308,my dvds
4308,film theory & criticism
4308,red curtain trilogy
4308,sensual
4308,backstage
4308,courtesan
4308,jealousy
4308,narcolepsy
4308,bollywood influence
4308,tuberculosis
4308,mountains
4310,overrated
4310,easygoing
4310,action
4310,history
4310,world war ii
4310,romance
4310,drama
4310,70mm
4310,wartime
4310,wwii
4310,didnt see
4310,historical
4310,unwatchable
4310,jennifer garner
4310,cuba gooding jr
4310,ben affleck
4310,josh hartnett
4310,jon voight
4310,below r
4310,catastrophe
4310,kate beckinsale
4310,awful movie
4310,no
4310,historically inaccurate
4310,historical epic
4310,blockbuster
4310,love triangles
4310,big budget
4310,impressive
4312,in netflix queue
4312,tribal
4314,less than 300 ratings
4316,k movie
4316,figure skating
4318,hollywood
4318,gene hackman
4318,friday night movie
4318,based on book
4318,mother daughter relationship
4320,satirical
4320,quirky
4320,ironic
4320,robert altman
4320,cerebral
4320,historical
4320,usa
4320,cynical
4320,deadpan
4321,funny
4321,oscar (best supporting actor)
4321,afi 100 (laughs)
4322,baseball
4322,sports
4322,courtroom
4322,john cusack
4322,dvdvideo
4322,betamax
4325,italy
4325,classic
4325,terminal illness
4325,infidelity
4325,intimate
4325,writer
4325,stylized
4325,party
4325,reflective
4325,meditative
4325,antonioni
4325,deliberate
4325,nightclub
4325,wikilens top pick
4325,estrangement
4326,racism
4326,on dvr
4326,owned
4326,oscar (best cinematography)
4326,race
4326,gene hackman
4326,civil rights
4326,almost favorite
4326,library vhs
4326,1960s
4326,rasicm
4326,ku klux klan
4327,classic
4327,clint eastwood
4327,steve mcqueen
4327,yul brynner
4327,james coburn
4327,charles bronson
4327,afi 100 (thrills)
4327,plot: seven samurai
4328,yul brynner
4329,quirky
4329,bibliothek
4329,tense
4329,murder
4329,forceful
4329,buddy movie
4329,tumeys dvds
4329,bfi classic
4329,related:only angels have wings
4329,related:high noon
4329,remakeof:rio bravo(1958)
4329,tumeys vhs
4329,veja
4330,sexy
4330,stylized
4330,criterion
4330,atmospheric
4330,sexual
4330,lavish
4330,racy
4333,comedy
4333,funniest movies
4333,cant remember
4333,billy crystal
4333,twisted
4334,china
4334,want to see again
4334,family
4334,intimate
4334,understated
4334,reflective
4334,swearing
4334,relationships
4334,kate
4334,warm
4334,wistful
4334,gentle
4334,midlife crises
4334,taiwan
4334,moviepig top pick
4334,svens to see list
4334,family gatherings
4334,work ethics
4334,lovers reunited
4335,competition
4335,michael j fox
4336,owned
4337,70mm
4337,steve mcqueen
4337,richard attenborough
4337,candice bergen
4338,world war ii
4338,oscar (best supporting actor)
4338,national film registry
4339,world war ii
4339,based on a book
4339,frank sinatra
4339,hulu
4339,trevor howard
4339,trains
4340,awful awards
4341,based on a book
4341,martin lawrence
4342,gay
4342,florida film festival winner
4343,funny
4343,comedy
4343,vampires
4343,aliens
4343,scifi
4343,boring
4343,silly
4343,ridiculous
4343,werewolves
4343,evolution
4343,hillarious
4343,kate beckinsale
4343,meteorite
4343,seann william scott
4344,computers
4344,action
4344,murder
4344,cool
4344,hackers
4344,clearplay
4344,vinnie jones
4344,halle berry
4344,gfei own it
4344,don cheadle
4344,hugh jackman
4344,over the top
4344,hacking
4344,setting:la
4344,computer cracker
4344,dvd:alternate endings
4345,nudity (topless)
4345,hollywood
4346,hw drama
4347,humanity
4347,compassion
4348,less than 300 ratings
4349,owned
4349,nudity (full frontal)
4349,adapted from:book
4349,own
4349,literary adaptation
4349,armenian
4349,ohsoso
4349,tumeys dvds
4349,betamax
4349,insanity during war
4349,absurdism
4350,peter jackson
4350,new zealand
4350,my movies
4351,nudity (topless)
4351,keanu reeves
4351,cult film
4351,70mm
4351,murder
4351,cant remember
4351,hawaii
4351,bank robbery
4351,surfing
4351,life choices
4353,vietnam war
4353,gene hackman
4354,home invasion
4354,bad cop
4355,nudity (topless)
4355,nudity (rear)
4355,hockey
4356,in netflix queue
4356,musical
4356,marilyn monroe
4356,not corv lib
4356,hw classics
4357,classic
4357,marilyn monroe
4357,hw classics
4359,sexy
4359,easygoing
4359,satirical
4359,afi 100 (laughs)
4359,adultery
4359,marilyn monroe
4359,light
4359,almost favorite
4359,upbeat
4361,oscar (best supporting actress)
4361,netflix instant
4361,witty
4361,glbt
4361,cross dressing
4361,womens lib
4361,dustin hoffman
4361,urbane
4361,a classic
4361,my favourite of all
4361,1980s
4361,afi 100 (laughs)
4361,afi 100
4361,warm
4361,dated
4361,affectionate
4361,madcap
4361,delights
4361,childhood classics
4361,gltbq
4361,actors
4361,national film registry
4361,tumeys dvds
4361,netflix instant watching
4361,soap opera
4361,literate
4361,men disguised as women
4361,gender disguise
4361,men in drag
4361,drag
4361,actors life
4361,genderbending
4361,assumed identities
4363,less than 300 ratings
4363,70mm
4363,michael caine
4363,cliff robertson
4366,disney animated feature
4366,disney
4366,underwater
4366,steampunk
4366,ancient civilization
4366,(s)vcd
4367,sexy
4367,action
4367,boring
4367,game
4367,adventure
4367,video game adaptation
4367,adaptation
4367,angelina jolie
4367,crap
4367,hot girls
4367,cool
4367,ok
4367,video game
4367,okay once
4367,larry wachkowski
4367,kickbutt women
4367,exciting
4367,yuck
4367,cambodia
4367,dont know
4367,adapted from:game
4367,sucky
4367,game related
4367,simon west
4368,adapted from:book series
4369,action
4369,boring
4369,cars
4369,fashion
4369,vin diesel
4369,street race
4369,slashy
4370,robots
4370,dystopia
4370,androids
4370,stanley kubrick
4370,boring
4370,dvd
4370,future
4370,jude law
4370,steven spielberg
4370,fairy tale
4370,robot
4370,sad
4370,erlends dvds
4370,futuristmoviescom
4370,haley joel osment
4370,waste of celluloid
4370,drags
4370,seen at the cinema
4370,formulaic
4370,want to own
4370,brian aldiss
4370,saturn award (best writing)
4370,tumeys dvds
4370,dvdvideo
4370,artificial intelligence
4370,aidan gillen
4370,android
4372,bibliothek
4372,movie to see
4372,kirsten dunst
4377,hugo weaving
4378,slow
4378,nudity (topless)
4378,tumeys dvds
4378,who cares dvds
4380,on dvr
4380,seen more than once
4380,to see
4380,accident
4381,french
4381,gerard depardieu
4381,closeted homosexual
4383,mystery
4383,jean reno
4383,watched 2006
4383,tumeys dvds
4383,my movies
4384,to see
4388,comedy
4388,horror
4388,sequel
4388,parody
4389,lesbian
4390,horrible
4390,rape
4390,unsimulated sex scenes
4390,dvdvideo
4390,to see
4391,vietnam
4391,to see
4391,ummarti2006
4393,woody allen
4393,erlends dvds
4393,gene hackman
4393,dvdvideo
4395,witty
4395,silly
4395,criterion
4395,goofy
4395,wry
4396,race
4396,jackie chan
4396,betamax
4397,jackie chan
4399,satirical
4399,criterion
4399,library vhs
4399,tumeys dvds
4399,biting
4399,grim
4399,matteroffact
4399,racy
4401,hawaii
4402,parody
4402,related:007 (series)
4403,gothic
4403,remake
4403,adapted from:book
4403,erlends dvds
4403,national film registry
4403,edgar allan poe
4403,author:edgar allan poe
4404,on computer
4404,in netflix queue
4404,dark
4404,immortality
4404,love
4404,religion
4404,deal with the devil
4404,devil
4404,satan
4404,erlends dvds
4404,death
4404,flying
4404,greed
4404,sword fight
4404,german
4404,youth
4404,based on a play
4404,dvdvideo
4404,ominous
4404,old age
4404,good versus evil
4404,books
4404,occult
4404,google video
4404,sibling relationships
4404,devils bargain
4404,filmaffinity top pick
4404,falsely accused
4404,plague
4404,church
4404,resurgence
4404,renunciation
4404,seduction
4404,classic horror
4404,selfishness/unselfishness
4405,dvdvideo
4406,imdb top 250
4406,black and white
4406,john wayne
4406,edmond obrien
4406,james stewart
4406,lee marvin
4406,national film registry
4406,tumeys dvds
4407,oliver stone
4407,not corv lib
4407,frightening
4407,photography
4407,cinematographer:robert richardson
4408,woody allen
4408,erlends dvds
4409,serial killer
4409,woody allen
4409,black and white
4409,circus
4409,erlends dvds
4410,demme
4411,john wayne
4411,dennis hopper
4411,dean martin
4411,george kennedy
4412,blaxploitation
4413,based on a book
4413,mst3k
4413,hg wells
4415,drugs
4416,sf
4419,criterion
4419,rock hudson
4419,national film registry
4420,oscar (best supporting actor)
4422,ingmar bergman
4422,oscar (best cinematography)
4422,intimate
4422,stylized
4422,criterion
4422,erlends dvds
4422,breathtaking
4422,poignant
4422,great performances
4422,lyrical
4422,betamax
4422,svens to see list
4422,downbeat
4424,italy
4425,werewolf
4425,werewolves
4425,imdb bottom 100
4426,erlends dvds
4426,national film registry
4426,private detective
4426,svens to see list
4426,robert aldrich
4426,mysterious parcel
4426,who cares dvds
4426,ralph meeker
4427,comedy
4427,oscar (best actress)
4427,exceptional acting
4427,70mm
4427,amazing cinematography
4427,anthony hopkins
4427,terrific cast
4427,peter otoole
4427,great performances
4427,katherine hepburn
4427,great screenplays
4427,stage
4428,intimate
4428,reflective
4428,bittersweet
4428,atmospheric
4428,lyrical
4428,elegiac
4428,autumnal
4429,bibliothek
4429,based on a book
4429,adapted from:book
4429,ray bradbury
4429,hulu
4429,gregory peck
4429,tumeys dvds
4432,erlends dvds
4432,movie to see
4432,tony curtis
4432,based on book
4432,tumeys dvds
4433,oscar (best supporting actress)
4433,quirky
4433,sweeping
4433,criterion
4433,passionate
4433,sexual
4433,forceful
4433,lurid
4436,brian de palma
4437,dreamlike
4437,creepy
4437,stylized
4437,atmospheric
4437,eerie
4437,hallucinatory
4437,ominous
4437,witchcraft
4437,dario argento
4437,women in jeopardy
4438,revenge
4438,christmas
4438,martial arts
4438,child abuse
4438,kung fu
4438,clv
4438,bruce lee
4439,drugs
4439,addiction
4439,erlends dvds
4439,drug abuse
4440,martial arts
4440,kung fu
4440,bruce lee
4440,film theory & criticism
4440,classic martial arts flick
4441,gambling
4441,martial arts
4441,kung fu
4441,classic martial arts flick
4442,betamax
4442,katsomattomat
4443,sean connery
4443,70mm
4443,futuristmoviescom
4444,martial arts
4444,remake
4444,kung fu
4444,bruce lee
4446,postapocalyptic
4446,scifi
4446,dvd
4446,video game adaptation
4446,anime
4446,cg
4446,cgi
4446,fish
4446,computer animation
4446,great animation
4446,alien invasion
4446,adapted from:game
4446,game related
4446,similar:final fantasy
4446,katottava
4447,funny
4447,overrated
4447,comedy
4447,fun
4447,stupid as hell
4447,garbage
4447,idiotic
4447,stupid
4447,reese witherspoon
4447,terrible
4447,funny as hell
4447,seen more than once
4447,friendship
4447,girlie movie
4447,cute
4447,murder
4447,didnt see
4447,better than expected
4447,chick flick
4447,bad
4447,college
4447,feminism
4447,guilty pleasure
4447,dog
4447,leonard nimoy
4447,okay once
4447,blonde
4447,law
4447,selma blair
4447,luke wilson
4447,actually funny
4447,flick
4447,stupid but funny
4447,dumb but funny
4447,really funny
4447,animal:dog
4447,harvard law school
4447,courtroom setting
4447,lawyers
4447,scholarship
4448,edward norton
4448,heist
4448,marlon brando
4448,boring
4448,robert de niro
4448,predictable
4448,killer
4448,angela bassett
4448,fast paced
4448,decent
4448,hacker
4448,setting:montreal
4450,true story
4451,less than 300 ratings
4451,wedding
4451,suicide attempt
4451,florida film festival winner
4452,directorial debut
4458,less than 300 ratings
4458,nature
4459,nature
4459,alaska
4462,betamax
4464,oscar (best supporting actress)
4464,adapted from:book
4464,great
4464,betamax
4465,oscar (best actress)
4465,rape
4465,courtroom drama
4465,didnt finish
4465,betamax
4467,fantasy
4467,terry gilliam
4467,vhs
4467,70mm
4467,gilliam
4467,erlends dvds
4467,uma thurman
4467,trilogy of the imagination
4467,didnt finish
4467,dvdvideo
4467,storyinastory
4468,argentina
4468,buenos aires
4469,author:agatha christie
4469,hercule poirot
4469,character:hercule poirot
4469,whodunit
4470,finnish
4470,library
4470,to see
4470,proletariat trilogy
4471,golden raspberry (worst actress)
4472,betamax
4473,vietnam war
4473,gene hackman
4473,betamax
4473,na
4474,70mm
4474,women
4474,tear jerker
4475,creepy
4475,want
4475,dvdvideo
4476,clv
4476,twins
4477,circus
4477,betamax
4478,military
4478,world war ii
4478,prostitution
4478,stageplay
4478,based on a play
4478,boot camp
4478,betamax
4479,biography
4479,jazz
4479,clearplay
4479,forest whitaker
4480,remake
4480,clv
4482,betamax
4484,sad
4484,gerard depardieu
4484,artist
4484,strong woman
4485,guilty pleasure
4485,dvdvideo
4486,alcoholism
4486,morgan freeman
4486,betamax
4486,recovery
4487,tom cruise
4487,afternoon section
4487,didnt finish
4487,golden raspberry (worst picture)
4488,owned
4488,sean penn
4488,don cheadle
4489,nudity (topless)
4489,immigrants
4489,classical
4489,africa
4489,john landis
4489,eddie murphy
4489,james earl jones
4489,erics dvds
4489,betamax
4490,betamax
4491,less than 300 ratings
4491,gary oldman
4492,dvdvideo
4492,betamax
4493,betamax
4495,new york
4495,netwatch
4496,betamax
4497,easygoing
4497,quirky
4497,zombies
4497,silly
4497,deadpan
4497,betamax
4498,clint eastwood
4498,betamax
4498,dirty harry
4499,casino
4499,farce
4499,language
4499,france
4499,con men
4499,con artists
4500,sexy
4500,quirky
4500,witty
4500,cerebral
4500,peter greenaway
4500,cynical
4500,talky
4500,out for revenge
4500,literate
4500,fanciful
4500,womens friendship
4500,crumbling marriages
4500,treacherous spouses
4500,unlikely criminals
4502,cant remember
4503,betamax
4506,roman polanski
4506,kidnapping
4506,paris
4506,ennio morricone
4506,tumeys dvds
4508,70mm
4508,nature
4509,funniest movies
4509,nature
4509,bear
4514,werewolf
4514,werewolves
4515,new york city
4515,dali
4515,library
4515,biographical
4515,library vhs
4517,hw drama
4518,gothic
4518,pagan
4519,classic
4519,friendship
4519,kids and family
4519,cant remember
4519,franchise
4520,cant remember
4522,nudity (topless)
4523,small town
4526,aliens
4529,owned
4530,keanu reeves
4531,arnold schwarzenegger
4532,zombies
4532,zombie
4533,satirical
4533,zombies
4533,creepy
4533,zombie
4533,dont want to see
4533,harsh
4533,visceral
4535,cowboy
4535,kirk douglas
4535,jack thompson
4535,1890s
4535,based on a poem
4535,scope
4535,outback
4537,drama
4537,family
4537,river phoenix
4537,hippies
4541,zombies
4543,70mm
4543,andy robinson
4544,robots
4544,crappy sequel
4545,robots
4545,military
4545,seen more than once
4545,80s
4545,robot
4545,trash
4545,artificial intelligence
4546,kidnapping
4546,based on a book
4546,disturbing
4546,macabre
4546,criterion
4546,cerebral
4546,erlends dvds
4546,movie to see
4546,remade
4546,eerie
4546,enigmatic
4546,menacing
4546,deliberate
4546,buried alive
4546,missing persons
4546,cdon
4546,chilly
4547,sean bean lives
4552,cult film
4552,to see
4553,aliens
4553,satirical
4553,quirky
4553,conspiracy
4553,cult film
4553,tense
4553,los angeles
4553,silly
4553,campy
4553,cult classic
4553,allegory
4553,fistfighting
4553,biting
4553,scope
4553,sunglasses
4553,al leong
4555,gay
4555,breakthroughs
4555,socially relevant
4556,gary oldman
4557,interesting
4557,70mm
4557,cars
4557,francis ford coppola
4558,comedy
4558,kids
4558,brothers
4558,arnold schwarzenegger
4558,cant remember
4558,brotherbrother relationship
4558,seen at the cinema
4558,twins
4560,based on a book
4560,dean koontz
4562,sherlock holmes
4562,victorian era
4563,cant remember
4563,australia
4564,remake
4564,holly hunter
4564,70mm
4564,steven spielberg
4564,cant remember
4564,audrey hepburn
4564,dvd collection
4565,ninja
4565,martial arts
4565,cant remember
4565,betamax
4565,nostalgia
4565,menahem golan
4566,ninja
4566,nostalgia
4566,menahem golan
4567,ninja
4567,nostalgia
4570,directorial debut
4571,time travel
4571,keanu reeves
4571,excellent
4571,phone booth
4571,future
4571,teen
4571,rock and roll
4571,movie to see
4571,teenager
4571,dumb but funny
4571,bechdel test:fail
4571,al leong
4571,welldone time travel
4571,dumb fun
4572,boring
4572,70mm
4572,ridley scott
4573,nudity (topless)
4573,politics
4574,rutger hauer
4575,clv
4577,vietnam war
4577,sean penn
4577,70mm
4577,brian de palma
4577,brian depalma
4577,dvdvideo
4578,betamax
4580,heman connection
4580,friday night movie
4580,jeanclaude van damme
4580,menahem golan
4582,dvdvideo
4583,betamax
4583,clv
4585,cant remember
4587,california
4587,dvdvideo
4589,betamax
4591,monty python
4591,cant remember
4595,movie to see
4597,skateboarding
4598,imdb bottom 100
4599,biopic
4600,doctors
4601,nudity (topless)
4605,satirical
4605,dark comedy
4605,quirky
4605,disturbing
4605,criterion
4605,hallucinatory
4605,biting
4607,70mm
4611,morgan freeman
4611,lance henriksen
4612,breakthroughs
4612,cannes:jury prize
4612,character portrays jesus
4613,cant remember
4613,dog
4613,animal:dog
4614,martial arts
4614,jeanclaude van damme
4616,cant remember
4616,morgan freeman
4616,erics dvds
4616,league of shadows
4616,na
4617,gambling
4619,cant remember
4621,fantasy
4621,love
4621,bruce willis
4621,cant remember
4621,80s
4621,afternoon section
4621,well done
4621,kirstie alley
4621,olympia dukakis
4621,different
4621,technique:voice over
4621,babies
4621,travolta
4623,funny
4623,baseball
4623,sports
4623,80s
4623,friday night movie
4623,blindfold
4624,surreal
4624,drugs
4624,animals
4624,boring
4624,dark comedy
4624,peter jackson
4624,new zealand
4624,addiction
4624,black comedy
4624,puppets
4624,splatter
4624,insects
4624,perverted
4624,16mm
4624,variety show
4624,my movies
4628,woody allen
4628,francis ford coppola
4630,pro wrestling
4630,hulk hogan
4632,gene hackman
4633,dark comedy
4633,cannibalism
4636,garbage
4636,superhero
4636,marvel
4636,adapted from:comic
4636,dolph lundgren
4638,sequel
4638,owned
4638,dinosaurs
4638,franchise
4638,michael crichton
4638,joe johnston
4639,julia roberts
4639,hollywood
4639,billy crystal
4639,seth green
4639,below r
4639,movie business
4639,not worth a star
4640,mafia
4640,gangsters
4640,japan
4640,yakuza
4640,japon
4640,takeshi kitano
4640,to see
4641,funny
4641,suburbia
4641,on computer
4641,on disc
4641,quirky
4641,high school
4641,scarlett johansson
4641,intimate
4641,clearplay
4641,stylized
4641,ironic
4641,reflective
4641,bittersweet
4641,based on a comic
4641,coming of age
4641,watched 2006
4641,watch the credits
4641,pretentious
4641,cultural classic
4641,enigmatic
4641,deadpan
4641,ohsoso
4641,tumeys dvds
4641,do zassania
4641,qube
4641,adolescence
4641,attachment
4641,smart
4642,berlin
4642,music
4642,quirky
4642,rock
4642,classic
4642,cult film
4642,queer
4642,musical
4642,glbt
4642,based on a book
4642,stylized
4642,sexuality
4642,campy
4642,very interesting
4642,amazing sountrack
4642,bittersweet
4642,germany
4642,directorial debut
4642,wired 50 greatest soundtracks
4642,poignant
4642,based on a play
4642,transvestism
4642,transgender
4642,to see
4642,wry
4642,musicians
4642,musicians life
4642,genderbending
4642,teddy award
4642,based on play
4642,down on their luck
4642,all washed up
4643,dystopia
4643,violence
4643,postapocalyptic
4643,post apocalyptic
4643,owned
4643,remake
4643,futuristmoviescom
4643,plot holes
4643,divx1
4643,helena bonham carter
4643,cryogenics
4644,italy
4644,on disc
4646,prison
4646,underrated
4646,hw comedy
4646,not corv lib
4646,netflixbacklist
4646,flowers
4646,gardening
4649,satirical
4649,silly
4649,goofy
4649,irreverent
4649,madcap
4649,hw comedy
4649,summery
4649,racy
4652,dc comics
4652,golden raspberry (worst actress)
4653,swashbuckler
4654,sexy
4654,tense
4654,friday night movie
4654,forceful
4658,tense
4658,creepy
4658,disturbing
4658,stylized
4658,cerebral
4658,atmospheric
4658,eerie
4658,enigmatic
4658,visceral
4658,clowns
4658,jodorowsky
4659,nudity (topless)
4659,nudity (rear)
4659,politics
4659,orgy
4659,1950s
4659,independent film
4659,parliament
4659,1960s
4659,r:language
4661,haunting
4662,nudity (topless)
4662,funniest movies
4666,addiction
4666,recovery
4671,quirky
4671,disturbing
4671,ironic
4671,compassionate
4671,wry
4671,confrontational
4673,police
4673,70mm
4673,good in the 80s
4676,cant remember
4677,tom hanks
4677,cant remember
4677,dogs
4677,animal:dog
4678,quirky
4678,television
4678,friday night movie
4678,80s classic
4679,cant remember
4679,sir john candy
4679,john candy
4686,zombie
4687,quirky
4687,criterion
4687,whimsical
4687,drab
4688,in netflix queue
4688,culture clash
4688,native americans
4688,colonialism
4688,canada
4688,17th century
4689,70mm
4690,70mm
4690,francis ford coppola
4690,betamax
4690,mafia life
4691,betamax
4692,owned
4692,bibliothek
4692,adapted from:book
4692,author:john irving
4696,swashbuckler
4697,quirky
4697,creepy
4697,silly
4697,campy
4697,dvdvideo
4697,betamax
4697,gruesome
4697,lurid
4697,twins and lookalikes
4698,directorial debut
4699,on disc
4699,boring
4699,angelina jolie
4699,antonio banderas
4700,san francisco
4700,teen
4700,anne hathaway
4700,hector elizondo
4700,julie andrews
4700,blah
4701,funny
4701,action
4701,martial arts
4701,guns
4701,jackie chan
4701,rupert everett
4701,below r
4701,kung fu
4701,chris tucker
4703,johnny depp
4703,colonialism
4703,chocolate
4703,beautiful
4703,food/cooking
4703,playlist
4704,john wayne
4705,netwatch
4705,adapted from:play
4706,betamax
4706,adapted from:play
4708,atmospheric
4708,passionate
4708,hallucinatory
4708,claustrophobic
4708,angry
4708,talky
4708,not corv lib
4708,to see
4708,literate
4708,svens to see list
4708,fighting the system
4708,political unrest
4708,assassination plots
4709,70mm
4710,john wayne
4710,don siegel
4710,jmq
4713,drugs
4713,nudity (rear)
4713,tense
4713,creepy
4713,70mm
4713,trippy
4713,paranoid
4713,stoner movie
4713,psychedelic
4713,hallucinatory
4713,annoying
4713,dvdvideo
4713,ominous
4713,apes
4713,menacing
4713,experiments gone awry
4713,scientist experiments on self
4713,chilly
4713,cinematographer:jordan cronenweth
4714,clint eastwood
4714,betamax
4714,street fighting
4714,friggin orangutan
4716,dreamlike
4716,meditative
4716,cerebral
4716,atmospheric
4716,somber
4716,toronto film festival winner
4716,visceral
4716,downbeat
4717,jackie chan
4718,funny
4718,nudity (topless)
4718,sequel
4718,tits
4718,teen
4718,college
4718,notable nudity
4718,alyson hannigan
4718,american sign language
4718,best comedy
4718,summer vacation
4718,walked out during screening
4720,gothic
4720,horrible
4720,ghosts
4720,twist ending
4720,dvd
4720,bibliothek
4720,scary
4720,religion
4720,crap
4720,single parents
4720,predictable
4720,nicole kidman
4720,haunted house
4720,erlends dvds
4720,atmospheric
4720,surprise ending
4720,favorites
4720,child actor
4720,gloomy
4720,eerie
4720,library
4720,formulaic
4720,afterlife
4720,motherson relationship
4720,claustrophobic
4720,need to buy
4720,saturn award (best actress)
4720,ominous
4720,foggy
4720,deliberate
4720,motherdaughter relationships
4720,othello
4720,widows/widowers
4720,austere
4720,mute
4720,cemetary
4720,upper class
4720,photograph
4720,servants and employers
4720,mischievous children
4720,beautiful woman
4720,gardener
4720,house
4720,ghost story
4720,buy
4721,colin farrell
4722,gay
4723,redemption
4725,serial killer
4725,psychology
4725,mental hospital
4725,multiple personalities
4725,mask
4725,coin
4727,nicolas cage
4727,christian bale
4728,amy smart
4728,cuba gooding jr
4728,john cleese
4728,whoopi goldberg
4728,seth green
4729,nudity (topless)
4729,male nudity
4729,addiction
4729,alcoholism
4729,road trip
4729,father daughter relationship
4729,cancer
4729,great acting
4729,lawyer
4729,wistful
4729,library vhs
4729,secrets
4729,whiskey
4729,family gatherings
4733,woody allen
4733,adultery
4733,alter ego
4733,just allen
4733,allen is brilliant
4733,chandleresque
4734,seen more than once
4734,marijuana
4734,stoner movie
4734,parody
4734,jay and silent bob
4734,view askew
4734,own
4734,cameos
4734,star wars
4734,cameofest
4734,do kupienia
4735,jason statham
4735,john carpenter
4738,time travel
4738,insanity
4738,on disc
4738,new york
4740,british
4740,hugh laurie
4741,witty
4741,seen more than once
4741,love
4741,politics
4741,friendship
4741,sexuality
4741,volkswagen
4741,nostalgic
4741,1970s
4741,loneliness
4741,genderbending
4741,gender
4741,socialism
4741,puberty
4743,remake
4743,immigrant
4743,strong woman
4744,monster
4745,based on a book
4745,shakespeare
4745,well done
4745,based on a play
4745,meh
4745,playwright:shakespeare
4745,adapted from:play
4745,taped
4748,karate
4748,nostalgic
4750,nostalgic
4750,imdb bottom 100
4753,vampire
4753,vampires
4754,cult film
4754,religion
4754,disturbing
4754,erlends dvds
4754,atmospheric
4754,sexual
4754,eerie
4754,enigmatic
4754,religious zealotry
4754,small town
4754,tumeys dvds
4754,ominous
4754,pagan
4754,missing persons
4754,trapped or confined
4754,obsessive quests
4754,hammer film productions
4756,swashbuckler
4763,sports
4763,glbt
4765,directorial debut
4767,mummy
4768,fritz lang
4768,erlends dvds
4769,world war ii
4769,oscar (best documentary feature)
4769,altruism
4769,evacuees
4769,individual heroism
4770,bibliothek
4771,baseball
4771,keanu reeves
4771,based on a book
4773,workplace
4774,tim allen
4774,hilarious :d
4774,family
4774,based on book
4774,ben foster
4775,sweeping
4775,campy
4775,bittersweet
4775,sentimental
4775,lavish
4775,flashy
4775,golden raspberry (worst actress)
4775,imdb bottom 100
4776,oscar (best actor)
4776,denzel washington
4776,bibliothek
4776,clearplay
4776,notable nudity
4776,own
4776,erics dvds
4776,library vhs
4776,to see
4776,taped
4777,black and white
4777,strangely compelling
4777,energy
4777,florida film festival winner
4778,sad
4782,divorce
4782,new york city
4782,new york
4782,video store
4782,forgettable
4782,independent film
4782,dating
4783,antarctica
4783,florida film festival winner
4785,bleak
4785,atmospheric
4785,cynical
4785,harsh
4785,gritty
4785,austere
4785,wintry
4785,klaus kinski
4786,author:richard matheson
4787,prodigies
4788,russian
4789,black comedy
4789,brian de palma
4789,disfigurement
4790,70mm
4792,ghosts/afterlife
4792,remade
4792,dvdram
4794,tense
4794,creepy
4794,disturbing
4794,stylized
4794,cerebral
4794,atmospheric
4794,lavish
4794,haunted by the past
4794,visceral
4794,mind games
4794,menacing
4794,witnessing a crime
4794,gruesome
4794,women in jeopardy
4795,j netflix
4795,tumeys dvds
4796,less than 300 ratings
4796,bibliothek
4798,witty
4798,urbane
4798,ingrid bergman
4798,cary grant
4798,light
4798,talky
4798,wry
4798,bright
4799,70mm
4799,competition
4799,wacky
4799,afi 100 (laughs)
4799,greed
4799,slapstick
4799,oscar (best sound)
4799,husbandwife relationship
4799,treasure hunt
4800,pulp
4801,family
4801,bette davis
4802,cary grant
4802,tony curtis
4803,clint eastwood
4803,erlends dvds
4803,directorial debut
4803,personality disorder
4804,less than 300 ratings
4805,oscar (best supporting actress)
4805,less than 300 ratings
4805,oscar (best supporting actor)
4806,criterion
4808,remake
4809,bibliothek
4809,working class
4809,death
4809,afi 100 (cheers)
4809,nuclear
4811,motorcycle
4811,library
4811,tumeys dvds
4812,space
4812,70mm
4812,cant remember
4812,nasa
4812,joaquin phoenix
4812,childhood flashback
4813,death
4813,spaceships
4813,doomsday
4814,clearplay
4814,witness
4814,mute
4814,andrew klavan
4814,sean bean dies
4814,taped
4816,stupid
4816,farce
4816,quirky
4816,models
4816,seen more than once
4816,spoof
4816,pg13
4816,fashion
4816,goofy
4816,will ferrell
4816,kate
4816,david bowie
4816,seen at the cinema
4816,hysterical
4816,stiller&wilson
4816,dance off (scene)
4816,disc jockey (scene)
4816,cameo:david bowie
4816,bechdel test:fail
4816,group sex
4822,alex d linz
4822,larry miller
4822,jamie kennedy
4823,bibliothek
4823,good romantic comedies
4823,wedding
4824,less than 300 ratings
4826,tense
4826,disturbing
4826,bleak
4826,forceful
4826,dvdvideo
4826,gritty
4826,rousing
4827,betamax
4830,prison
4830,liberal
4831,70mm
4831,golden raspberry (worst picture)
4833,erlends dvds
4833,atmospheric
4833,melancholy
4833,eerie
4833,somber
4833,deliberate
4833,ghost story
4834,drugs
4835,oscar (best actress)
4835,afi 100 (cheers)
4835,seen 2008
4837,vhs
4837,tumeys dvds
4840,bibliothek
4840,criterion
4840,gerard depardieu
4840,tumeys dvds
4841,70mm
4842,based on a book
4842,christopher walken
4844,heist
4844,bibliothek
4844,bruce willis
4845,chris kattan
4846,ironic
4846,wuxia
4846,erics dvds
4847,tense
4847,bleak
4847,intimate
4847,sexual
4847,cynical
4847,forceful
4847,library vhs
4847,biting
4847,downbeat
4847,moody
4847,matteroffact
4848,great movie
4848,surreal
4848,strange
4848,mystery
4848,spooky
4848,lynch
4848,bad acting
4848,surrealism
4848,erotic
4848,nonlinear
4848,david lynch
4848,lesbian
4848,drama
4848,want to see again
4848,dark
4848,dvd
4848,dreamlike
4848,creepy
4848,mindfuck
4848,los angeles
4848,crap
4848,disturbing
4848,hot girls
4848,stylized
4848,uninspired
4848,unique
4848,erlends dvds
4848,favorite
4848,semiotic
4848,breathtaking
4848,special
4848,cryptic
4848,weird
4848,ending lame
4848,art house
4848,experimental
4848,complex story
4848,need to own
4848,eerie
4848,hallucinatory
4848,jennifer connelly
4848,noir thriller
4848,enigmatic
4848,lesbian sex scene
4848,strangely compelling
4848,amnesia
4848,actors
4848,no
4848,tumeys dvds
4848,mindblowing
4848,masturbation
4848,menacing
4848,deliberate
4848,love this movie
4848,movie business
4848,doesnt make sense
4848,theatre
4848,audition
4848,bisexual
4848,actors life
4848,beautiful woman
4848,wierd story
4848,mysterious parcel
4848,metamovies
4848,edgy
4849,hw drama
4850,anime
4850,library
4851,less than 300 ratings
4851,hw drama
4855,revenge
4855,tense
4855,clint eastwood
4855,disturbing
4855,forceful
4855,harsh
4855,afi 100 (movie quotes)
4855,afi 100 (thrills)
4855,don siegel
4855,hs
4855,gritty
4855,visceral
4855,setting:san francisco
4855,svens to see list
4855,moody
4855,andy robinson
4855,dirty harry
4856,space
4856,leonard nimoy
4857,on dvr
4857,seen more than once
4857,oscar (best cinematography)
4857,70mm
4857,childhood classics
4857,original medium was better
4857,socially relevant
4857,afi 100 (cheers)
4857,adapted from bway
4858,space
4861,space
4863,kidnapping
4863,dysfunctional family
4863,16mm
4863,hitchhiker
4865,serial killer
4865,horror
4865,johnny depp
4865,nudity (topless)
4865,nudity (rear)
4865,murder
4865,nudity (full frontal)
4865,depp
4865,alan moore
4865,19th century
4865,medicine
4865,geoffrey rush
4865,funeral
4865,asylum
4865,police investigation
4865,lobotomy
4865,jack the ripper
4865,prince
4865,adapted from:comic
4865,1800s
4865,prostitutes
4865,author:alan moore
4865,psychic abilities
4865,victorian era
4865,freemason
4865,letters
4865,doctors and patients
4865,opium
4865,joseph merrick
4866,gfei own it
4866,actors
4867,movie to see
4867,didnt finish
4868,assassin
4868,murder
4868,killerasprotagonist
4868,disambiguation:bangkok dangerous (2000/2008)
4870,multiple storylines
4870,notable nudity
4871,torent
4872,library
4872,ohsoso
4873,overrated
4873,surreal
4873,drugs
4873,existentialism
4873,life
4873,cartoon
4873,memory
4873,fantasy life
4873,quirky
4873,dreamlike
4873,philosophy
4873,rotoscope
4873,stylized
4873,metaphysics
4873,cerebral
4873,own
4873,twentysomething life
4873,without martha
4873,mnm
4873,need to own
4873,oppl
4873,rotoscoping
4873,talky
4873,facebook rec
4873,richard linklater
4873,literate
4873,wanderlust
4873,tango
4873,bohemian life
4873,predestination
4873,brief encounters
4873,a must see
4873,pseudoscience
4873,blunt existentialism
4874,fantasy
4874,aliens
4874,alien
4874,scifi
4874,dvd
4874,sad but good
4874,psychiatrist
4874,psychiatrist as protagonist
4876,ghosts/afterlife
4876,remake
4876,nudity (full frontal)
4876,set:mechanical gearworks
4878,funny
4878,time travel
4878,surreal
4878,strange
4878,mystery
4878,mental illness
4878,fantasy life
4878,imdb top 250
4878,scifi
4878,quirky
4878,dvd
4878,psychology
4878,dreamlike
4878,parallel universe
4878,mindfuck
4878,deus ex machina
4878,fate
4878,legenda ptbr
4878,stylized
4878,teen
4878,must see
4878,jake gyllenhaal
4878,erlends dvds
4878,social commentary
4878,imaginary friend
4878,eighties
4878,my favourite
4878,get
4878,cool but freaky
4878,directorial debut
4878,thoughtprovoking
4878,hallucinatory
4878,best movies ever
4878,enigmatic
4878,high school life
4878,rabbits
4878,dont want to see
4878,patrick swayze
4878,dani2006
4878,ohsoso
4878,tumeys dvds
4878,dvdvideo
4878,ominous
4878,religious oppression
4878,ummarti2006
4878,biting
4878,jbs dvds
4878,scope
4878,cdon
4878,escapism
4878,noah wyle
4878,edgy
4880,nudity (rear)
4880,family
4880,clearplay
4880,jena malone
4880,kevin kline
4880,kristin scott thomas
4881,coen brothers
4881,dvd
4881,scarlett johansson
4881,black and white
4881,great cinematography
4881,narrated
4881,erlends dvds
4881,unusual
4881,need to own
4881,teen relationships
4881,what is happiness
4881,likeilike top pick
4881,barber
4881,barbershop
4881,my movies
4881,cinematographer:roger deakins
4881,noirish
4883,less than 300 ratings
4884,teddy award
4886,fun
4886,cartoon
4886,pixar
4886,imdb top 250
4886,animation
4886,owned
4886,dvd
4886,classic
4886,seen more than once
4886,kids fun
4886,animated
4886,disney
4886,cute
4886,enjoyable
4886,cgi
4886,billy crystal
4886,watched 2006
4886,own
4886,movielens top pick
4886,favorites
4886,well done
4886,john goodman
4886,steve buscemi
4886,james coburn
4886,oscar winner
4886,innovative
4886,library vhs
4886,tumeys dvds
4886,vivid characters
4886,pixar animation
4886,hella cool
4886,my movies
4886,classic animated tale
4886,katottava
4887,jason statham
4887,alternate universe
4887,jet li
4888,want to see again
4888,tense
4888,intimate
4888,uma thurman
4888,torent
4888,minimalist
4888,claustrophobic
4888,talky
4888,hw drama
4888,biting
4888,a must see
4888,matteroffact
4889,gene hackman
4889,erics dvds
4890,gwyneth paltrow
4890,movie to see
4890,jason alexander
4890,shallow plot
4890,gwenth paltrow
4896,mystery
4896,ghosts
4896,sequel
4896,fantasy
4896,school
4896,wizards
4896,magic
4896,children
4896,christmas
4896,halloween
4896,dvd
4896,family
4896,dragons
4896,based on a book
4896,harry potter
4896,adapted from:book
4896,witch
4896,must see
4896,dogs
4896,train
4896,franchise
4896,cats
4896,daniel radcliffe
4896,bravery
4896,chris columbus
4896,based on book
4896,richard harris
4896,emma watson
4896,maggie smith
4896,divx1
4896,saturn award (best costumes)
4896,erics dvds
4896,good versus evil
4896,chess
4896,books
4896,harper lee
4896,boarding school
4896,cat
4896,librarians
4896,invisibility
4896,mirrors
4896,forest
4896,fiona shaw
4896,deceased family member
4896,booklearned
4896,teachers and students
4898,steve martin
4899,black comedy
4899,awful awards
4901,espionage
4901,brad pitt
4901,clearplay
4901,seen 2006
4901,multinational settings
4902,ghosts
4902,spanish civil war
4902,orphans
4902,guillermo del toro
4902,spanish
4902,tumeys dvds
4902,paired with:devils backbone
4902,paired with:pans labyrinth
4902,gold
4902,orphanage
4902,my movies
4903,owned
4903,bleak
4903,intimate
4903,understated
4903,somber
4903,ominous
4903,deliberate
4903,austere
4907,blaxploitation
4909,directorial debut
4909,author:richard matheson
4909,matheson
4911,terry gilliam
4911,owned
4911,gilliam
4911,friday night movie
4912,oscar (best actress)
4912,70mm
4912,afi 100 (movie quotes)
4912,adapted from bway
4914,satirical
4914,quirky
4914,witty
4914,criterion
4914,urbane
4914,perfect
4914,dvdr
4914,cynical
4914,emerson must see
4914,deadpan
4914,deconstructive
4914,lovers on the lam
4915,betamax
4916,world war ii
4917,taped
4919,stylized
4920,psychology
4920,adapted from:book
4920,claude rains
4920,afi 100 (movie quotes)
4920,national film registry
4920,psychiatrist as protagonist
4920,bildungsroman
4920,bette davis
4920,wikilens top pick
4920,subscription
4921,based on a book
4921,adapted from:book
4921,katherine hepburn
4923,world war ii
4923,hulu
4926,blindfold
4927,dreamlike
4927,creepy
4927,disturbing
4927,understated
4927,criterion
4927,hallucinatory
4927,enigmatic
4927,deliberate
4928,luis bunuel
4928,satirical
4928,dreamlike
4928,stylized
4928,criterion
4928,whimsical
4928,cynical
4928,deadpan
4928,age disparity romance
4928,fanciful
4928,selfdestructive romance
4929,richard pryor
4930,spies
4932,nudity (topless)
4932,brian de palma
4932,betamax
4932,clv
4932,svens to see list
4935,fake documentary
4935,peter greenaway
4936,music
4936,70mm
4936,high school
4936,teens
4936,80s
4936,sexuality
4936,dance
4936,homosexuality
4936,erlends dvds
4936,afi 100 (cheers)
4936,dvdvideo
4938,betamax
4939,time travel
4939,violence
4939,wwii
4939,nostalgia
4941,great soundtrack
4941,space opera
4941,max von sydow
4941,timothy dalton
4941,midgets
4942,dvdr
4942,dvdram
4944,based on a book
4944,hg wells
4945,clint eastwood
4945,dirty harry
4947,motorcycle
4951,creepy
4951,based on a book
4951,cant remember
4954,frank sinatra
4954,dean martin
4954,slashy
4955,less than 300 ratings
4955,john turturro
4956,social commentary
4956,topic:hollywood industry
4956,bechdel test:fail
4957,clint eastwood
4957,afi 100 (movie quotes)
4957,dirty harry
4958,gene hackman
4958,ratedpg13
4960,less than 300 ratings
4961,pornography
4963,action
4963,heist
4963,las vegas
4963,casino
4963,steven soderbergh
4963,george clooney
4963,ensemble cast
4963,witty
4963,julia roberts
4963,remake
4963,brad pitt
4963,matt damon
4963,pg13
4963,caper
4963,clooney
4963,andy garcia
4963,gfei own it
4963,great
4963,not bad
4963,vegas
4963,don cheadle
4963,ocean
4963,seen at the cinema
4963,elliott gould
4963,carl reiner
4963,casey affleck
4963,scott caan
4963,bernie mac
4963,eye candy
4963,need to buy
4963,feel good movie
4963,want
4963,erics dvds
4966,author:richard matheson
4966,matheson
4967,comedy
4967,war
4967,want to see again
4967,special
4967,movielens top pick
4967,no happy end
4967,ethnic conflict
4969,in netflix queue
4969,adapted from:book
4969,author:agatha christie
4969,tumeys dvds
4969,catchy score
4970,sexy
4970,satirical
4970,singers
4970,cynical
4970,german movie
4970,tumeys dvds
4970,bfi classic
4970,wry
4970,nightclub
4970,humiliation
4973,comedy
4973,surreal
4973,life
4973,fantasy life
4973,jeanpierre jeunet
4973,music
4973,imdb top 250
4973,on computer
4973,quirky
4973,romance
4973,drama
4973,excellent
4973,dvd
4973,bibliothek
4973,seen more than once
4973,love
4973,modern fantasy
4973,paris
4973,cute
4973,france
4973,excellent story
4973,french
4973,good comedy
4973,clearplay
4973,stylized
4973,fairy tale
4973,sweet
4973,romantic
4973,must see
4973,goofy
4973,movie to see
4973,feel good
4973,mathieu kassovitz
4973,compassion
4973,whimsical
4973,special
4973,feelgood
4973,excellent soundscore
4973,coming of age
4973,own
4973,avante garde
4973,colorful
4973,notable soundtrack
4973,beautiful music
4973,idealism
4973,french movie
4973,affectionate
4973,jeunet
4973,light
4973,setting:paris
4973,beautifully filmed
4973,audrey tautou
4973,fabulous
4973,ohsoso
4973,tumeys dvds
4973,my dvds
4973,cafe
4973,surrealpanos
4973,estrangeinro
4973,heroine
4973,innoncence
4973,destiny
4973,for katie
4973,fathers and daughters
4973,r:sexual content
4973,fanciful
4973,saturated
4973,beneficence
4973,audrey tatou
4973,(s)vcd
4973,avantgarde romantic comedy
4973,marvelous
4973,righting the wronged
4974,high school
4974,spoof
4974,parody
4975,awsome
4975,comedy
4975,surreal
4975,existentialism
4975,nudity (topless)
4975,fantasy
4975,scifi
4975,boring
4975,thriller
4975,tom cruise
4975,psychology
4975,seen more than once
4975,chick flick 212
4975,new york city
4975,mindfuck
4975,remake
4975,future
4975,thinker
4975,crap
4975,trippy
4975,cool
4975,clearplay
4975,party
4975,the original is better
4975,futuristmoviescom
4975,weird
4975,get
4975,cameron crowe
4975,annoying
4975,hallucination
4975,nice movie
4975,saturn award (best actor)
4975,philip k dick (uncredited)
4975,coma
4975,tumeys vhs
4975,mask
4975,disfigurement
4975,car accident
4975,singularity
4975,cryogenics
4975,no opening credits
4975,strange story
4976,biopic
4976,oscar (best supporting actor)
4976,watch
4976,compassionate
4976,intellectual
4976,alzheimers disease
4976,disability
4976,professor
4976,strong woman
4976,smart
4977,corvallis library
4978,australia
4978,based on a play
4978,hw drama
4978,not corv lib
4978,sydney
4979,bill murray
4979,wes anderson
4979,comedy
4979,fun
4979,dark comedy
4979,in netflix queue
4979,quirky
4979,ensemble cast
4979,witty
4979,seen more than once
4979,love
4979,family
4979,stylized
4979,narrated
4979,family bonds
4979,criterion
4979,ben stiller
4979,urbane
4979,brilliant
4979,gene hackman
4979,kate
4979,wistful
4979,smoking
4979,oppl
4979,hard to rate
4979,adoption
4979,deadpan
4979,moving
4979,tumeys dvds
4979,family dynamics
4979,literate
4979,prodigies
4979,scope
4979,for katie
4979,taxi cabs
4979,breakups and divorces
4979,child prodigy
4979,mouse
4979,modern classic
4979,smart
4979,outsiders
4980,time travel
4980,keanu reeves
4980,biography
4980,rock and roll
4980,biographical
4981,farce
4981,owned
4981,time
4981,john cleese
4987,awfuljust awful
4989,college
4990,steve oedekerk
4992,time travel
4992,romance
4992,new york city
4992,future
4992,girlie movie
4992,good romantic comedies
4992,chick flick
4992,sweet
4992,hugh jackman
4993,overrated
4993,action
4993,best movie ever
4993,fantasy
4993,music
4993,imdb top 250
4993,boring
4993,high fantasy
4993,magic
4993,adventure
4993,peter jackson
4993,new zealand
4993,owned
4993,dvd
4993,seen more than once
4993,oscar (best cinematography)
4993,epic
4993,based on a book
4993,adapted from:book
4993,jackson
4993,stylized
4993,sweeping
4993,must see
4993,tolkien
4993,franchise
4993,elves
4993,fantasy world
4993,hobbits
4993,orcs
4993,ring
4993,movie to see
4993,scenic
4993,atmospheric
4993,awesome
4993,own
4993,elijah wood
4993,viggo mortensen
4993,pretentious
4993,hugo weaving
4993,want it
4993,nature
4993,heroic mission
4993,great
4993,lavish
4993,orlando bloom
4993,witness
4993,seen at the cinema
4993,ian mckellen
4993,based on book
4993,saturn award (best director)
4993,oscar (best makeup)
4993,erics dvds
4993,read book first
4993,tumeys dvds
4993,long
4993,trilogy
4993,good versus evil
4993,author:j r r tolkein
4993,tolkein
4993,dynamic cgi action
4993,slashy
4993,middle earth
4993,myth
4993,awesome soundtrack
4993,read the book
4993,wizards and magicians
4993,fell asleep
4993,rousing
4993,fanciful
4993,big budget
4993,gardener
4993,sean bean dies
4994,bruce campbell
4994,jim carrey
4994,boring
4994,theater
4994,david ogden stiers
4994,centred on movie theatre
4995,maths
4995,oscar (best directing)
4995,mental illness
4995,oscar (best supporting actress)
4995,oscar (best picture)
4995,romance
4995,biography
4995,mathematics
4995,psychology
4995,genius
4995,schizophrenia
4995,math
4995,true story
4995,ron howard
4995,thinker
4995,based on a book
4995,book
4995,erlends dvds
4995,russell crowe
4995,very interesting
4995,bravery
4995,reality or imagination
4995,get
4995,mom
4995,dad
4995,alan
4995,judy
4995,seth
4995,oscar winner
4995,russel crowe
4995,divx1
4995,intelligent
4995,afi 100 (cheers)
4995,erics dvds
4995,dvdvideo
4995,absentminded professor
4995,head movie
4995,playlist
4995,my movies
4995,biopics
4998,racism
4998,tense
4998,oscar (best cinematography)
4998,forceful
4998,afi 100 (cheers)
4998,betamax
4998,gritty
4998,biting
4998,confrontational
4999,national film registry
5000,nudity (topless)
5000,national film registry
5000,svens to see list
5001,world war ii
5001,humphrey bogart
5002,based on comic
5002,adapted from:comic
5002,adult humor
5003,based on comic
5003,adapted from:comic
5003,adult humor
5004,bibliothek
5004,not seen
5004,veja
5005,oscar (best actor)
5005,oscar (best supporting actress)
5005,recorded
5007,oscar (best supporting actor)
5008,imdb top 250
5008,courtroom
5008,adapted from:book
5008,courtroom drama
5008,court
5008,agatha christie
5008,author:agatha christie
5008,great old movie
5008,charles laughton
5008,tumeys dvds
5008,marlene dietrich
5009,boxing
5009,will smith
5009,clearplay
5009,sport:boxing
5009,movie to see
5010,factual
5010,war
5010,ridley scott
5010,josh hartnett
5010,gfei own it
5010,war movie
5010,erics dvds
5010,tumeys dvds
5010,who cares dvds
5012,cross dressing
5013,satire
5013,ensemble cast
5013,witty
5013,murder
5013,robert altman
5013,urbane
5013,atmospheric
5013,adultery
5013,altman
5013,comedy of manners
5013,period piece
5013,talky
5013,library vhs
5013,tumeys dvds
5013,literate
5013,biting
5013,movie within a movie
5013,oscar:screenplay
5013,screenwriter:julian fellowes
5013,upstairsdownstairs
5013,svens to see list
5013,englishlanguage millenial comedies
5013,elegant
5013,stephen fry
5014,mental illness
5014,courtroom
5014,psychology
5014,sean penn
5014,get
5014,beatles soundtrack
5014,below r
5014,oscar nominee
5014,retarded
5014,disability
5014,pretty sucky
5015,oscar (best actress)
5015,billy bob thornton
5015,want to see again
5015,death penalty
5015,race
5015,erlends dvds
5015,halle berry
5015,watched 2007
5015,tumeys dvds
5015,dramatic irony
5016,bibliothek
5016,julianne moore
5016,seen
5016,judi dench
5017,fritz lang
5017,erlends dvds
5017,who cares dvds
5021,truman capote
5021,hercule poirot
5021,whodunit
5022,england
5022,based on a book
5022,alcoholism
5022,switching places
5022,winter
5022,library
5022,manipulation
5022,loyalty vs betrayal
5022,antiauthoritarian
5022,dangerous attraction
5022,gullibility
5022,servants and employers
5022,seduction
5022,house
5025,pg13
5025,facebook rec
5026,nudity (topless)
5026,nudity (rear)
5026,martial arts
5026,creepy
5026,goth
5026,stylized
5026,atmospheric
5026,18th century
5026,lavish
5026,to see
5026,ummarti2006
5026,visceral
5026,menacing
5026,courtesan
5026,cdon
5027,comedy
5027,action
5027,prison
5027,cant remember
5027,buddy
5032,bechdel test:fail
5033,espionage
5033,john le carre
5033,adapted from:book
5033,great cinematography
5033,spies
5034,ghosts/afterlife
5034,directorial debut
5034,protagonist is recently widowed
5034,remakeof:truly madly deeply
5034,director of english patient
5035,adapted from:book
5035,book
5035,timothy dalton
5036,oscar (best supporting actress)
5038,time travel
5038,less than 300 ratings
5038,dragon
5038,reluctant hero
5038,good versus evil
5039,high fantasy
5039,70mm
5039,cant remember
5039,betamax
5039,childhood memories
5040,arnold schwarzenegger
5040,pulp
5040,crom
5040,betamax
5040,sword and sorcery
5041,sword and sorcery
5045,imdb bottom 100
5046,aliens
5046,philip k dick
5046,powerful ending
5046,futuristmoviescom
5046,nothing special
5046,good ending
5047,comedy
5047,martial arts
5047,spoof
5047,parody
5047,campy
5047,wuxia
5047,steve oedekerk
5047,kungfu
5049,police
5049,comedy
5049,action
5049,nudity (topless)
5049,prison
5049,san francisco
5049,cant remember
5049,buddy
5049,eddie murphy
5049,betamax
5049,subgenre:buddies
5049,setting:san francisco
5051,italy
5051,owned
5051,bibliothek
5051,kate
5051,library
5051,dogme95
5054,70mm
5054,christopher walken
5054,betamax
5054,cav
5054,scientist experiments on self
5055,biopic
5055,drama
5055,biographical
5055,divx1
5055,bruce lee
5056,werner herzog
5056,disturbing
5056,stylized
5056,reflective
5056,cerebral
5056,atmospheric
5056,enigmatic
5056,tumeys dvds
5056,deliberate
5056,svens to see list
5056,teachers and students
5058,werner herzog
5058,tumeys dvds
5059,military
5059,man vs nature
5059,eccentricity
5059,netflix instant watching
5060,satire
5060,vietnam war
5060,world war ii
5060,vietnam
5060,satirical
5060,quirky
5060,great soundtrack
5060,owned
5060,classic
5060,robert altman
5060,movie to see
5060,golden palm
5060,donald sutherland
5060,afi 100 (laughs)
5060,afi 100
5060,americans abroad
5060,pows
5060,altman
5060,madcap
5060,elliott gould
5060,korean war
5060,national film registry
5060,talky
5060,comedy classic
5060,biting
5060,wry
5060,adaptedinto:television series
5060,insanity during war
5060,fighting the system
5060,women during wartime
5060,doctors and patients
5060,matteroffact
5062,secret societies
5062,plastic surgery
5064,fantasy
5064,revenge
5064,adventure
5064,romantic comedy
5064,remake
5064,based on a book
5064,amazing cinematography
5064,adapted from:book
5064,must see
5064,costume drama
5064,movie to see
5064,historical
5064,good movie
5064,literature
5064,fabulous
5064,book adapation
5064,decent
5064,swashbuckler
5064,dumas
5065,likeilike top pick
5066,drama
5066,girlie movie
5066,high school
5066,mandy moore
5066,peter coyote
5068,bleak
5068,reflective
5068,cycling
5068,poignant
5068,library
5068,teenagers
5068,compassionate
5068,earnest
5068,gritty
5069,great movie
5069,espionage
5069,anime
5069,japan
5069,great visuals
5072,robots
5072,animation
5072,anime
5072,japan
5072,erlends dvds
5072,visually appealing
5072,otomo
5072,superhuman
5072,lame anime
5073,dvd
5073,classic
5073,loss
5073,characters with great depth
5073,golden palm
5073,heartbreaking
5073,psychiatrist
5073,psychiatrist as protagonist
5073,deceased family member
5074,want to see again
5074,my movies
5076,adapted from:book
5076,author:mark twain
5077,clv
5078,betamax
5080,jason schwartzman
5081,nudity (rear)
5081,nicole kidman
5081,vincent cassel
5081,mathieu kassovitz
5082,afterlife
5083,erotic
5083,artistic
5083,food
5084,directorial debut
5085,dvdr
5085,opera
5085,national film registry
5085,dvdram
5087,gerard depardieu
5088,raunchy
5088,irreverent
5088,madcap
5088,gerard depardieu
5088,talky
5088,frantic
5088,wry
5088,nothing goes right
5088,playing the field
5090,adapted from:book
5090,author:victor hugo
5093,revenge
5093,arnold schwarzenegger
5093,terrorism
5093,court
5094,remake
5094,crappy remake
5095,christopher walken
5095,1970s
5099,shirley temple
5101,new orleans
5102,sports
5102,seen more than once
5103,sports
5104,julio medem
5105,gothic
5105,italy
5105,bibliothek
5105,dreamlike
5105,creepy
5105,macabre
5105,erlends dvds
5105,atmospheric
5105,tumeys dvds
5105,haunted by the past
5105,dvdvideo
5105,somber
5105,nightmare vacations
5105,deliberate
5105,psychic abilities
5106,golden raspberry (worst actress)
5107,prison
5107,world war ii
5107,bruce willis
5107,clearplay
5107,colin farrell
5107,watched 2007
5108,silly
5108,robert duvall
5108,anne heche
5109,disney animated feature
5109,disney
5109,peter pan
5109,avi
5110,police
5110,nudity (topless)
5110,suburbia
5110,rivalry
5110,divx1
5111,lost classic
5111,understated
5114,oscar (best supporting actress)
5114,oscar (best cinematography)
5114,national film registry
5114,movie business
5114,filmaffinity top pick
5115,john wayne
5115,kirk douglas
5117,70mm
5118,afi 100 (laughs)
5118,seen 2008
5119,tense
5119,atmospheric
5119,twentysomething life
5119,poignant
5119,tumeys dvds
5119,class differences
5119,extramarital affairs
5119,biting
5119,austere
5119,downbeat
5119,selfdestructive romance
5119,matteroffact
5120,imdb top 250
5120,in netflix queue
5120,murder
5120,social commentary
5120,games
5120,adultery
5120,maze
5120,alter ego
5120,intelligent
5120,not corv lib
5120,bechdel test:fail
5120,sure thing
5120,top ten
5121,werner herzog
5121,satirical
5121,understated
5121,bittersweet
5121,affectionate
5121,deadpan
5121,tumeys dvds
5121,wry
5121,svens to see list
5121,elegiac
5122,beautifully done
5123,oscar (best actress)
5127,mystery
5127,supernatural
5127,get
5127,avi
5128,vampire
5128,anne rice
5128,stuart townsend
5128,my dvds
5130,less than 300 ratings
5130,forest whitaker
5134,prison
5134,sports
5134,on dvr
5134,soccer
5134,jason statham
5134,vinnie jones
5134,gefaengnisfilm
5134,washed up
5134,remakeof:the longest yard (1974)
5134,stopped watching
5134,guard
5135,india
5135,music
5135,sexuality
5135,didnt finish
5135,colourful
5135,library vhs
5137,music
5137,hip hop
5137,own
5137,music documentary
5139,baseball
5139,sports
5139,kids
5139,foul language
5139,remade
5140,kids
5140,culture clash
5140,japan
5141,baseball
5142,satirical
5142,criterion
5142,goofy
5142,biting
5142,wry
5143,alter ego
5144,alter ego
5145,satirical
5145,criterion
5145,irreverent
5145,janus 50
5145,cynical
5145,deadpan
5145,dvdvideo
5145,wry
5146,vampire
5146,anime
5146,future
5146,bad
5146,watched 2006
5146,for kata
5147,ingmar bergman
5147,imdb top 250
5147,bibliothek
5147,dreamlike
5147,cant remember
5147,criterion
5147,reflective
5147,meditative
5147,erlends dvds
5147,movie to see
5147,breathtaking
5147,need to own
5147,wistful
5147,janus 50
5147,compassionate
5147,lyrical
5147,tumeys dvds
5147,dvdvideo
5147,bfi classic
5147,elegiac
5147,cinematographer:gunnar fischer
5149,ronald reagan
5150,sexuality
5151,nudity (topless)
5151,san francisco
5151,notable nudity
5152,vietnam war
5152,mel gibson
5152,realistic
5152,watched 2006
5152,well done
5152,war movie
5152,tumeys dvds
5152,greg kinnear
5153,cannibalism
5156,vhs
5156,blaxploitation
5157,religion
5158,less than 300 ratings
5158,vhs
5158,writer
5159,robin williams
5159,cant remember
5159,environmental
5159,far and away
5160,zombies
5160,zombie
5161,nudity (topless)
5161,golden raspberry (worst actress)
5164,memories
5165,dvd
5165,zombies
5165,tense
5165,creepy
5165,disturbing
5165,atmospheric
5165,zombie
5165,harsh
5165,experiments gone awry
5165,gruesome
5168,fred astaire
5169,fritz lang
5169,tcm
5171,time travel
5171,tim burton
5171,remake
5171,based on a book
5171,futuristmoviescom
5171,awful awards
5171,literary adaptation
5171,crappy remake
5171,remakeof:the time machine(1960)
5171,remadeas:the time machine(2002)
5171,hg wells
5174,sean bean dies
5177,orson welles
5177,national film registry
5177,agnes moorehead
5178,sundance award winner
5180,less than 300 ratings
5180,punk
5182,sword and sorcery
5183,kinda boring
5184,70mm
5184,clearplay
5184,christopher walken
5184,tumeys dvds
5184,svens to see list
5184,financial disaster
5187,spies
5187,criterion
5187,spy
5187,walter matthau
5187,based on book
5192,70mm
5193,70mm
5193,tumeys dvds
5193,golden raspberry (worst actor)
5195,zombies
5195,screwball
5195,zombie
5196,less than 300 ratings
5196,70mm
5198,criterion
5198,forceful
5198,angry
5198,harsh
5198,tumeys dvds
5198,gritty
5198,menacing
5198,grim
5198,lurid
5200,orson welles
5201,cannibals
5202,gerard depardieu
5203,vincent price
5204,betamax
5205,cannibalism
5208,70mm
5210,zombie
5210,betamax
5213,religion
5214,los angeles
5214,supermarket
5214,based on a book
5214,john denver
5214,get
5214,oscar nominee: adapted screenplay
5214,netflix instant watching
5218,fun
5218,animals
5218,cartoon
5218,children
5218,animation
5218,dvd
5218,animated
5218,disney
5218,redemption
5218,talking animals
5218,erlends dvds
5218,own
5218,john leguizamo
5218,ice
5218,seen at the cinema
5218,yahoo top pick
5218,a very good moive
5218,own it
5218,katottava
5219,virus
5219,zombies
5219,video game adaptation
5219,remake
5219,clearplay
5219,milla
5219,milla jovovich
5219,slash
5219,zombie
5219,mmm brains
5219,adapted from:game
5219,plot point:biomedical danger
5220,robert de niro
5220,eddie murphy
5221,impressive
5222,lesbian
5222,bibliothek
5222,queer
5222,cute
5222,sexuality
5222,neurotic new yorkers
5224,in netflix queue
5224,movielens top pick
5224,to see
5225,funny
5225,sexy
5225,comedy
5225,erotic
5225,male nudity
5225,romance
5225,drama
5225,witty
5225,amazing
5225,owned
5225,bibliothek
5225,seen more than once
5225,realistic
5225,must see
5225,netflix
5225,very interesting
5225,favorite
5225,bittersweet
5225,beautiful
5225,coming of age
5225,great story
5225,refreshing
5225,unusual
5225,passionate
5225,irreverent
5225,mexican
5225,strangely compelling
5225,compassionate
5225,sex scenes
5225,hottie
5225,slashy
5225,yahoo top pick
5225,likeilike top pick
5225,hectic
5225,limada
5225,earthy
5226,football
5226,betamax
5226,sport:american football
5227,70mm
5229,gay
5231,afi 100 (laughs)
5231,national film registry
5238,in netflix queue
5238,national film registry
5239,joe strummer
5243,brothers
5243,jackie chan
5243,mistaken identities
5244,ninja
5244,samurai
5244,sword fighting
5244,ronin
5245,al pacino
5246,sequel fever
5246,dont remember
5247,police
5247,chase
5247,beer
5250,netflix instant watching
5254,great movie
5254,gothic
5254,vampire
5254,action
5254,vampires
5254,sequel
5254,guillermo del toro
5254,blood
5254,guns
5254,swords
5254,wesley snipes
5254,blaspheme
5254,seen at the cinema
5254,erics dvds
5254,decent
5254,dynamic cgi action
5256,god
5256,jewish
5256,70s
5256,catholic
5256,chicago
5256,project greenlight
5258,understated
5258,criterion
5258,meditative
5258,breathtaking
5258,melancholy
5258,gentle
5258,lyrical
5258,summery
5264,classic
5265,edward norton
5265,on disc
5265,robin williams
5265,need to own
5265,my movies
5266,owned
5266,jodie foster
5266,david fincher
5266,flick
5266,seen at the cinema
5266,paul newman
5266,forest whitaker
5266,scope
5267,inspiring
5267,fun
5267,baseball
5267,sports
5267,nothing special
5267,espy award
5268,unique
5269,nudity (topless)
5269,on dvr
5269,bibliothek
5269,based on a book
5269,sexuality
5269,very interesting
5269,classical music
5269,sexual
5269,tumeys dvds
5269,sex scenes
5269,teacher
5269,teacher student relationship
5269,haneke
5269,sexual fantasy
5269,domineering mother
5269,sadomasochistic
5275,dvdvideo
5276,dvdvideo
5276,betamax
5277,betamax
5279,biopic
5279,music
5279,19th century
5279,hugh grant
5279,duel
5279,biopics
5282,morgan freeman
5283,funny
5283,nudity (topless)
5283,teen
5283,avi
5288,cold war
5288,war
5288,capitalism
5288,hard to watch
5288,mccarthyism
5288,communism
5288,propaganda
5288,unintentional comedy
5288,bombs
5288,library vhs
5288,institutions
5288,nuclear
5288,atomic bomb
5288,archive footage
5288,godgiven right to kill
5288,atrocity
5288,animal research
5288,radiation
5288,topic:propaganda
5289,tcm
5289,boxing drama
5290,space
5290,aliens
5290,based on a book
5290,mad scientist
5290,hg wells
5291,surreal
5291,mystery
5291,memory
5291,nonlinear
5291,akira kurosawa
5291,imdb top 250
5291,in netflix queue
5291,owned
5291,multiple storylines
5291,tense
5291,japan
5291,samurai
5291,good music
5291,black and white
5291,bleak
5291,cant remember
5291,rape
5291,stylized
5291,must see
5291,criterion
5291,cerebral
5291,erlends dvds
5291,movie to see
5291,weird
5291,janus 50
5291,library
5291,enigmatic
5291,emerson must see
5291,tumeys dvds
5291,dvdvideo
5291,truth
5291,google video
5291,literate
5291,moody
5291,good cinematography
5292,nudity (topless)
5292,notable nudity
5292,hillarious
5292,forceful
5292,hockey
5292,my movies
5293,samuel l jackson
5293,going postal
5294,serial killer
5294,twist ending
5294,religion
5294,brothers
5294,narrated
5294,want it
5294,fatherson relationship
5294,religious
5294,sheriff
5296,funny
5296,sexy
5296,horrible
5296,comedy
5296,san francisco
5296,romantic comedy
5296,thomas jane
5296,movie to see
5296,selma blair
5296,cameron diaz
5296,jason bateman
5296,library vhs
5297,satirical
5297,witty
5297,stylized
5297,cynical
5297,talky
5297,dvdvideo
5297,members of the press
5297,wry
5297,romantic betrayal
5298,charlie kaufman
5298,quirky
5298,nudity (full frontal)
5298,michel gondry
5298,directorial debut
5299,comedy
5299,romance
5299,seen more than once
5299,girlie movie
5299,chick flick
5299,wedding
5299,evil
5299,my favourite of all
5299,john corbett
5299,strong women
5299,crude humor
5299,seen at the cinema
5299,culture shock
5300,remade
5300,arizona
5300,genre:western noir
5301,gene hackman
5301,betamax
5303,tom hanks
5303,afternoon section
5304,nazis
5304,in netflix queue
5304,tense
5304,wwii
5304,bleak
5304,golden palm
5304,gritty
5304,5 stars
5304,austere
5304,drab
5304,matteroffact
5305,so bad its good
5308,comedy
5308,family
5308,70mm
5308,abandonment
5308,excellent comedy
5309,sequel
5310,friday night movie
5310,hw comedy
5311,blindfold
5312,michael pitt
5312,ryan gosling
5312,watched 2008
5313,mummy
5313,al leong
5314,boring
5316,world war ii
5316,mathematics
5316,clearplay
5316,hw drama
5318,christianity
5319,argentina
5319,hw foreign
5319,not corv lib
5319,to see
5319,con men
5321,18th century
5321,crossdressing women
5321,fiona shaw
5323,funny
5323,space
5323,franchise
5323,slasher
5327,tumeys dvds
5327,svens to see list
5328,less than 300 ratings
5329,tense
5329,bleak
5329,stylized
5329,ironic
5329,enigmatic
5329,out for revenge
5329,likeilike top pick
5329,moody
5329,double life
5331,clowns
5332,betamax
5333,easygoing
5333,stylized
5333,criterion
5333,atmospheric
5333,cynical
5333,have but not seen
5333,one last heist
5333,dishonor among thieves
5334,robin williams
5334,hostage crisis
5334,protagonist sells cars
5335,nudity (full frontal)
5335,dvdvideo
5335,betamax
5338,gene hackman
5339,woody allen
5339,marriage
5339,erlends dvds
5339,liam neeson
5339,cynical
5340,less than 300 ratings
5341,biographical
5341,fosse
5342,directorial debut
5345,will smith
5346,notable nudity
5346,brazil
5346,rio de janeiro
5348,woody allen
5348,hollywood
5348,just allen
5348,allen is brilliant
5348,movie business
5348,neurotic new yorkers
5349,sam raimi
5349,sequel
5349,superhero
5349,dvd
5349,seen more than once
5349,new york city
5349,marvel
5349,chick flick
5349,super hero
5349,responsibility
5349,power
5349,kirsten dunst
5349,tobey maguire
5349,futuristmoviescom
5349,special
5349,want it
5349,seen at the cinema
5349,alter ego
5349,cliff robertson
5349,saturn award (best music)
5349,erics dvds
5349,based on comic book
5349,adapted from:comic
5349,special effects
5349,dynamic cgi action
5349,love this movie
5349,(s)vcd
5349,buy
5351,sexy
5351,erotic
5351,quirky
5351,whimsical
5351,lyrical
5351,to see
5351,sensual
5351,fanciful
5353,oscar (best supporting actress)
5353,blindness
5353,to see
5353,blind
5353,discshop
5354,oscar (best supporting actress)
5356,mst3k
5356,unintentional comedy
5357,cant remember
5357,dogsled
5358,70mm
5358,19th century
5358,70mm blowup
5358,victorian era
5363,bore
5364,sexy
5364,adultery
5364,lust
5364,sensual
5366,exploitation
5367,racism
5367,stephen frears
5367,immigrants
5367,gay
5367,very funny
5367,london
5367,desert island flicks
5367,oscar nominee: original screenplay
5367,channel 4
5367,hanif kureishi
5368,criterion
5368,janus 50
5368,dvdvideo
5369,betamax
5370,betamax
5373,heartwarming
5373,intimate
5373,criterion
5373,golden palm
5373,sentimental
5373,russian
5373,lyrical
5373,starting over
5373,death of a spouse
5377,comedy
5377,satirical
5377,british comedy
5377,romance
5377,drama
5377,nick hornby
5377,british
5377,romantic comedy
5377,heartwarming
5377,adaptation
5377,based on a book
5377,realistic
5377,orphans
5377,fathers and sons
5377,cool
5377,chick flick
5377,predictable movie
5377,growing up
5377,romantic
5377,narrated
5377,london
5377,book
5377,my favourite
5377,whimsical
5377,coming of age
5377,relationships
5377,hugh grant
5377,friday night movie
5377,modern
5377,teenagers
5377,motherson relationship
5377,mediocre
5377,based on book
5377,literature
5377,literary adaptation
5377,unlikely friendships
5377,dvd collection
5377,books
5377,shy person
5377,contemplative
5377,toni collette
5378,robots
5378,action
5378,sequel
5378,space
5378,fantasy
5378,alien
5378,futuristic
5378,on computer
5378,scifi
5378,boring
5378,samuel l jackson
5378,adventure
5378,science fiction
5378,dvd
5378,seen more than once
5378,natalie portman
5378,space opera
5378,franchise
5378,jedi
5378,sci fi
5378,futuristmoviescom
5378,heroism
5378,series
5378,hayden christensen
5378,lucas
5378,nerdy
5378,seen at the cinema
5378,divx1
5378,saturn award (best costumes)
5378,dynamic cgi action
5378,far future
5378,star
5378,bmf
5379,sundance award winner
5379,skinhead
5379,netwatch
5379,sundance grand jury prize
5380,reese witherspoon
5380,adaptation
5380,colin firth
5380,below r
5380,play adaptation
5380,oscar wilde
5380,based on a play
5380,mistaken identity
5380,literary adaptation
5380,adapted from:play
5380,based on play
5382,clint eastwood
5382,motorcycle
5382,street fighting
5382,friggin orangutan
5383,adapted from:book
5383,erlends dvds
5383,hw drama
5383,not corv lib
5383,author:arthur conan doyle
5383,hammer film productions
5384,oscar (best actress)
5384,less than 300 ratings
5384,murder
5384,courtroom drama
5384,netwatch
5385,martin scorsese
5385,rock and roll
5385,erlends dvds
5385,music documentary
5386,less than 300 ratings
5388,robin williams
5388,remake
5388,murder
5388,al pacino
5388,compelling
5388,thoughtprovoking
5388,expected more
5388,detective
5388,police investigation
5388,institutions
5388,insomnia
5388,plan
5389,dreamworks
5389,animal:horse
5389,ihq
5390,stylized
5390,filmmaking
5390,silly
5390,nostalgic
5390,gerard depardieu
5390,dvdvideo
5390,wry
5390,fighting the system
5390,bohemian life
5390,bright
5390,creative block
5391,nonlinear
5391,ensemble cast
5391,multiple storylines
5391,coincidences
5391,confusing plot
5392,not corv lib
5392,hw classics
5392,betamax
5395,less than 300 ratings
5398,boxing
5398,sports
5398,sport:boxing
5398,directorial debut
5398,hw drama
5398,not corv lib
5399,bibliothek
5400,secret service
5400,tom clancy
5400,cia
5400,morgan freeman
5400,spy thriller
5400,nuclear bomb
5400,ben affleck
5400,jack ryan
5401,humor
5401,parody
5401,blaxploitation
5404,books
5405,less than 300 ratings
5406,hulu
5408,bibliothek
5410,environment
5410,owned
5410,70mm
5410,understated
5410,reflective
5410,atmospheric
5410,futuristmoviescom
5410,get
5410,passionate
5410,compassionate
5410,sad but good
5410,earnest
5410,tragic drama
5410,catchy score
5410,avi
5410,(s)vcd
5413,zombies
5413,zombie
5413,betamax
5414,impersonation
5414,mission
5415,funny
5415,movie to see
5415,emotional
5415,sandra bullock
5415,thoughtprovoking
5415,offensive
5417,lost classic
5418,action
5418,espionage
5418,survival
5418,fighting
5418,memory
5418,boring
5418,want to see again
5418,car chase
5418,spying
5418,remake
5418,matt damon
5418,based on a book
5418,adapted from:book
5418,movie to see
5418,assassins
5418,spy
5418,want it
5418,kate
5418,amnesia
5418,robert ludlum
5418,divx
5418,realistic action
5418,erics dvds
5418,author:robert ludlum
5419,drugs
5419,based on a cartoon
5420,nicholas cage
5420,world war ii
5420,nicolas cage
5420,wwii
5421,seen more than once
5421,religion
5422,david spade
5422,florida film festival winner
5422,empty planet
5423,favorite
5423,tumeys dvds
5425,aviation
5425,library
5425,raf
5426,svens to see list
5428,drugs
5428,betamax
5431,oil
5431,jack nicholson
5431,mining
5431,hanging
5433,cant remember
5433,werewolves
5434,frightening
5434,barbara stanwyck
5435,not corv lib
5436,less than 300 ratings
5436,criterion
5437,below r
5438,garbage
5439,satire
5439,topic:hollywood industry
5440,oscar (best cinematography)
5440,john wayne
5440,retirement
5442,murder
5442,adapted from:book series
5442,private detective
5444,funny
5444,fun
5444,awful
5444,life
5444,aliens
5444,alien
5444,disney animated feature
5444,children
5444,animation
5444,kids
5444,family
5444,disney
5444,cute
5444,crap
5444,redemption
5444,hawaii
5444,mascots
5444,weird
5444,avi
5444,bearable disney
5445,time travel
5445,dystopia
5445,surreal
5445,mystery
5445,action
5445,violence
5445,futuristic
5445,philip k dick
5445,on dvr
5445,scifi
5445,tom cruise
5445,dvd
5445,future
5445,murder
5445,based on a book
5445,steven spielberg
5445,good thriller
5445,adapted from:book
5445,milla jovovich
5445,futuristmoviescom
5445,neonoir
5445,max von sydow
5445,colin farrell
5445,want it
5445,adultery
5445,need to own
5445,oscar nominee
5445,literary adaptation
5445,saturn award (best director)
5445,saturn award (best writing)
5445,erics dvds
5445,strong director
5445,mindfuck movie
5445,artificial intelligence
5445,author:philip k dick
5445,avi
5445,scope
5446,scenic
5446,child actor
5446,australia
5446,library vhs
5446,peter gabriel music
5449,funny
5449,john turturro
5449,below r
5449,adam sandler
5450,seen more than once
5450,women
5451,mental illness
5451,satirical
5451,quirky
5451,irreverent
5451,hulu
5451,deadpan
5451,vday
5451,disability
5451,biting
5452,no rec
5452,technique:voice over
5453,disk
5455,john malkovich
5457,less than 300 ratings
5459,funny
5459,comedy
5459,sequel
5459,scifi
5459,conspiracy
5459,will smith
5459,crappy sequel
5459,johnny knoxville
5459,tumeys dvds
5459,barry sonnenfeld
5460,below r
5461,blindfold
5462,stopped watching
5463,post apocalyptic
5463,christian bale
5463,dragons
5463,siddig
5464,violence
5464,sam mendes
5464,boring
5464,tom hanks
5464,violent
5464,organized crime
5464,language
5464,oscar (best cinematography)
5464,jude law
5464,father and son
5464,tivo
5464,favorites
5464,paul newman
5464,erics dvds
5464,tumeys dvds
5464,my movies
5466,bibliothek
5466,seen
5469,directorial debut
5470,adaptation
5470,criterion
5470,janus 50
5470,play adaptation
5470,oscar wilde
5470,based on a play
5470,dvdvideo
5470,adapted from:play
5472,musical
5472,clv
5473,favourite
5473,tumeys dvds
5475,in netflix queue
5475,tense
5475,disturbing
5475,forceful
5475,merde
5475,confrontational
5475,matteroffact
5476,franchise
5476,slasher
5477,male nudity
5477,writers life
5477,avi
5477,cdon
5477,julio medem
5479,harrison ford
5479,submarine
5479,liam neeson
5480,adapted from:book
5480,movie to see
5481,time travel
5481,satire
5481,james bond
5481,spoof
5481,parody
5481,dutch
5481,bond james bond
5481,austria
5481,related:007 (series)
5483,movie business
5486,excellent story
5488,gloomy
5488,tumeys dvds
5488,svens to see list
5488,downbeat
5488,moody
5489,vampire
5489,werner herzog
5489,creepy
5489,goth
5489,bfi modern classic
5489,erlends dvds
5489,atmospheric
5489,melancholy
5489,lavish
5489,eerie
5489,tumeys dvds
5489,klaus kinski
5490,comedy
5490,spoof
5490,stockard channing
5493,james coburn
5494,somber
5494,gritty
5494,deliberate
5494,austere
5494,drab
5497,james coburn
5498,akira kurosawa
5498,in netflix queue
5498,owned
5498,japan
5498,intimate
5498,criterion
5498,medicine
5498,sad
5498,poignant
5498,compassionate
5498,meaning of life
5498,altruism
5500,funny
5500,comedy
5500,musical
5500,cant remember
5500,get
5500,zaz
5500,ludicrous
5502,aliens
5502,stupid
5502,scifi
5502,tense
5502,scary
5502,mel gibson
5502,m night shyamalan
5502,understated
5502,silly
5502,ridiculous
5502,reflective
5502,meditative
5502,invasion
5502,joaquin phoenix
5502,futuristmoviescom
5502,own
5502,great
5502,eerie
5502,seen at the cinema
5502,erics dvds
5502,ominous
5502,from kata
5502,crop circles
5502,shyamalan
5502,unstupid
5503,teen
5503,wedding
5503,marriage
5503,responsibility
5503,remade
5503,pregnancy
5503,psychiatrist
5503,love triangles
5503,families
5503,fear of commitment
5503,friends
5503,hectic
5503,families in crisis
5504,sequel
5504,robert rodriguez
5504,kids
5504,mad scientist
5504,danny trejo
5505,jennifer aniston
5505,chick flick
5505,jake gyllenhaal
5505,adultery
5505,tragicomedy
5506,clint eastwood
5506,seen 2008
5507,samuel l jackson
5507,terrible
5507,motorcycle
5507,xfiles
5507,vin diesel
5507,ridiculous training sequence
5508,england
5508,music
5508,rock and roll
5508,dancing
5508,1980s
5508,wired 50 greatest soundtracks
5508,1970s
5508,epilepsy
5508,new wave
5508,punk rock
5508,drugs & music
5508,prostitutes
5508,joy division
5508,nightclub
5508,music business
5508,reporter
5508,r:sexuality
5508,seen 2008
5508,r:strong language
5508,archive footage
5508,breaking the fourth wall
5509,erics dvds
5515,library vhs
5516,to see
5517,bibliothek
5517,seen
5522,dystopia
5522,70mm
5522,futuristmoviescom
5525,bibliothek
5525,germany
5525,quite romantic
5525,cooking
5525,food
5525,restaurant
5525,mourning
5525,chefs
5525,opposites attract
5525,customer service
5525,grieving
5525,tasteful
5525,recipe
5525,makes you hungry
5525,doctors and patients
5525,work ethics
5525,blindfold
5525,control freak
5525,guardian
5527,england
5527,book was better
5527,seen more than once
5527,pg13
5527,adapted from:book
5527,19th century
5527,a s byatt
5527,books
5527,scope
5527,academia
5528,nudity (topless)
5528,robin williams
5528,dark
5528,creepy
5528,scary
5528,psychopaths
5528,bizarre
5528,not that good
5528,erics dvds
5528,photography
5528,oppression
5528,stalker
5528,cinematographer:jeff cronenweth
5528,strange story
5529,bruce campbell
5530,virtual reality
5530,hw drama
5533,sad
5540,on disc
5540,dvdr
5540,mythology
5540,sword and sandal
5540,myth
5540,classical studies
5541,comedy
5541,aviation
5541,seen more than once
5541,humor
5541,cant remember
5541,parody
5541,zaz
5542,dvd
5542,zombies
5542,zombie
5543,monster
5544,time travel
5544,serial killer
5544,murder
5544,adapted from:book
5544,directorial debut
5544,jack the ripper
5545,mst3k
5547,rare
5547,library vhs
5548,homeless
5548,bette midler
5552,gothic
5552,hammer film productions
5553,70mm
5555,gothic
5555,70mm
5555,werewolf
5555,werewolves
5560,criterion
5560,betamax
5560,have but not seen
5561,politics
5563,bibliothek
5569,nudity (full frontal)
5570,directorial debut
5572,funny
5572,basketball
5572,erics dvds
5574,jason statham
5574,cars
5574,france
5574,watched 2006
5576,bibliothek
5576,rare
5576,library vhs
5577,claire danes
5577,alone
5577,dramedy
5577,adolescence
5586,gene hackman
5588,watched 2006
5590,blaxploitation
5591,thora birch
5593,serial killer
5593,less than 300 ratings
5593,detective
5596,cant remember
5599,on dvr
5599,oscar (best cinematography)
5599,religion
5599,melodrama
5599,primitive peoples
5599,national film registry
5599,dvdvideo
5599,swimming
5599,waterfall
5599,sailing ships
5600,less than 300 ratings
5601,oscar (best cinematography)
5601,deer
5601,animal movie
5602,disappointing
5602,hitchcock
5602,peter sellers
5602,caper movie
5602,ealing
5603,heist
5603,greed
5603,setting:london
5604,quirky
5604,witty
5604,irreverent
5604,ealing
5604,deadpan
5604,biting
5604,fighting the system
5605,nudity (topless)
5605,criterion
5606,mentally impaired
5608,prison
5608,on disc
5608,psychology
5608,mass behavior
5608,favorite
5608,german
5608,german movie
5608,oppression
5608,overthetop ending
5608,subordination
5609,lucy liu
5610,goldie hawn
5611,mentor
5611,colonialism
5611,heath ledger
5612,kidnapping
5612,watched 2006
5612,stuart townsend
5612,blindfold
5613,satire
5613,boring
5613,dark comedy
5613,quirky
5613,love
5613,musical
5613,murder
5613,french
5613,virgin
5613,campy
5613,kitsch
5613,women
5613,whodunnit
5613,murder mystery
5613,dysfunctional family
5613,irreverent
5613,madcap
5613,over the top
5613,eye candy
5613,lesbian character
5613,closed spaces
5613,family relationships
5613,motherdaughter relationships
5613,secrets
5613,sister sister relationship
5613,fathers and daughters
5613,fanciful
5613,upbeat
5613,maid
5613,whodunit
5613,tragicomedy
5613,servants and employers
5613,kitchen maid
5613,absurd
5613,house
5613,grandmother
5613,saturated
5614,italy
5614,gay
5615,werner herzog
5617,in netflix queue
5617,owned
5617,bibliothek
5617,seen more than once
5617,black comedy
5617,bdsm
5617,sexuality
5617,sex
5617,power
5617,movie to see
5617,relationships
5617,james spader
5617,maggie gyllenhaal
5617,want to own
5617,tumeys dvds
5617,sexuality:bdsm
5617,seen
5617,for katie
5617,cdon
5617,secretary
5618,fun
5618,strange
5618,fantasy
5618,sports
5618,childhood
5618,hayao miyazaki
5618,imdb top 250
5618,adventure
5618,animation
5618,owned
5618,dragon
5618,dreamlike
5618,anime
5618,japan
5618,foreign
5618,animated
5618,miyazaki
5618,studio ghibli
5618,amazing cinematography
5618,fairy tale
5618,witch
5618,train
5618,pigs
5618,erlends dvds
5618,movie to see
5618,good but not great
5618,whimsical
5618,beautiful
5618,favorites
5618,kate
5618,heroic mission
5618,lavish
5618,great anime film
5618,hallucinatory
5618,light
5618,cultural classic
5618,wow
5618,want to own
5618,zibri studio
5618,child lead
5618,environmental
5618,no
5618,corvallis library
5618,tumeys dvds
5618,my dvds
5618,secret door
5618,extraordinary
5618,pelicula anime
5618,oscar (best animated feature)
5618,rousing
5618,journey of selfdiscovery
5618,fanciful
5618,frog
5618,transition
5618,do kupienia
5618,mythical creatures
5618,myazaki
5619,corruption
5619,assassination
5619,war
5619,capitalism
5619,based on a book
5619,south america
5620,reese witherspoon
5620,romance
5620,drew barrymore
5620,romantic comedy
5620,girlie movie
5620,good romantic comedies
5620,chick flick
5620,sweet
5620,writing
5620,patrick dempsey
5620,cliche
5620,weddings
5620,i own this
5620,amc 24
5621,jackie chan
5625,bibliothek
5625,hw drama
5628,jean reno
5629,jesus freaks
5630,serial killer
5630,hannibal lecter
5630,edward norton
5630,philip seymour hoffman
5630,dvd
5630,psychology
5630,remake
5630,anthony hopkins
5630,clearplay
5630,trash
5630,ralph fiennes
5630,blindness
5630,my dvds
5632,on dvr
5632,want to see again
5632,army
5632,1970s
5632,ira
5632,netwatch
5632,riot
5632,top ten
5633,bibliothek
5633,cate blanchett
5633,bombs
5633,library vhs
5635,less than 300 ratings
5635,andy garcia
5635,james coburn
5635,seen 2008
5637,nudity (topless)
5639,japan
5640,tense
5640,campy
5640,giant monster
5640,ominous
5642,kidnapping
5642,courtroom
5642,murder
5642,to see
5643,no dialogue
5643,trilogy
5643,trilogy:qatsi
5644,baseball
5644,afi 100 (cheers)
5644,afi 100 (movie quotes)
5646,70mm
5649,gothic
5649,vampire
5649,tense
5649,creepy
5649,stylized
5649,erlends dvds
5649,eerie
5649,menacing
5649,nocturnal
5649,hammer film productions
5650,funniest movies
5650,hamlet
5650,beer
5650,stripping
5650,canada
5650,canadian humor
5651,disney
5652,lesbian
5653,quirky
5653,tense
5653,atmospheric
5653,gritty
5653,visceral
5653,cathartic
5653,menacing
5664,hip hop
5665,john malkovich
5666,drugs
5666,violence
5666,gay
5666,based on a book
5666,narrated
5666,college
5666,literary adaptation
5666,brett easton ellis
5666,drinking
5668,on computer
5668,bibliothek
5668,seen
5668,noah wyle
5669,war
5669,racism
5669,owned
5669,bibliothek
5669,politics
5669,michael moore
5669,terrorism
5669,must see
5669,guns
5669,movie to see
5669,usa
5669,death
5669,own
5669,propaganda
5669,9/11
5669,clique
5669,violence in america
5669,need to buy
5669,erics dvds
5669,tumeys dvds
5669,documentary critique
5669,institutions
5669,oscar (best documentary feature)
5669,american idiocy
5669,antibush
5670,movie to see
5670,friday night movie
5672,decent
5673,comedy
5673,philip seymour hoffman
5673,on dvr
5673,quirky
5673,romance
5673,bibliothek
5673,seen more than once
5673,tense
5673,paul thomas anderson
5673,workplace
5673,travel
5673,bittersweet
5673,whimsical
5673,phone
5673,mnm
5673,need to own
5673,wistful
5673,adam sandler
5673,library
5673,us history
5673,vday
5673,sibling relationships
5673,seen 2008
5673,solid comedy
5673,mental
5673,avantgarde romantic comedy
5673,just didnt get it
5675,terrible
5675,guy ritchie
5675,golden raspberry (worst picture)
5675,golden raspberry (worst actress)
5677,directorial debut
5678,samuel l jackson
5678,skinhead
5678,bmf
5679,horror
5679,mystery
5679,fantasy
5679,stupid
5679,thriller
5679,vhs
5679,supernatural
5679,zombies
5679,creepy
5679,scary
5679,remake
5679,disturbing
5679,fantastic
5679,fate
5679,goretastic
5679,bad
5679,metaphysics
5679,erlends dvds
5679,okay once
5679,weird
5679,cheesy bad
5679,halloween movie
5679,naomi watts
5679,terrifying
5679,poorly acted
5679,seen at the cinema
5679,splatter
5679,almost favorite
5679,videotape
5679,saturn award (best actress)
5679,yuck
5679,scary as hell
5679,remadeas:the ring (2002)
5679,plot point:television
5679,plot point:videotape
5679,remakeof:ringu (1998)
5679,ghost story
5679,our naomi
5680,biopic
5680,maria bello
5680,greg kinnear
5681,politics
5684,no dialogue
5684,trilogy
5684,trilogy:qatsi
5685,latino/latina
5686,super boring
5686,tumeys dvds
5689,nudity (full frontal)
5690,history
5690,childhood
5690,world war ii
5690,war
5690,imdb top 250
5690,on computer
5690,tragedy
5690,true story
5690,anime
5690,japan
5690,ww2
5690,wartime
5690,orphans
5690,miyazaki
5690,studio ghibli
5690,bleak
5690,death of a parent
5690,need to own
5690,bombs
5690,antiwar
5690,made me cry
5690,need to buy
5690,horrors of war
5690,j netflix
5690,somber
5690,sibling relationships
5690,pelicula anime
5690,ghibli
5690,filmaffinity top pick
5690,grim
5690,downbeat
5690,elegiac
5690,civilians at war
5690,maintaining illusion
5690,life on the homefront
5691,franchise
5691,slasher
5693,sexy
5693,musical
5693,disco
5693,wired 50 greatest soundtracks
5693,sentimental
5693,gritty
5693,flashy
5693,dance movie
5694,sylvester stallone
5694,70mm
5697,slasher
5697,directorial debut
5699,tivo
5705,so bad its good
5705,directorial debut
5705,cinematographer:victor j kemper
5706,betamax
5707,paul newman
5707,sally field
5707,betamax
5707,dvd collection
5708,gene hackman
5709,hulu
5710,bud spencer
5712,brian de palma
5712,tumeys dvds
5712,svens to see list
5715,slasher
5715,betamax
5716,orson welles
5716,golden raspberry (worst actress)
5717,cannibals
5720,bud spencer
5721,in netflix queue
5721,adapted from:book
5721,betamax
5722,classic
5722,gerard depardieu
5723,betamax
5723,clv
5725,golden palm
5725,not available from netflix
5726,betamax
5727,vhs
5729,betamax
5730,ninja
5730,menahem golan
5731,70mm
5731,nudity (full frontal)
5731,rape
5731,betamax
5731,paranormal
5732,betamax
5741,bibliothek
5741,gerard depardieu
5742,walter matthau
5747,friendship
5747,atmospheric
5747,military life
5747,world war i
5747,forceful
5747,poignant
5747,library
5747,compassionate
5747,antiwar
5747,running
5747,somber
5747,turkey
5747,scope
5747,1910s
5751,less than 300 ratings
5752,sweet
5752,light
5752,tumeys dvds
5754,oliver stone
5754,michael caine
5756,bechdel test:fail
5759,cult film
5759,bands
5761,alter ego
5761,golden raspberry (worst actor)
5762,less than 300 ratings
5763,sequel
5763,svens to see list
5763,brd trilogy
5764,michael crichton
5765,low budget
5765,bugs bunny
5766,slasher
5767,vhs
5767,not interested
5769,nudity (full frontal)
5770,less than 300 ratings
5770,tense
5770,disturbing
5770,angry
5770,harsh
5770,out for revenge
5770,visceral
5770,lurid
5770,rape & sexual abuse
5770,crime sprees
5770,abel ferrara
5771,slasher
5772,underrated
5772,breakthroughs
5772,great screenplays
5772,library vhs
5774,zombie
5777,christopher walken
5780,satirical
5780,campy
5780,irreverent
5780,biting
5782,action
5782,interesting
5782,luc besson
5782,explosions
5785,seen more than once
5788,working class
5788,hw drama
5788,not corv lib
5788,to see
5788,svens to see list
5788,englishlanguage millenial comedies
5788,mike leigh
5789,cross dressing
5791,painter
5791,nudity (topless)
5791,edward norton
5791,surrealism
5791,biopic
5791,on dvr
5791,exceptional acting
5791,biography
5791,nudity (rear)
5791,queer
5791,politics
5791,mexico
5791,nudity (full frontal)
5791,underrated
5791,amazing cinematography
5791,sexuality
5791,marriage
5791,communism
5791,women
5791,painting
5791,art
5791,historical
5791,tivo
5791,passion
5791,revolution
5791,communist witch hunt
5791,biographical
5791,wheelchair
5791,1920s
5791,1940s
5791,lgbt
5791,disability
5791,multinational settings
5791,accident
5791,drinking
5791,multifaceted
5791,husbandwife relationship
5791,promiscuity
5791,car accident
5791,mexico city
5791,bisexual
5791,artists
5791,surgery
5791,muse
5791,needles
5791,animated segments
5791,photograph
5791,bohemian life
5791,story of one family
5791,socialism
5791,art patron
5791,bad casting
5791,biopics
5792,quirky
5792,philosophy
5792,urbane
5792,irreverent
5792,cynical
5792,talky
5792,to see
5792,dating
5792,biting
5792,battle of the sexes
5792,playing the field
5796,woody allen
5796,orson welles
5796,bond
5796,james bond
5796,70mm
5796,franchise
5796,peter sellers
5796,seen at the cinema
5796,related:007 (series)
5796,author:ian fleming
5797,book was better
5797,tense
5797,dreamlike
5797,creepy
5797,stylized
5797,werewolves
5797,atmospheric
5797,betamax
5797,ominous
5797,visceral
5799,classic
5799,70mm
5799,dvdr
5802,peter sellers
5802,teenagers
5803,eddie murphy
5803,malcolm mcdowell
5804,movie to see
5809,bibliothek
5809,movie to see
5809,trash
5809,brian de palma
5809,get
5809,avi
5810,terrible
5810,nudity (rear)
5810,80s
5810,hip hop
5810,1990s
5810,own
5810,wired 50 greatest soundtracks
5810,mediocre
5810,idiot
5812,racism
5812,gay
5812,sexism
5812,julianne moore
5812,patricia clarkson
5812,dennis quaid
5812,homophobia
5812,costumes
5812,moore
5812,1950s housewives
5812,todd haynes
5813,on dvr
5813,religion
5813,spiritual journey
5813,religious conversion
5816,action
5816,sequel
5816,fantasy
5816,wizards
5816,magic
5816,adventure
5816,seen more than once
5816,based on a book
5816,harry potter
5816,adapted from:book
5816,witch
5816,franchise
5816,fantasy world
5816,daniel radcliffe
5816,harlin
5816,chris columbus
5816,want to own
5816,corny
5816,richard harris
5816,emma watson
5816,maggie smith
5816,literary adaptation
5816,divx1
5816,overshown
5816,fiona shaw
5816,broomstick
5817,holocaust
5817,genocide
5817,war
5817,historical
5817,toronto
5817,armenian
5817,turkey
5817,ethnic conflict
5818,library
5820,music
5820,erlends dvds
5820,mom
5820,dad
5820,my dvds
5820,music business
5820,rhythm & blues
5820,live music
5824,bibliothek
5825,military
5825,witty
5825,wwii
5825,criterion
5825,bittersweet
5825,whimsical
5825,nostalgic
5825,janus 50
5825,tumeys dvds
5825,dvdvideo
5825,bfi classic
5828,less than 300 ratings
5829,mediocre plot
5829,sports competition
5829,leslie neilsen
5832,religion
5832,kirk cameron
5832,propaganda
5833,werewolves
5833,dvdvideo
5833,ummarti2006
5836,romantic comedy
5836,sophia loren
5836,single father
5836,cary grant
5836,fatherson relationship
5836,fatherdaughter relationship
5836,recorded
5837,imdb bottom 100
5839,library
5840,classic
5840,library
5841,nudity (topless)
5841,boring
5842,gerard depardieu
5844,slasher
5853,erlends dvds
5853,david cronenberg
5853,murder/fatality
5854,karate
5854,70mm
5855,drugs
5855,cult film
5855,underrated
5856,nudity (rear)
5856,terminal illness
5856,family bonds
5856,pimps
5856,prostitution
5856,communism
5856,coming of age
5856,idealism
5856,bureaucracy
5856,melancholy
5856,smoking
5856,hypnosis
5856,yugoslavia
5856,bands
5856,1960s
5856,adolescence
5856,hiding place
5856,attic
5858,slow
5858,aliens
5858,atmospheric
5858,old people
5864,golden raspberry (worst actress)
5867,based on a book
5867,erlends dvds
5867,michael mann
5867,directorial debut
5868,less than 300 ratings
5869,bibliothek
5870,psychology
5872,bond
5872,dinosaurs
5872,assassin
5872,james bond
5872,torture
5872,murder
5872,franchise
5872,pierce brosnan
5872,halle berry
5872,seen at the cinema
5872,killer as protagonist
5872,007 (series)
5872,seen 2008
5872,svcd
5873,on computer
5873,below r
5873,prep school
5874,pimps
5875,multiple storylines
5875,short films
5876,graham greene
5876,michael caine
5876,seen 2008
5878,almodovar
5878,nudity (topless)
5878,prison
5878,imdb top 250
5878,bibliothek
5878,psychology
5878,rape
5878,breathtaking
5878,get
5878,relationships
5878,abe
5878,need to own
5878,tumeys dvds
5878,film theory & criticism
5878,coma
5878,veja
5878,in library
5879,jewish
5879,adam sandler
5881,horrible
5881,space
5881,aliens
5881,memory
5881,george clooney
5881,scifi
5881,owned
5881,nudity (rear)
5881,classic
5881,remake
5881,based on a book
5881,cinematography
5881,interesting concept
5881,futuristmoviescom
5881,library vhs
5881,crappy remake
5881,twentieth centuryfox
5881,my movies
5882,pirates
5882,alien
5882,disney animated feature
5882,disney
5882,redemption
5882,based on a book
5882,adapted from:book
5882,michael j fox
5882,treasure hunt
5884,motorcycle
5888,russian
5889,russian
5890,funny
5890,mental illness
5890,quirky
5890,christmas
5890,poetry
5890,friendship
5890,cars
5890,based on a book
5890,better than expected
5890,swearing
5890,board game
5890,irreverent
5890,affectionate
5890,self discovery
5890,compassionate
5890,eccentricity
5890,restaurant
5890,neurosis
5890,unlikely friendships
5890,library vhs
5890,books
5890,statue
5890,for katie
5890,repression
5890,autonomy
5890,upbeat
5890,oedipal
5890,phobias
5890,solid comedy
5890,seasons
5890,juxtaposition
5890,deceased family member
5890,booklearned
5890,halfway house
5890,peer support
5890,on the road
5890,selfesteem
5890,mental
5891,revenge
5891,tense
5891,disturbing
5891,writer
5891,rape
5891,campy
5891,writers life
5891,harsh
5891,tumeys dvds
5891,gritty
5891,menacing
5891,grim
5891,downbeat
5893,small town
5896,on disc
5896,adultery
5896,statutory rape
5897,directorial debut
5899,war
5899,70mm
5899,michael caine
5899,tumeys dvds
5899,battle
5900,bibliothek
5900,psychiatrist
5900,psychiatrist as protagonist
5901,drugs
5902,surreal
5902,slow
5902,charlie kaufman
5902,boring
5902,quirky
5902,nicolas cage
5902,seen 2007
5902,bibliothek
5902,new york city
5902,mindfuck
5902,black comedy
5902,native americans
5902,based on a book
5902,writing process
5902,brotherbrother relationship
5902,filmmaking
5902,narrated
5902,cerebral
5902,obsession
5902,very clever
5902,evolution
5902,oscar (best supporting actor)
5902,meryl streep
5902,maggie gyllenhaal
5902,passionate
5902,avante garde
5902,irreverent
5902,need to own
5902,melancholy
5902,writers life
5902,car crash
5902,writers
5902,books
5902,spike jones
5902,twins
5902,flowers
5902,head movie
5902,literate
5902,yahoo top pick
5902,stopped watching
5902,unreliable narrators
5902,metafiction
5902,twins and lookalikes
5902,creative block
5903,dystopia
5903,drugs
5903,fascism
5903,cult film
5903,christian bale
5903,amazing cinematography
5903,clearplay
5903,erlends dvds
5903,futuristmoviescom
5903,directorial debut
5903,gfei own it
5903,revolution
5903,kurt wimmer
5903,bullet ballet
5903,totalitarianism
5903,gunfight
5903,to see
5903,dumb dystopia
5903,ummarti2006
5903,equador
5903,gun fu
5906,french movie
5907,italian
5907,not available from netflix
5909,violence
5909,disturbing
5909,netflix
5909,takashi miike
5909,necrophilia
5909,heroin
5909,to see
5910,imdb bottom 100
5911,less than 300 ratings
5911,rock and roll
5911,concert
5912,bank robbery
5915,soccer
5915,football
5916,euthanasia
5917,70mm
5917,edward james olmos
5919,betamax
5919,klaus kinski
5921,betamax
5923,betamax
5925,betamax
5926,betamax
5927,adapted from:play
5928,jack nicholson
5930,70mm
5930,rape
5931,satire
5932,werner herzog
5932,criterion
5932,reflective
5932,cerebral
5932,talky
5932,deliberate
5932,matteroffact
5933,based on a book
5933,betamax
5933,john steinbeck
5935,betamax
5935,youth gone wild
5936,robert altman
5937,france
5937,criterion
5937,passionate
5937,lavish
5937,forceful
5937,compassionate
5937,gerard depardieu
5937,talky
5937,literate
5937,confrontational
5938,frightening
5940,betamax
5941,college
5941,directorial debut
5941,music business
5942,girlie movie
5943,ralph fiennes
5943,natasha richardson
5943,stanley tucci
5943,jennifer lopez
5943,amc 24
5944,space
5944,scifi
5944,tv
5944,owned
5944,franchise
5944,patrick stewart
5944,futuristmoviescom
5944,cloning
5944,star trek
5944,seen at the cinema
5944,jonathan frakes
5944,bald nemesis
5944,far future
5945,satire
5945,nudity (topless)
5945,dark comedy
5945,adapted from:book
5945,road trip
5945,jack nicholson
5945,movie to see
5945,abandonment
5945,tumeys dvds
5945,yahoo top pick
5946,malos tratos
5947,disk
5949,to see
5949,blindfold
5950,dull
5951,dreamlike
5951,intimate
5951,stylized
5951,meditative
5951,enigmatic
5951,sensual
5951,drab
5952,overrated
5952,action
5952,sequel
5952,fantasy
5952,fighting
5952,war
5952,imdb top 250
5952,boring
5952,high fantasy
5952,adventure
5952,peter jackson
5952,new zealand
5952,owned
5952,dvd
5952,seen more than once
5952,too long
5952,los angeles
5952,epico
5952,based on a book
5952,adapted from:book
5952,jackson
5952,must see
5952,tolkien
5952,franchise
5952,elves
5952,fantasy world
5952,hobbits
5952,orcs
5952,castle
5952,ring
5952,movie to see
5952,scenic
5952,cate blanchett
5952,own
5952,elijah wood
5952,viggo mortensen
5952,christopher lee
5952,john rhysdavies
5952,hugo weaving
5952,want it
5952,orlando bloom
5952,seen at the cinema
5952,ian mckellen
5952,david wenham
5952,billy boyd
5952,sean astin
5952,andy serkis
5952,miranda otto
5952,karl urban
5952,dominic monaghan
5952,brad dourif
5952,bernard hill
5952,morality
5952,divx1
5952,saturn award (best makeup)
5952,afi 100 (movie quotes)
5952,saturn award (best costumes)
5952,oscar (best sound)
5952,erics dvds
5952,read book first
5952,tumeys dvds
5952,long
5952,trilogy
5952,author:j r r tolkein
5952,sequels filmed simultaneously
5952,tolkein
5952,dynamic cgi action
5952,slashy
5952,middle earth
5952,myth
5952,awesome soundtrack
5952,royalty
5952,read the book
5952,big budget
5954,drugs
5954,edward norton
5954,philip seymour hoffman
5954,want to see again
5954,bibliothek
5954,powerful ending
5954,japan
5954,legenda ptbr
5954,new york
5954,nyc
5954,spike lee
5954,erics dvds
5954,nightclub
5955,bibliothek
5955,sexual abuse
5955,ok
5955,directorial debut
5955,hw drama
5955,psychiatrist
5955,afroamerican
5956,martin scorsese
5956,boring
5956,violent
5956,gay
5956,gangsters
5956,true story
5956,new york city
5956,gangs
5956,leonardo dicaprio
5956,clearplay
5956,new york
5956,daniel daylewis
5956,cameron diaz
5956,liam neeson
5956,tumeys dvds
5956,my movies
5956,cameo:martin scorsese
5957,sandra bullock
5957,crapflix
5957,amc 24
5958,based on a cartoon
5959,tense
5959,bleak
5959,cynical
5959,forceful
5959,harsh
5959,tumeys dvds
5959,gritty
5959,visceral
5961,police
5961,new york city
5961,female heroine
5962,so bad its funny
5962,golden raspberry (worst actress)
5963,less than 300 ratings
5963,queer
5963,lgbt
5963,svens to see list
5964,gene hackman
5965,erlends dvds
5965,ridley scott
5965,directorial debut
5965,tumeys dvds
5965,betamax
5965,who cares dvds
5969,jamie lee curtis
5969,dan aykroyd
5969,richard masur
5969,anna chlumsky
5970,jamie lee curtis
5970,dan aykroyd
5970,richard masur
5970,macaulay culkin
5970,anna chlumsky
5970,sad but much good
5971,fantasy
5971,hayao miyazaki
5971,in netflix queue
5971,great soundtrack
5971,anime
5971,japan
5971,family
5971,cute
5971,kids and family
5971,miyazaki
5971,studio ghibli
5971,erlends dvds
5971,feelgood
5971,nature
5971,zibri studio
5971,need to buy
5971,feel good movie
5971,my dvds
5971,country life
5971,do kupienia
5974,classic
5974,oscar (best cinematography)
5975,70mm
5975,adapted from:book
5975,library
5978,less than 300 ratings
5979,dvdr
5980,tense
5980,creepy
5980,disturbing
5980,forceful
5980,visceral
5980,menacing
5980,gruesome
5981,adapted from:book
5983,remade
5985,bibliothek
5986,boxing drama
5986,down and out
5987,jude law
5989,funny
5989,great movie
5989,factual
5989,tom hanks
5989,drama
5989,biography
5989,bibliothek
5989,true story
5989,leonardo dicaprio
5989,better than expected
5989,steven spielberg
5989,christopher walken
5989,book
5989,erlends dvds
5989,usa
5989,jennifer garner
5989,want it
5989,alone
5989,fun movie
5989,light
5989,feel good movie
5989,tumeys dvds
5989,my dvds
5989,biographical view
5989,playlist
5989,buy
5990,puppetry
5990,tumeys dvds
5990,golden raspberry (worst actor)
5991,prison
5991,oscar (best supporting actress)
5991,oscar (best picture)
5991,on disc
5991,classic
5991,courtroom
5991,remake
5991,musical
5991,jazz
5991,murder
5991,court
5991,richard gere
5991,slash
5991,own
5991,directorial debut
5991,john c reilly
5991,catherine zetajones
5991,kate
5991,oscar (best editing)
5991,bought the dvd
5991,almost favorite
5991,based on a play
5991,renee zellweger
5991,musical sucks
5991,oscar (best costume design)
5991,oscar (best sound)
5991,tumeys dvds
5991,my dvds
5991,adapted from bway
5991,based on play
5992,mental illness
5992,oscar (best actress)
5992,nonlinear
5992,lesbian
5992,drama
5992,gay
5992,oscar
5992,dvd
5992,bibliothek
5992,girlie movie
5992,depression
5992,nicole kidman
5992,sad
5992,women
5992,erlends dvds
5992,julianne moore
5992,torent
5992,meryl streep
5992,egotism
5992,updated classics
5992,intellectual
5992,attachment
5992,my movies
5992,1950s housewives
5992,allison janney
5992,toni collette
5992,strong woman
5992,df
5992,virginia woolf
5994,based on a book
5994,adapted from:book
5994,author:charles dickens
5994,charles dickens
5995,world war 2
5995,oscar (best directing)
5995,factual
5995,holocaust
5995,poland
5995,oscar (best actor)
5995,world war ii
5995,nazis
5995,roman polanski
5995,music
5995,imdb top 250
5995,on dvr
5995,true story
5995,reflective
5995,pigs
5995,sad
5995,movie to see
5995,historical
5995,good but not great
5995,golden palm
5995,get
5995,classical music
5995,adrien brody
5995,gloomy
5995,poignant
5995,watched 2005
5995,need to buy
5995,tumeys dvds
5995,somber
5995,to see
5995,warsaw ghetto
5995,cathartic
5995,catchy score
5995,the shoah
5995,avi
5995,austere
5995,seen 2008
5995,hiding place
5995,polanski
5998,unintentional comedy
5999,space travel
5999,heroine
5999,graphic violence
6001,martin scorsese
6001,satirical
6001,quirky
6001,robert de niro
6001,disturbing
6001,stylized
6001,television
6001,cynical
6001,deadpan
6001,biting
6001,joe strummer
6001,nothing goes right
6002,drugs
6002,philip seymour hoffman
6002,addiction
6002,disturbing
6002,depression
6002,need to own
6002,phillip seymour hoffman
6002,chemical dependency
6002,widows/widowers
6003,charlie kaufman
6003,drew barrymore
6003,brad pitt
6003,based on a book
6003,adapted from:book
6003,television
6003,directorial debut
6003,sam rockwell
6003,need to own
6003,biographical
6003,tumeys dvds
6003,bizar
6005,stand up
6008,murder
6008,to see
6008,5 out of 5
6010,dream sequence
6014,comedy
6014,action
6014,buddy
6014,steve zahn
6014,martin lawrence
6014,avi
6016,serial killer
6016,drugs
6016,nudity (topless)
6016,violence
6016,fernando meirelles
6016,imdb top 250
6016,tragedy
6016,soccer
6016,drama
6016,great soundtrack
6016,want to see again
6016,dark
6016,violent
6016,amazing
6016,dvd
6016,bibliothek
6016,gangsters
6016,multiple storylines
6016,true story
6016,brutal
6016,black comedy
6016,adaptation
6016,poverty
6016,foreign
6016,wartime
6016,epic
6016,gangs
6016,based on a book
6016,disturbing
6016,realistic
6016,not seen
6016,adapted from:book
6016,stylized
6016,sweeping
6016,must see
6016,chicken
6016,money
6016,alice braga
6016,brazil
6016,refreshing
6016,hdtv
6016,irreverent
6016,revolution
6016,urban
6016,teenager
6016,need to own
6016,forceful
6016,harsh
6016,oscar nominee: editing
6016,oscar nominee: director
6016,oscar nominee: adapted screenplay
6016,oscar nominee: cinematography
6016,erics dvds
6016,rio de janeiro
6016,tumeys dvds
6016,dont know
6016,historical epic
6016,photography
6016,gritty
6016,brilliant film
6016,photographer
6016,killing
6016,nightclub
6016,ghetto
6016,brutality
6016,my movies
6017,blindfold
6020,betamax
6020,class
6021,disturbing
6021,bleak
6021,paranoid
6021,meditative
6021,betamax
6021,deliberate
6021,svens to see list
6022,less than 300 ratings
6022,cant remember
6022,netwatch
6022,erics dvds
6022,edward james olmos
6023,jeanluc godard
6023,quirky
6023,stylized
6023,criterion
6023,atmospheric
6023,melancholy
6023,rebels
6023,elegiac
6023,unlikely criminals
6024,russell crowe
6025,mockumentary
6027,in netflix queue
6027,river phoenix
6031,intimate
6031,stylized
6031,ambition
6031,race
6031,passionate
6031,lavish
6031,compassionate
6031,talky
6031,svens to see list
6031,motherhood
6031,moody
6035,tense
6035,french
6035,criterion
6035,atmospheric
6035,janus 50
6035,starcrossed lovers
6035,dvdvideo
6035,downbeat
6035,moody
6035,elegiac
6035,selfdestructive romance
6037,archaeology
6037,infidelity
6037,love triangle
6037,group sex
6037,summer vacation
6037,threesome
6037,greek islands
6038,keanu reeves
6039,bibliothek
6039,nudity (full frontal)
6039,gene wilder
6041,holocaust
6041,in netflix queue
6041,nr
6041,fantastic foreign films
6042,secretary
6044,betamax
6047,bogart
6051,tense
6051,bleak
6051,criterion
6051,atmospheric
6051,wired 50 greatest soundtracks
6051,forceful
6051,gritty
6051,deliberate
6051,moody
6051,matteroffact
6052,less than 300 ratings
6057,motorcycle
6057,wannabe gangters
6058,violent
6058,supernatural
6058,fate
6058,gore
6058,death
6058,slapstick
6058,fast paced
6058,gory
6058,premonition
6058,cheating death
6059,suspense
6059,al pacino
6059,watched 2006
6059,colin farrell
6059,gfei own it
6060,india
6060,immigrants
6060,bollywood
6060,better than i expected
6063,odd
6064,sport:boxing
6064,boxing drama
6064,tumeys dvds
6066,less than 300 ratings
6067,bibliothek
6067,colin farrell
6067,seen
6068,genre:western noir
6070,erotic
6070,less than 300 ratings
6070,to see
6070,sadomasochistic
6070,blindfold
6073,less than 300 ratings
6074,betamax
6075,not available from netflix
6077,less than 300 ratings
6077,author:agatha christie
6077,hercule poirot
6077,character:hercule poirot
6077,whodunit
6078,cold war
6078,clint eastwood
6078,70mm
6078,aerial dogfights
6081,french
6082,canada
6082,1900s
6082,trains
6082,excon
6086,adapted from:book
6088,alter ego
6090,ghosts
6093,fantasy
6093,animation
6093,heartwarming
6093,bittersweet
6093,affectionate
6093,based on book
6093,lyrical
6093,fanciful
6094,drugs
6094,aliens
6094,bisexual
6096,flop
6096,homosexuality
6100,woody allen
6100,bibliothek
6100,erlends dvds
6100,seen
6101,politics
6101,golden palm
6101,jack lemmon
6104,terry gilliam
6104,monty python
6104,spoof
6104,gilliam
6104,monty python alumni
6104,terry jones
6104,graham chapman
6104,sketch comedy
6104,bechdel test:fail
6105,less than 300 ratings
6107,fascism
6107,world war ii
6107,evacuees
6108,erlends dvds
6109,70mm
6109,francis ford coppola
6116,pirates
6116,swashbuckler
6116,adapted from:operetta
6116,playwright:gilbert & sullivan
6118,svens to see list
6122,standup comedy
6123,chris marker
6123,erlends dvds
6125,gilliam
6125,sketch comedy
6126,sequel
6126,stylized
6126,melancholy
6126,poignant
6126,haunted by the past
6126,svens to see list
6126,downbeat
6126,actors life
6126,brd trilogy
6126,all washed up
6132,tense
6132,disturbing
6132,menacing
6132,lurid
6133,not available from netflix
6134,less than 300 ratings
6134,ironic
6134,light
6134,upbeat
6134,bright
6139,70mm
6140,italian
6140,erlends dvds
6140,giallo
6140,tumeys dvds
6140,for kata
6140,filmifriikki
6142,mst3k
6143,peter sellers
6143,inspector clouseau (series)
6144,italian
6144,opera
6145,klaus kinski
6147,sentana filmproduktion
6148,less than 300 ratings
6148,criterion
6151,golden palm
6155,bibliothek
6155,good romantic comedies
6155,movie to see
6155,avi
6156,england
6156,jackie chan
6156,show business
6156,aidan gillen
6157,bad acting
6157,dark
6157,seen more than once
6157,crap
6157,marvel
6157,bad
6157,fantacy
6157,jennifer garner
6157,ben affleck
6157,colin farrell
6157,alter ego
6157,blindness
6157,bechdel test:fail
6157,heroine in tight suit
6157,superhuman
6157,(s)vcd
6157,buy
6157,svcd
6158,adapted from:book
6159,want to see again
6159,adolescence
6160,archive footage
6162,meditative
6162,cerebral
6162,atmospheric
6162,enigmatic
6162,hw drama
6162,visceral
6162,deliberate
6163,painter
6163,french
6163,obsession
6163,pregnancy
6163,library
6163,hospital
6163,flowers
6163,husbandwife relationship
6163,gifts
6163,jealousy
6163,doctorpatient relationship
6163,letters
6163,dangerous attraction
6163,secretary
6163,roses
6163,souvenirs
6163,selfdestructive romance
6163,stalker
6163,brief encounters
6170,usa film registry
6170,70mm
6170,based on a book
6170,horses
6170,horse racing
6170,oregon
6170,oscar nominee: supporting actor
6170,oscar nominee: editing
6170,afi 100 (cheers)
6170,national film registry
6170,shipwreck
6170,70mm blowup
6173,less than 300 ratings
6173,irish
6175,menahem golan
6178,oscar (best supporting actress)
6178,race
6178,blindness
6178,blind
6179,liam neeson
6181,adapted from:book
6181,american civil war
6182,less than 300 ratings
6182,oppl
6183,classic
6183,sexuality
6183,new york
6183,thelma ritter
6183,rock hudson
6183,doris day
6183,day and hudson
6184,surreal
6184,aliens
6184,satirical
6184,quirky
6184,stylized
6184,erlends dvds
6184,atmospheric
6184,david bowie
6184,hallucinatory
6184,deadpan
6184,deliberate
6184,benign aliens
6184,disappointments
6185,bibliothek
6185,gunfight
6185,erics dvds
6185,avi
6186,likeilike top pick
6187,biografia
6187,condena a muerte
6187,texas
6187,spaceyal
6188,funny
6188,nudity (topless)
6188,funniest movies
6188,quirky
6188,nudity (rear)
6188,seen more than once
6188,olympics
6188,college
6188,will ferrell
6188,watched 2006
6188,luke wilson
6188,friday night movie
6188,fraternity
6188,mature
6192,bibliothek
6192,dogme95
6192,to see
6193,divx1
6195,writers life
6195,books
6196,gratuitous
6196,unbelievable
6196,jet lee
6197,mental illness
6197,interesting
6197,disturbing
6197,understated
6197,meditative
6197,gloomy
6197,hallucinatory
6197,enigmatic
6197,corvallis library
6197,somber
6197,deliberate
6198,not available from netflix
6201,england
6202,corvallis library
6203,los angeles
6203,homeless
6204,superhero
6204,cant remember
6206,less than 300 ratings
6207,sports
6207,football
6208,mst3k
6211,bfi modern classic
6211,disambiguation:ten
6211,disambiguation:10
6212,tv
6212,jacksonville
6213,war
6213,bruce willis
6213,nick chinlund
6213,monica bellucci
6214,male nudity
6214,hard to watch
6214,nudity (full frontal)
6214,rape
6214,nc17
6214,tumeys dvds
6215,los angeles
6215,frances
6216,world war ii
6216,on computer
6216,library
6216,corvallis library
6217,nonlinear
6217,ensemble cast
6217,multiple storylines
6218,funny
6218,great movie
6218,overrated
6218,sports
6218,india
6218,lesbian
6218,soccer
6218,want to see again
6218,love
6218,culture clash
6218,football
6218,teens
6218,predictable
6218,father daughter relationship
6218,womens lib
6218,london
6218,marriage
6218,girls
6218,guilty pleasure
6218,good message
6218,britain
6218,watched 2006
6218,great
6218,indians
6218,thoughtprovoking
6218,library
6218,culture shock
6218,women in sport
6218,sport:soccer football
6218,closeted homosexual
6218,title spoken by character
6218,mother daughter relationship
6218,espy award
6218,female athletes
6218,semigood sports movies
6220,remake
6220,rats
6220,ummarti2006
6220,from kata
6222,owned
6222,lame
6223,drugs
6225,70mm
6226,bleak
6226,earnest
6226,matteroffact
6228,in netflix queue
6229,atmospheric
6229,tumeys dvds
6230,baseball
6230,underrated
6230,belivability
6231,biography
6231,jazz
6232,70mm
6232,lions
6233,remake
6234,id
6234,ohsoso
6234,adapted from:play
6235,holocaust
6235,world war ii
6235,true story
6235,j netflix
6235,nazi
6236,less than 300 ratings
6237,biography
6237,james stewart
6238,immigrants
6238,bibliothek
6238,gerard depardieu
6242,erlends dvds
6242,television
6242,remadeas:the ring (2002)
6242,plot point:television
6242,plot point:videotape
6242,remakeof:ringu (1998)
6244,drugs
6244,india
6244,in netflix queue
6244,pimps
6244,prostitution
6244,singing
6244,runaway
6244,urban
6244,injustice
6244,institutions
6244,brothel
6244,festivals
6244,street children
6244,tea
6245,70mm
6245,prostitution
6245,directorial debut
6245,vday
6247,oscar (best actress)
6247,reflective
6247,sexual
6247,lyrical
6247,svens to see list
6247,sensual
6247,moody
6247,earthy
6250,alien
6250,stephen king
6250,inspirational
6250,morgan freeman
6250,alien invasion
6251,disney animated feature
6251,disney
6251,nikita hopkins
6251,kath soucie
6251,series:pooh
6252,stewardess
6254,oscar (best directing)
6254,classic
6254,screwball
6254,afi 100 (laughs)
6254,oppl
6254,national film registry
6254,tumeys dvds
6255,religion
6255,70mm
6255,based on a book
6255,biblical
6255,tumeys dvds
6255,clv
6256,giallo
6257,fake documentary
6257,svens to see list
6258,criterion
6258,poignant
6258,out for revenge
6258,literate
6258,moody
6260,70mm
6263,samuel l jackson
6264,so bad its funny
6264,awful movie
6264,middle earth
6264,stopped watching
6265,funny
6265,avi
6266,politics
6266,father daughter relationship
6266,seen 2006
6266,recommendz top pick
6266,musicians
6266,morocco
6266,paparazzi
6267,too slow
6268,bittersweet
6268,warm
6268,affectionate
6268,gentle
6268,not corv lib
6268,gritty
6268,sibling relationships
6268,adolescence
6269,child abuse
6269,pedophile
6270,life
6270,childhood
6270,akira kurosawa
6270,on dvr
6270,dreamlike
6270,japan
6270,life in general
6270,growing up
6270,meditative
6270,art
6270,brian
6270,seth
6270,lyrical
6270,latecareer surprise
6270,library vhs
6270,dvdvideo
6270,somber
6270,episodic
6270,aging
6271,easygoing
6271,witty
6271,filmmaking
6271,bittersweet
6271,warm
6271,affectionate
6271,light
6271,betamax
6271,bfi classic
6271,actors life
6271,work ethics
6271,creative block
6272,less than 300 ratings
6273,noir
6273,bogart
6273,writer
6273,marriage
6273,la
6273,humphrey bogart
6273,gloria grahame
6273,based on book
6273,national film registry
6273,library vhs
6273,tumeys dvds
6273,svens to see list
6276,less than 300 ratings
6277,less than 300 ratings
6279,heist
6279,casino
6279,gambling
6281,philip k dick
6281,phone booth
6281,colin farrell
6281,seen at the cinema
6281,forest whitaker
6281,thrilling
6281,kiefer sutherland
6281,(s)vcd
6283,world war ii
6283,anime
6283,adult swim
6283,heroic mission
6283,cynical
6283,great anime film
6283,haunted by the past
6283,bounty hunters
6283,gritty
6283,visceral
6283,good score
6283,unlikely heroes
6283,for kata
6285,morgan freeman
6286,finnish
6286,great use of music
6286,atmospheric
6286,second chance
6286,cameos
6286,good casting
6286,amnesia
6286,deadpan
6286,finland trilogy
6286,jukebox
6287,funny
6287,psychology
6287,pg13
6287,jack nicholson
6287,john turturro
6287,angelina jolies lips
6287,playlist
6287,peter segal
6287,not worth a star
6288,quirky
6288,tense
6288,gangs
6288,paranoid
6288,wry
6289,titanic
6289,submarine
6289,ocean
6289,shipwreck
6290,nudity (rear)
6290,clowns
6291,best movie ever
6291,owned
6291,bibliothek
6291,seen more than once
6291,intimate
6291,understated
6291,prostitution
6291,torent
6291,sexual
6291,melancholy
6291,forceful
6291,seen
6291,loyalty vs betrayal
6291,going west
6291,drab
6291,see: italianetz
6292,less than 300 ratings
6293,on dvr
6293,seen 2008
6294,bullshit history
6294,seann william scott
6294,chow yun fat
6296,quirky
6296,mockumentary
6296,christopher guest
6296,tumeys dvds
6296,folk music
6297,racism
6297,hollywood
6297,black comedy
6297,murder
6297,based on a book
6297,texas
6297,19th century
6297,curse
6297,pg:violence
6297,falsely accused
6297,poison
6297,juvenile deliquent
6297,inventor
6299,animals
6299,owned
6299,seen more than once
6299,france
6299,good documentary
6299,birds
6299,nature
6299,to see
6299,migration
6299,photography
6301,violence
6301,hunting
6301,revenge
6301,tense
6301,disturbing
6301,rape
6301,dustin hoffman
6301,village
6301,vigilante
6301,flashbacks
6301,americans abroad
6301,small town
6301,harsh
6301,out for revenge
6301,rats
6301,ominous
6301,destruction
6301,drinking
6301,rural
6301,farm
6301,pub
6301,visceral
6301,menacing
6301,confrontational
6301,moral ambiguity
6301,misogyny
6301,husbandwife relationship
6301,smalltown life
6301,hiding place
6301,bar
6301,rape & sexual abuse
6301,dangerous friends
6302,mst3k
6303,70mm
6303,based on a book
6303,adapted from:book
6303,silly but good
6303,book
6303,futuristmoviescom
6303,cool but freaky
6303,michael crichton
6303,netwatch
6303,plot point:biomedical danger
6305,dystopia
6305,fascism
6305,bibliothek
6305,based on a book
6305,adapted from:book
6305,futuristmoviescom
6305,dvdr
6305,ray bradbury
6305,julie christie
6305,dvdram
6305,author:ray bradbury
6305,subversive
6308,lawyers
6309,ensemble cast
6309,yuppies
6309,marriage
6309,relationships
6309,independent film
6311,anne hathaway
6315,boring
6316,70mm
6316,black
6316,african american
6316,wizardofoz
6316,disappointments
6319,gerard depardieu
6320,movie theatre
6320,mall
6322,on dvr
6322,twist ending
6322,plot twist
6322,good acting
6322,predictable and unoriginal
6322,con men
6323,serial killer
6323,twist ending
6323,psychology
6323,creepy
6323,john cusack
6323,imaginary friend
6323,tumeys dvds
6323,pittsburgh
6323,rose
6326,gerard depardieu
6327,1970s
6327,to see
6327,movies
6329,less than 300 ratings
6329,don cheadle
6331,documentary
6331,seen more than once
6331,heartwarming
6331,competition
6331,movie to see
6331,recommendz top pick
6331,kate
6331,fun to watch
6331,netflix instant watching
6331,spelling bee
6332,hilary duff
6333,funny
6333,action
6333,sequel
6333,fantasy
6333,based on comic
6333,aviation
6333,superhero
6333,genocide
6333,on disc
6333,scifi
6333,thriller
6333,ensemble cast
6333,violent
6333,owned
6333,dvd
6333,seen more than once
6333,president
6333,amazing fight choreography
6333,comic
6333,marvel
6333,genetics
6333,storm
6333,circus
6333,franchise
6333,super hero
6333,museum
6333,x wing
6333,movie to see
6333,sequels
6333,bryan singer
6333,usa
6333,patrick stewart
6333,futuristmoviescom
6333,based on a comic
6333,halle berry
6333,father son relationship
6333,want it
6333,fatherson relationship
6333,faith
6333,watched 2005
6333,hugh jackman
6333,wheelchair
6333,amnesia
6333,biology
6333,manipulation
6333,silly fun
6333,tumeys dvds
6333,ethic
6333,white house
6333,magneto
6333,teacher
6333,avi
6333,dont remember
6333,twentieth centuryfox
6333,senators
6333,mutants
6333,legislation
6333,tissue regeneration
6334,high school
6334,directorial debut
6334,teachers
6337,gambling
6337,philip seymour hoffman
6337,addiction
6337,phillip seymour hoffman
6338,movie to see
6339,trains
6340,music business
6340,rhythm & blues
6341,art
6341,library
6341,manipulation
6344,library
6345,ensemble cast
6345,70mm
6345,good musicals
6345,betamax
6345,adapted from bway
6346,70mm
6346,rock and roll
6346,mtv
6346,david bowie
6347,betamax
6347,dvdram
6348,betamax
6350,robots
6350,fun
6350,pirates
6350,fantasy
6350,hayao miyazaki
6350,scifi
6350,adventure
6350,great soundtrack
6350,anime
6350,japan
6350,animated
6350,miyazaki
6350,studio ghibli
6350,cant remember
6350,fantasy world
6350,whimsical
6350,flying
6350,steampunk
6350,zibri studio
6350,tumeys dvds
6350,bechdel test:pass (barely)
6350,pelicula anime
6350,far future
6350,sf
6351,uma thurman
6351,hw drama
6354,less than 300 ratings
6357,remake
6357,love triangle
6358,netwatch
6365,dystopia
6365,action
6365,existentialism
6365,virtual reality
6365,superhero
6365,post apocalyptic
6365,keanu reeves
6365,phone booth
6365,car chase
6365,owned
6365,dvd
6365,future
6365,erlends dvds
6365,futuristmoviescom
6365,crappy sequel
6365,own
6365,laurence fishburne
6365,hugo weaving
6365,carrieanne moss
6365,jada pinkett smith
6365,gfei own it
6365,larry wachkowski
6365,cyberpunk
6365,seen at the cinema
6365,human versus computer
6365,hacking
6365,lawrence fishburn
6365,erics dvds
6365,sequels filmed simultaneously
6365,dynamic cgi action
6365,related:the matrix (1999)
6365,avi
6365,epilepsy warning
6365,big budget
6365,from kata
6365,singularity
6365,andy wachowski
6365,mf
6366,gothic
6366,vampire
6366,less than 300 ratings
6366,dvdr
6366,dvdram
6367,retro
6367,60s
6367,renee zellweger
6367,colourful
6368,documentary
6368,to see
6368,quirky subculture
6368,movies
6370,ensemble cast
6370,bibliothek
6370,library
6370,seen
6370,exchange student
6373,funny
6373,comedy
6373,god
6373,fantasy
6373,jim carrey
6373,scifi
6373,amusing
6373,gay
6373,supernatural
6373,bibliothek
6373,classic
6373,seen more than once
6373,religion
6373,jennifer aniston
6373,love story
6373,very funny
6373,united states
6373,powers
6373,morgan freeman
6373,poor dialogue
6373,gods
6373,motivation
6373,comedy of manners
6373,good concept
6373,dont know
6373,decent
6373,sucks big time
6373,ummarti2006
6373,capraesque
6373,hysterical
6373,religion:xian
6373,avi
6373,bruce boxleitner
6373,tom shadyac
6374,remake
6374,below r
6375,in netflix queue
6375,get
6377,funny
6377,fun
6377,cartoon
6377,imdb top 250
6377,disney animated feature
6377,boring
6377,animation
6377,dvd
6377,classic
6377,seen more than once
6377,disney
6377,birds
6377,talking animals
6377,erlends dvds
6377,fish
6377,underwater
6377,own
6377,eric bana
6377,memory loss
6377,fatherson relationship
6377,ocean
6377,seen at the cinema
6377,feel good movie
6377,divx1
6377,dentist
6377,tumeys dvds
6377,my dvds
6377,vivid characters
6377,pixar animation
6377,sydney
6377,orphaned cartoon character
6377,oscar (best animated feature)
6377,mischievous children
6377,my movies
6377,lost child
6378,crime
6378,fun
6378,action
6378,edward norton
6378,heist
6378,chase
6378,on dvr
6378,italian
6378,car chase
6378,action packed
6378,jason statham
6378,twists & turns
6378,remake
6378,cars
6378,caper
6378,afternoon section
6378,brilliant
6378,watched 2006
6378,donald sutherland
6378,charlize theron
6378,gfei own it
6378,adventureous
6378,mark wahlberg
6378,theft
6378,actionpacked
6378,exciting
6378,its alright
6378,no
6378,escapist action
6378,my dvds
6378,pretty good
6378,mafia life
6378,con men
6378,slick adventure
6378,playlist
6378,classic chase scenes
6378,interesting story
6378,cool plot
6379,cannibalism
6380,on computer
6380,courtroom
6380,child abuse
6380,to see
6380,qube
6382,music
6382,violin
6383,cars
6383,crappy sequel
6383,street race
6383,divx1
6383,tattoo
6383,svcd
6385,overrated
6385,boring
6385,drama
6385,new zealand
6385,women
6385,movie to see
6385,coming of age
6385,maori
6385,library
6385,tumeys dvds
6385,appallingly dull
6385,great score
6385,seen
6392,culture clash
6394,less than 300 ratings
6394,john wayne
6395,less than 300 ratings
6395,tense
6395,disturbing
6395,paranoid
6395,dvdr
6395,menacing
6395,confrontational
6395,chilly
6396,francis ford coppola
6396,dvdr
6396,tumeys dvds
6398,70mm
6400,racism
6400,justice
6400,oscar (best documentary feature)
6401,john wayne
6401,remakeof:rio bravo(1958)
6402,less than 300 ratings
6403,less than 300 ratings
6404,satirical
6404,criterion
6404,bittersweet
6404,janus 50
6404,dvdvideo
6405,pirates
6405,disney
6405,based on a book
6405,adapted from:book
6405,erlends dvds
6405,author:robert louis stevenson
6405,disney studios
6407,olympics
6409,less than 300 ratings
6409,jimmy stewart
6410,betamax
6412,james stewart
6412,national film registry
6412,marlene dietrich
6413,70mm
6415,latecareer surprise
6416,claustrophobic
6416,harsh
6416,somber
6416,gritty
6422,james stewart
6422,american civil war
6427,less than 300 ratings
6427,trains
6428,clint eastwood
6428,70mm
6428,ennio morricone
6428,john wayne
6429,genre:western noir
6430,music
6430,on dvr
6430,erlends dvds
6430,concert
6430,library
6430,alter ego
6430,not corv lib
6430,rock concert footage
6430,androgyny
6430,live music
6430,glam rock
6433,black and white
6433,oldschool
6433,experimental
6433,not corv lib
6433,catchy score
6433,soviet
6433,slow motion
6435,world war ii
6435,less than 300 ratings
6435,propaganda
6436,disk
6436,angry
6436,visually appealing
6436,tumeys dvds
6436,washington state
6437,great movie
6437,less than 300 ratings
6439,world war ii
6440,coen brothers
6440,quirky
6440,netflixq
6440,twist
6440,hollywood
6440,disturbing
6440,stylized
6440,writing
6440,golden palm
6440,john goodman
6440,need to own
6440,hallucinatory
6440,library
6440,enigmatic
6440,baffling
6440,writers life
6440,tumeys dvds
6440,clv
6440,writers
6440,menacing
6440,wry
6440,movie business
6440,writers at work
6441,aviation
6441,world war ii
6441,70mm
6441,michael caine
6442,disk
6443,less than 300 ratings
6443,70mm
6443,dvdr
6443,national film registry
6443,dvdram
6446,less than 300 ratings
6447,less than 300 ratings
6448,james stewart
6448,dont remember
6450,robert mitchum
6451,less than 300 ratings
6451,robert redford
6452,orson welles
6452,in netflix queue
6452,tennessee williams
6453,less than 300 ratings
6453,man vs nature
6454,nazis
6454,frightening
6455,john wayne
6457,world war ii
6458,world war i
6458,hulu
6459,world war ii
6459,less than 300 ratings
6459,james mason
6460,orson welles
6460,anthony perkins
6462,70mm
6463,less than 300 ratings
6464,cant remember
6466,in netflix queue
6466,idi amin
6467,on server
6471,vhs
6472,vhs
6473,based on a book
6473,prostitution
6473,intrigue
6474,world war ii
6474,john turturro
6475,cant remember
6476,based on a book
6476,wolfgang petersen
6477,oscar (best actress)
6477,oscar (best cinematography)
6477,vincent price
6482,movie to see
6482,dumb but funny
6483,stupid
6483,hard to watch
6483,reality tv
6483,imdb bottom 100
6484,police
6484,blindfold
6485,tv show
6485,jungle
6485,no plot
6485,wilderness
6485,nature wildlife
6486,netflix
6487,netflix
6490,less than 300 ratings
6492,russian
6497,orson welles
6497,70mm
6498,less than 300 ratings
6498,70mm
6498,peter otoole
6499,j netflix
6500,gothic
6500,vampire
6500,hammer film productions
6502,postapocalyptic
6502,futuristic
6502,on dvr
6502,scifi
6502,post apocalyptic
6502,thriller
6502,want to see again
6502,zombies
6502,scary
6502,zombie movie
6502,cool
6502,stylized
6502,unique
6502,entertaining
6502,london
6502,rage
6502,danny boyle
6502,futuristmoviescom
6502,naomie harris
6502,gfei own it
6502,halloween movie
6502,mmm brains
6502,cillian murphy
6502,facebook rec
6502,dvdvideo
6502,sequelto:28 days later
6502,pseudozombies
6503,dvd
6503,seen more than once
6503,murder
6503,motorcycle
6503,movie to see
6503,super boring
6503,seen at the cinema
6503,setting:la
6503,cameo:bruce willis
6503,privacy
6503,nuns(scene)
6503,witness protection programme
6503,private detective
6503,two hours of suck
6504,lesbian
6506,tense
6506,forceful
6506,rousing
6506,gun fu
6506,hired killers
6508,less than 300 ratings
6509,criterion
6509,meditative
6509,tumeys dvds
6509,somber
6509,visceral
6509,deliberate
6509,confrontational
6509,austere
6509,chilly
6512,70mm
6513,less than 300 ratings
6515,less than 300 ratings
6515,tcm
6515,fugitive
6516,oscar (best actress)
6516,in netflix queue
6519,remade
6520,myth
6522,fishing
6523,baseball
6526,akira kurosawa
6526,japan
6526,library
6528,less than 300 ratings
6530,roman polanski
6530,quirky
6530,paranoid
6530,atmospheric
6530,hallucinatory
6530,claustrophobic
6530,ominous
6530,menacing
6530,wry
6531,less than 300 ratings
6531,legal
6533,bibliothek
6533,screwball comedy
6533,afi 100 (laughs)
6533,madeline kahn
6533,subgenre:screwball
6533,related:bringing up baby (1938)
6533,svens to see list
6534,superhero
6534,military
6534,aircraft
6534,ang lee
6534,boring
6534,male nudity
6534,want to see again
6534,desert
6534,marvel
6534,murder
6534,genetics
6534,father daughter relationship
6534,dogs
6534,transformation
6534,green
6534,rage
6534,muscle
6534,eric bana
6534,fatherson relationship
6534,mad scientist
6534,memories
6534,angry
6534,dvd1
6534,adapted from:comic
6534,dynamic cgi action
6534,helicopters
6534,hula hoop
6534,mutants
6534,animal research
6534,experiments gone awry
6534,tissue regeneration
6534,radiation
6534,subterranean
6534,lust for power
6534,my movies
6535,reese witherspoon
6535,politics
6536,pirates
6536,dreamworks
6536,swashbuckler
6537,robots
6537,time travel
6537,fun
6537,action
6537,nudity (topless)
6537,timetravel
6537,androids
6537,fighting
6537,scifi
6537,arnold
6537,car chase
6537,dvd
6537,nudity (rear)
6537,end of the world
6537,alternate universe
6537,cars
6537,murder
6537,arnold schwarzenegger
6537,motorcycle
6537,television
6537,futuristmoviescom
6537,claire danes
6537,seen at the cinema
6537,divx1
6537,erics dvds
6537,nuclear
6537,artificial intelligence
6537,stopped watching
6537,female warriors
6537,heroine in tight suit
6537,big budget
6537,infernal machine
6537,repetitive
6537,technology run amok
6537,welldone time travel
6537,dumb fun
6538,male nudity
6538,bibliothek
6538,nudity (rear)
6538,france
6538,diary
6538,father daughter relationship
6538,writing
6538,surprise ending
6538,smoking
6538,sexually leaky
6538,writers life
6538,sex scenes
6538,books
6538,drinking
6538,masturbation
6538,lust
6538,whiskey
6538,swimming pool
6538,erotic thriller
6538,desire
6538,gardener
6539,funny
6539,ghosts/afterlife
6539,comedy
6539,johnny depp
6539,action
6539,ghosts
6539,pirates
6539,imdb top 250
6539,suspense
6539,thriller
6539,adventure
6539,owned
6539,seen more than once
6539,disappointing
6539,disney
6539,keira knightley
6539,antihero
6539,predictable
6539,father daughter relationship
6539,afternoon section
6539,geoffrey rush
6539,zombie
6539,cartoonish
6539,memorable characters
6539,own
6539,jack davenport
6539,lee arenberg
6539,jonathan pryce
6539,gfei own it
6539,heroic mission
6539,sword fight
6539,orlando bloom
6539,pirate
6539,kick ass
6539,monkey
6539,curse
6539,want to own
6539,almost favorite
6539,divx1
6539,saturn award (best costumes)
6539,my dvds
6539,swashbuckler
6539,seafaring
6539,slashy
6539,disney studios
6539,forced marriage
6539,undead
6539,captain
6539,rival suitor
6539,sailing ships
6539,cinematographer:dariusz wolski
6540,rio de janeiro
6541,vampires
6541,disappointing
6541,sean connery
6541,alan moore
6541,submarine
6541,pulp
6541,invisible man
6541,leonard nimoy
6541,gfei own it
6541,steampunk
6541,original medium was better
6541,cultural classic
6541,venice
6541,library vhs
6541,my dvds
6541,adapted from:comic
6541,author:alan moore
6541,stephen norrington
6541,explodeytime
6542,russian
6542,antiwar
6542,multinational settings
6545,coming of age
6545,writers at work
6548,bad acting
6548,nudity (topless)
6548,boring
6548,plot holes
6548,divx1
6548,ummarti2007
6550,espionage
6550,parody
6550,john malkovich
6550,related:007 (series)
6552,stephen frears
6552,immigrants
6552,library
6552,immigration
6552,audrey tautou
6552,tumeys dvds
6552,to see
6552,chess
6552,doctors
6552,illegal immigration
6552,blackmail
6554,music
6554,rock
6554,guitar
6554,sex
6554,pregnancy
6554,australia
6554,bands
6554,drugs & music
6554,washed up
6558,cant remember
6558,john hughes
6559,cant remember
6559,rick moranis
6560,gene hackman
6561,satirical
6561,antiwar
6561,nuclear weapons
6563,directorial debut
6564,las vegas
6564,boring
6564,video game adaptation
6564,angelina jolie
6564,computer game
6564,adapted from:game
6564,adventure game
6565,sports
6565,true story
6565,seen more than once
6565,pg13
6565,horses
6565,horse racing
6565,tobey maguire
6565,chris cooper
6565,nice period piece
6565,american dream
6565,afi 100 (cheers)
6565,sport:horse racing
6565,bom
6566,sequel
6566,robert rodriguez
6566,austin
6566,video games
6566,games
6566,robert rodriguiz
6566,danny trejo
6567,crime
6567,drugs
6567,antihero
6567,movie to see
6567,joaquin phoenix
6567,military life
6567,1980s
6567,germany
6567,army
6567,black market
6568,queer
6568,awful awards
6570,nudity (topless)
6570,based on a book
6578,bibliothek
6579,japan
6581,quirky
6581,witty
6581,atmospheric
6581,lavish
6582,martial arts
6583,slow
6583,fighting
6583,less than 300 ratings
6583,underrated
6584,woody allen
6584,erlends dvds
6584,directorial debut
6586,nudity (topless)
6586,sequel
6586,teen
6586,crappy sequel
6586,alyson hannigan
6586,svcd
6587,golden raspberry (worst picture)
6587,golden raspberry (worst actress)
6587,golden raspberry (worst actor)
6587,imdb bottom 100
6588,less than 300 ratings
6591,abuse
6591,owned
6591,true story
6591,religion
6591,punishment
6591,movie to see
6591,notable nudity
6591,historical
6591,catholicism
6591,1960s
6591,venice film festival winner
6591,convent
6591,repression
6591,despair
6591,hypocrisy
6591,degradation
6591,deprivation of freedom
6591,illegitimate child
6592,marriage
6593,psychology
6593,family
6593,switching places
6593,movie to see
6593,lindsay lohan
6593,jamie lee curtis
6593,watched 2005
6593,remadeas:freaky friday(2003)
6593,remakeof:freaky friday (1977)
6593,child as adult
6595,police
6595,action
6595,samuel l jackson
6595,colin farrell
6595,gfei own it
6596,merchantivory
6596,bibliothek
6596,seen
6598,hawaii
6599,austere
6599,downbeat
6599,drab
6599,matteroffact
6601,betamax
6603,oscar (best actor)
6603,othello
6605,less than 300 ratings
6607,based on a book
6607,john steinbeck
6609,understated
6609,compassionate
6609,earnest
6609,cathartic
6609,austere
6609,elegiac
6610,less than 300 ratings
6611,vittorio de sica
6611,imdb top 250
6611,bleak
6611,criterion
6611,meditative
6611,janus 50
6611,poignant
6611,library
6611,tearjerking
6611,lyrical
6611,dvdvideo
6611,suicide attempt
6611,economic depression
6611,unwed mother
6611,downbeat
6611,drab
6612,disability
6612,outsider
6614,keanu reeves
6614,true story
6614,kevin kline
6615,franchise
6615,slasher
6615,watched 2006
6615,ummarti2006
6615,robert englund
6617,owned
6617,based on a book
6617,united states
6617,kevin costner
6617,atmospheric
6617,watched 2006
6617,canada
6617,tumeys dvds
6617,alberta
6617,deliberate
6617,elegiac
6617,autumnal
6617,earthy
6618,sports
6618,china
6618,soccer
6618,martial arts
6618,shark
6618,disk
6618,kung fu
6618,to see
6618,katsomattomat
6618,dynamic cgi action
6620,on computer
6620,boring
6620,romance
6620,want to see again
6620,bibliothek
6620,true story
6620,cancer
6620,weird
6620,spielberg
6620,nerdy
6620,compassionate
6620,unlikely friendships
6620,dvdvideo
6620,comic books
6623,passionate
6624,espionage
6625,christopher lloyd
6626,clv
6629,70mm
6636,road trip
6636,college
6636,subgenre:road trip
6636,us college students
6639,audrey hepburn
6639,to watch soon
6639,blindness
6639,afi 100 (thrills)
6639,frightening
6639,svens to see list
6639,audrey
6639,rewatch for rating
6641,bibliothek
6641,haneke
6643,japan
6643,understated
6643,stylized
6643,tokyo
6643,bittersweet
6643,gmack
6643,gentle
6643,yasujiro ozu
6643,elegiac
6643,noriko trilogy
6643,matteroffact
6644,coincidences
6644,to see
6644,desert island flicks
6645,robots
6645,dystopia
6645,nudity (topless)
6645,eugenics
6645,scifi
6645,classic
6645,cars
6645,medicine
6645,motorcycle
6645,erlends dvds
6645,futuristmoviescom
6645,directorial debut
6645,friday night movie
6645,prophetic
6645,ohsoso
6645,surveillance
6645,consumerism
6645,bald nemesis
6645,degenderization
6645,white
6645,androgyny
6645,buy
6646,nudity (topless)
6646,70mm
6646,cynical
6646,angry
6646,harsh
6646,biting
6646,actors life
6646,ladder to the top
6648,courtesan
6649,forceful
6649,deliberate
6649,austere
6649,wintry
6650,imdb top 250
6650,satirical
6650,witty
6650,family
6650,murder
6650,criterion
6650,irreverent
6650,janus 50
6650,cynical
6650,tumeys dvds
6650,dvdvideo
6650,bfi classic
6650,wry
6650,multiple roles
6651,uninspired
6652,clint eastwood
6656,dvdram
6657,ray bradbury
6658,cult film
6658,betamax
6658,disambiguation:ten
6658,disambiguation:10
6659,cult film
6659,black comedy
6659,unrealistic
6659,silly
6659,monster
6659,gfei own it
6660,stylized
6660,criterion
6660,erlends dvds
6660,passionate
6660,melancholy
6660,poignant
6660,library
6660,ballet
6660,lyrical
6660,j netflix
6660,tumeys dvds
6661,science
6661,physics
6661,florida film festival winner
6662,dvd
6662,seen more than once
6662,torent
6662,friday night movie
6662,peter sellers
6662,want to own
6662,inspector clouseau (series)
6662,clousseau
6663,police
6663,farce
6663,seen more than once
6663,slapstick
6663,peter sellers
6663,doomsday
6663,inspector clouseau (series)
6664,tense
6664,a legend
6664,murder
6664,arnold schwarzenegger
6664,campy
6664,camp
6664,friday night movie
6664,forceful
6664,hostage
6664,earnest
6664,gritty
6664,visceral
6664,menacing
6664,plot point:time is short
6664,rousing
6664,bad guy dresses gay
6664,daring rescues
6665,gothic
6665,vampire
6665,betamax
6666,luis bunuel
6666,satirical
6666,criterion
6666,hallucinatory
6666,deadpan
6666,dvdvideo
6666,betamax
6666,wry
6668,in netflix queue
6668,family bonds
6668,first love
6668,village
6668,quiet
6668,picturesque drama
6668,florida film festival winner
6669,akira kurosawa
6669,japan
6669,life in general
6669,courage
6669,terminal illness
6669,cancer
6669,criterion
6669,underrated piece of genius
6669,bureaucracy
6669,janus 50
6669,poignant
6669,compassionate
6669,disease
6669,lyrical
6669,dvdvideo
6669,cathartic
6669,deliberate
6669,fantastic foreign films
6669,svens favorite films
6669,buddhist
6669,playground
6669,gifts
6669,altruism
6669,legacy
6669,toho
6669,cdon
6671,biopic
6671,new zealand
6671,owned
6671,inspirational
6671,schizophrenia
6671,heartwarming
6671,reflective
6671,compassionate
6671,earnest
6671,clv
6671,poet
6671,biopics
6671,writers at work
6672,journalism
6672,nr
6672,movielens top pick
6672,photography
6672,photographer
6673,not available from netflix
6676,rebellion
6678,dystopia
6678,nudity (topless)
6678,futuristmoviescom
6679,less than 300 ratings
6679,own
6680,sexuality
6680,to see
6680,motherdaughter relationships
6680,labor unions
6681,less than 300 ratings
6681,christian bale
6682,violence
6682,india
6682,racism
6682,sad
6682,independence
6682,islam
6682,class issues
6682,ethics
6683,lesbian
6683,less than 300 ratings
6683,politics
6683,foreign
6683,class issues
6684,italy
6684,based on a book
6684,homosexuality
6684,library
6684,venice
6684,oscar nominee: costume design
6684,epidemic
6684,1910s
6684,cholera
6685,imdb bottom 100
6686,jackie chan
6687,funny
6687,comedy
6689,project greenlight
6690,library
6692,less than 300 ratings
6692,murder
6692,california
6692,80s
6692,christianity
6692,skateboarding
6692,dysfunctional family
6692,europe
6692,jason lee
6697,prison
6698,emmy rossum
6699,netflix
6699,tumeys dvds
6700,infidelity
6701,less than 300 ratings
6701,florida film festival winner
6704,less than 300 ratings
6705,drugs
6705,amazing
6705,true story
6705,very interesting
6705,clubs
6707,nudity (topless)
6708,comedy
6708,nicolas cage
6708,drama
6708,exceptional acting
6708,twist ending
6708,los angeles
6708,based on a book
6708,pg13
6708,father daughter relationship
6708,characters with great depth
6708,ridley scott
6708,seen 2006
6708,sam rockwell
6708,fun movie
6708,watched 2007
6708,based on book
6708,could have been better
6708,uninteresting
6708,psychiatrist
6708,obsessive compulsive disorder
6708,con men
6708,fatherhood
6709,johnny depp
6709,violence
6709,robert rodriguez
6709,antonio banderas
6709,mickey rourke
6709,gfei own it
6709,seen in theater
6709,salma hayek
6709,danny trejo
6710,adrien brody
6711,bill murray
6711,slow
6711,life
6711,on dvr
6711,dvd
6711,seen more than once
6711,japan
6711,sofia coppola
6711,life in general
6711,scarlett johansson
6711,amazing cinematography
6711,reflective
6711,tokyo
6711,urbane
6711,very interesting
6711,very clever
6711,wellmade
6711,amazing soundtrack
6711,bittersweet
6711,atmospheric
6711,super boring
6711,relationships
6711,kate
6711,wistful
6711,poignant
6711,seen at the cinema
6711,sophia coppola
6711,isolation
6711,lyrical
6711,melancholic
6711,oscar nominee: director
6711,ohsoso
6711,nocturnal
6711,most overrated movie ever
6713,satoshi kon
6713,in netflix queue
6713,anime
6713,touching
6717,japan
6717,monastery
6721,wuxia
6721,erics dvds
6721,jet li
6722,wuxia
6722,jet li
6723,wuxia
6723,one of my favorites
6723,jet li
6724,oscar (best supporting actress)
6724,in netflix queue
6724,classic
6724,con men
6724,svens to see list
6725,70mm
6725,steve martin
6726,rare
6726,alzheimers disease
6726,library vhs
6726,to see
6727,tense
6727,disturbing
6727,macabre
6727,want to see
6727,ominous
6727,menacing
6729,merchantivory
6729,poignant
6729,literary adaptation
6729,betamax
6729,clv
6731,vhs
6731,zombies
6731,tense
6731,creepy
6731,paranoid
6731,zombie
6731,claustrophobic
6731,george a romero
6731,menacing
6731,svens to see list
6731,downbeat
6731,my movies
6732,70mm
6732,adapted from bway
6733,john malkovich
6734,invisible
6734,what if
6734,invisibility
6735,70mm
6743,avi
6743,(s)vcd
6744,vampire
6744,vampires
6744,jim carrey
6744,cant remember
6746,mst3k
6746,unintentional comedy
6747,adapted from:book
6747,author:mark twain
6748,betamax
6749,less than 300 ratings
6749,adapted from:book
6749,claude rains
6749,errol flynn
6749,author:mark twain
6749,trading places
6750,woody allen
6750,erlends dvds
6750,just allen
6753,sequel
6753,inspirational
6753,classic
6753,unique
6753,animal movie
6753,haley joel osment
6753,torent
6753,storyinastory
6753,seen 2008
6754,gothic
6754,vampire
6754,bad acting
6754,vampires
6754,interesting
6754,owned
6754,underrated
6754,werewolf
6754,werewolves
6754,fantacy
6754,gfei own it
6754,kate beckinsale
6754,want
6754,my dvds
6754,heroine in tight suit
6755,bruce campbell
6755,jfk
6755,watched 2006
6755,kinda boring
6755,bmovie
6755,mummy
6755,tumeys dvds
6755,ummarti2006
6755,elvis iconography
6756,on dvr
6756,ensemble cast
6756,mexico
6756,baby
6756,adoption
6756,mrs ted danson
6756,imperialism
6756,motherhood
6756,rita moreno
6759,less than 300 ratings
6760,refugee
6761,less than 300 ratings
6761,oppl
6762,gay
6763,comedy
6763,ben stiller
6763,real estate
6764,brazil
6764,below r
6764,russia
6765,italy
6765,lesbian
6765,romance
6765,scenic
6765,strong women
6768,religion
6768,conviction
6768,conscience
6768,below r
6768,katsomattomat
6768,lutheran
6769,quirky
6770,terminal illness
6770,adultery
6770,not corv lib
6770,seen 2008
6772,france
6772,erlends dvds
6772,minds
6772,library
6772,education
6772,rural
6772,teacher as protagonist
6772,teacher
6772,16mm
6772,field trip
6773,mafia
6773,quirky
6773,kidnapping
6773,murder
6773,no dialogue
6773,french
6773,stylized
6773,dogs
6773,train
6773,silent
6773,cycling
6773,whimsical
6773,irreverent
6773,madcap
6773,bicycling
6773,rescue
6773,tumeys dvds
6773,musicians
6773,unlikely heroes
6773,subscription
6773,interesting animation style
6773,bright
6773,daring rescues
6774,surreal
6774,satirical
6774,creepy
6774,television
6774,david cronenberg
6774,cynical
6774,cronenberg
6774,ohsoso
6774,tumeys dvds
6774,ominous
6774,hard to rate (personal)
6774,visceral
6774,plot point:television
6774,svens to see list
6774,unreliable narrators
6774,lurid
6775,capitalism
6775,politics
6775,workplace
6775,jamaica
6775,own
6775,workers
6776,india
6776,bollywood
6776,taped
6777,oscar (best actor)
6777,imdb top 250
6777,exceptional acting
6777,historical
6777,friends should see
6779,adultery
6780,based on a book
6780,adapted from:book
6780,science
6780,own
6780,physics
6781,adapted from:book
6781,remadeas:jacob the liar(1999)
6781,the shoah
6781,author:jurek becke
6782,finnish
6782,satire
6782,quirky
6782,cars
6782,understated
6782,rock and roll
6782,camp
6782,library
6782,deadpan
6782,bands
6782,wry
6782,music business
6782,manager
6782,eccentric families
6782,barber
6782,going west
6782,musicians life
6782,drab
6782,hair
6782,hunger
6782,immigrant life
6782,bar
6782,coffin
6782,abroad
6782,down on their luck
6783,jean renoir
6783,want to see again
6783,witty
6783,criterion
6783,reflective
6783,bittersweet
6783,need to own
6783,melancholy
6783,janus 50
6783,emerson must see
6783,tumeys dvds
6783,dvdvideo
6783,literate
6783,biting
6783,major recutting
6785,70mm
6785,national film registry
6785,lonesome polecat
6786,oscar (best actor)
6786,in netflix queue
6787,biopic
6787,corruption
6787,history
6787,thriller
6787,drama
6787,owned
6787,conspiracy
6787,true story
6787,politics
6787,based on a book
6787,clearplay
6787,adapted from:book
6787,dustin hoffman
6787,journalism
6787,book
6787,terrific cast
6787,usa
6787,gripping
6787,investigation
6787,seen 2006
6787,oscar (best supporting actor)
6787,robert redford
6787,1970s
6787,afi 100 (cheers)
6787,afi 100 (thrills)
6787,engaging
6787,tumeys dvds
6787,betamax
6787,dvd collection
6787,washington dc
6787,republicans
6787,nixon
6787,excellent drama
6788,pregnancy
6790,virtual reality
6790,great cinematography
6791,owned
6791,heartwarming
6791,reflective
6791,erlends dvds
6791,nostalgic
6791,warm
6791,food
6791,earnest
6791,library vhs
6791,yahoo top pick
6791,deliberate
6791,sibling relationships
6791,food/cooking
6791,desert island flicks
6791,eccentric families
6791,elegant
6792,russian
6794,animal:dog
6795,betamax
6796,drama
6796,gangs
6796,ice cube
6796,cant remember
6796,usa
6796,john singleton
6796,directorial debut
6796,national film registry
6796,tumeys vhs
6796,ghetto
6797,las vegas
6797,mafia
6797,gambling
6797,organized crime
6797,ennio morricone
6798,vhs
6798,jodie foster
6798,directorial debut
6798,tumeys dvds
6800,sylvester stallone
6800,70mm
6800,motorcycle
6800,betamax
6800,andy robinson
6801,spanish farce
6803,betamax
6804,sam raimi
6804,less than 300 ratings
6807,satire
6807,comedy
6807,terry gilliam
6807,british comedy
6807,owned
6807,dvd
6807,seen more than once
6807,philosophy
6807,monty python
6807,humor
6807,gilliam
6807,own
6807,terry jones
6807,graham chapman
6807,meaning of life
6807,tumeys dvds
6807,veja
6808,world war ii
6808,clint eastwood
6808,70mm
6808,tumeys dvds
6809,clint eastwood
6810,domestic violence
6812,clint eastwood
6812,70mm
6812,charlie sheen
6813,haunted house
6814,70mm
6815,quirky
6815,nudity (rear)
6815,murder
6815,madcap
6815,ominous
6815,racy
6816,high school
6816,schoolyard fight
6817,adventure
6817,clint eastwood
6818,imdb top 250
6818,wwii
6818,disturbing
6818,bleak
6818,erlends dvds
6818,russian
6818,forceful
6818,poignant
6818,harsh
6818,j netflix
6818,gritty
6818,visceral
6819,forest whitaker
6820,high school
6820,werewolf
6820,werewolves
6820,ummarti2006
6822,ian mckellen
6825,space travel
6827,saturday night live
6827,hw comedy
6827,imdb bottom 100
6830,less than 300 ratings
6830,tcm
6831,gary oldman
6832,harrison ford
6832,annette bening
6832,amnesia
6836,dvdram
6836,invisibility
6840,national film registry
6841,forest whitaker
6842,tense
6842,bleak
6842,intimate
6842,stylized
6842,robert altman
6842,reflective
6842,atmospheric
6842,hallucinatory
6842,claustrophobic
6842,menacing
6842,deliberate
6842,elegant
6842,crumbling marriages
6842,romantic betrayal
6843,gene hackman
6844,netflixbacklist
6845,gary oldman
6847,andy robinson
6849,christmas
6849,70mm
6849,charles dickens
6850,steve martin
6850,revival
6852,brutal
6852,murder
6852,mexico
6852,black and white
6852,truman capote
6852,adapted from:book
6852,death penalty
6852,erlends dvds
6852,author:truman capote
6852,national film registry
6852,tumeys dvds
6852,capote
6856,biopic
6856,oscar (best actor)
6856,theater
6856,walter huston
6856,afi 100
6856,afi 100 (cheers)
6856,afi 100 (movie quotes)
6856,national film registry
6856,patriotic
6857,nicolas cage
6857,ninja
6857,martial arts
6857,anime
6857,samurai
6857,library
6857,katsomattomat
6857,great anime
6858,roman polanski
6858,tense
6858,understated
6858,criterion
6858,erlends dvds
6858,atmospheric
6858,directorial debut
6858,janus 50
6858,library
6858,claustrophobic
6858,polish movie
6858,dvdvideo
6858,confrontational
6859,criterion
6859,netflix top pick
6861,florida film festival winner
6862,ok
6862,angry denzel
6863,funny
6863,overrated
6863,school
6863,music
6863,scifi
6863,funniest movies
6863,dvd
6863,seen more than once
6863,high school
6863,elementary school
6863,rock and roll
6863,for kids
6863,seen at the cinema
6863,hysterical
6863,richard linklater
6863,jbs dvds
6864,the beatles
6867,satirical
6867,want to see again
6867,friendship
6867,cute
6867,depression
6867,village
6867,train
6867,movie to see
6867,phone
6867,special
6867,directorial debut
6867,patricia clarkson
6867,kate
6867,small town
6867,magical
6867,loneliness
6867,charming
6867,dwarf
6867,interesting characters
6867,trains
6867,books
6867,yahoo top pick
6867,librarians
6867,video camera
6867,vertically challenged people
6867,model railroading
6867,midgets
6868,drugs
6868,nudity (full frontal)
6868,80s
6868,pornography
6868,porn stars
6869,brazil
6869,fantastic foreign films
6870,great movie
6870,mystery
6870,oscar (best actor)
6870,imdb top 250
6870,thriller
6870,drama
6870,exceptional acting
6870,twist ending
6870,kidnapping
6870,bibliothek
6870,friendship
6870,family
6870,sean penn
6870,clint eastwood
6870,murder
6870,based on a book
6870,melodrama
6870,cops
6870,okay
6870,usa
6870,humanity
6870,serious
6870,watched 2006
6870,powerful
6870,oscar (best supporting actor)
6870,child abuse
6870,library
6870,based on book
6870,oscar nominee: director
6870,tumeys dvds
6870,dont know
6870,pretty good
6870,dark hero
6870,brilliant film
6870,paedophilia
6870,brutality
6870,do kupienia
6872,worst movie ever
6872,video game adaptation
6872,videogame
6872,campy
6872,computer game
6872,adapted from:game
6872,uwe boll sucks
6872,bollocks
6872,imdb bottom 100
6873,george clooney
6873,seen more than once
6873,black comedy
6873,catherine zetajones
6874,funny
6874,crime
6874,action
6874,violence
6874,quentin tarantino
6874,imdb top 250
6874,revenge
6874,violent
6874,owned
6874,dvd
6874,bibliothek
6874,seen more than once
6874,martial arts
6874,japan
6874,yakuza
6874,stylized
6874,blood
6874,snakes
6874,tarantino
6874,david carradine
6874,uma thurman
6874,okinawa
6874,kid flick
6874,lucy liu
6874,gfei own it
6874,action martialarts revenge
6874,kickbutt women
6874,gory
6874,want to own
6874,tarantino is god
6874,need to buy
6874,uma thruman
6874,saturn award (best actress)
6874,erics dvds
6874,homage
6874,tumeys dvds
6874,michael madsen
6874,my dvds
6874,realistic tough female
6874,o vasilas
6874,visceral
6874,deliberate
6874,el paso
6874,flashy
6874,rza (composer)
6874,mature
6874,whistling
6874,animated segments
6874,mf
6875,less than 300 ratings
6876,bibliothek
6876,tumeys dvds
6876,seen
6877,queer
6877,camp
6879,overrated
6879,boring
6879,courtroom
6879,based on a book
6879,adapted from:book
6879,john cusack
6879,courtroom drama
6879,john grisham
6879,gene hackman
6879,watched 2006
6879,recommendz top pick
6879,overly happy ending
6879,author:john grisham
6879,good plot
6880,serial killer
6880,remake
6880,murder
6881,quirky
6881,japan
6881,family
6881,new york
6881,meh
6881,solidarity
6881,neighbors
6882,time travel
6882,aliens
6882,end of the world
6882,future
6882,alien invasion
6883,nudity (topless)
6883,biography
6883,daniel craig
6883,ohsoso
6883,biopics
6883,writers at work
6884,owned
6884,journalism
6884,cate blanchett
6884,colin farrell
6884,legislation
6885,serial killer
6885,twist ending
6885,new york city
6885,cinematography
6885,tattoos
6885,symbolism
6885,feminist
6885,library
6885,penis in background
6885,masturbation
6885,teacher as protagonist
6885,tattoo
6886,culture
6886,great cast awful movie
6887,ed harris
6887,cuba gooding jr
6887,debra winger
6887,radical
6888,comedy
6888,horror
6888,stupid
6888,parody
6889,disney animated feature
6889,disney
6889,redemption
6889,brotherbrother relationship
6889,movie to see
6889,coming of age
6889,ihq
6890,disturbing
6890,bleak
6890,golden palm
6890,brilliant
6890,powerful
6890,forceful
6890,enigmatic
6890,violence in america
6890,adolescence
6890,austere
6890,cinematographer:harris savides
6892,robert downey jr
6893,dvd
6893,cars
6893,remade
6893,michael caine
6893,theft
6893,need to see
6896,the shoah
6896,svens to see list
6898,drugs
6898,british
6898,bittersweet
6898,forceful
6898,poignant
6898,compassionate
6898,harsh
6898,gritty
6898,drab
6898,matteroffact
6899,mst3k
6899,menahem golan
6900,less than 300 ratings
6902,owned
6902,mindfuck
6902,road trip
6902,gary oldman
6902,netwatch
6902,ummarti2006
6906,based on a book
6906,se hinton
6909,ghosts
6909,remade
6909,blindness
6909,transplants
6909,from kata
6911,70mm
6913,gothic
6913,hammer production
6914,bdsm
6916,mst3k
6918,sequel
6918,india
6918,apu trilogy
6918,setting:india
6918,trilogy:apu
6920,tense
6920,criterion
6920,atmospheric
6920,tumeys dvds
6920,visceral
6921,understated
6921,poignant
6921,earnest
6921,deliberate
6921,downbeat
6924,sherlock holmes
6924,adapted from:book series
6925,sherlock holmes
6925,adapted from:book series
6926,less than 300 ratings
6927,boring
6927,bibliothek
6927,hw drama
6930,less than 300 ratings
6932,on dvr
6932,true story
6932,workplace
6932,ambition
6932,journalism
6932,magazines
6932,twentysomething life
6932,newspaper theme
6932,hw drama
6932,not corv lib
6932,slow and predictable plot
6932,news media
6932,stopped watching
6932,bollocks
6932,lies
6932,news industry
6932,boss
6932,work ethics
6934,robots
6934,dystopia
6934,great movie
6934,revolutionary
6934,action
6934,sequel
6934,fantasy
6934,virtual reality
6934,superhero
6934,martin scorsese
6934,scifi
6934,post apocalyptic
6934,thriller
6934,keanu reeves
6934,phone booth
6934,owned
6934,dvd
6934,action packed
6934,philosophy
6934,future
6934,scifi cult
6934,must see
6934,matrix
6934,neo
6934,futuristmoviescom
6934,crappy sequel
6934,technology
6934,own
6934,jesus
6934,laurence fishburne
6934,hugo weaving
6934,carrieanne moss
6934,jada pinkett smith
6934,gfei own it
6934,larry wachkowski
6934,cyberpunk
6934,not interested
6934,erics dvds
6934,trilogy
6934,future dystopias
6934,sequels filmed simultaneously
6934,dynamic cgi action
6934,hacker
6934,related:the matrix (1999)
6934,computer hacker
6934,avi
6934,poor sequel
6934,big budget
6934,from kata
6934,good sequel
6934,andy wachowski
6934,mf
6935,capitalism
6935,politics
6935,book
6935,coup
6935,nr
6935,own
6935,not available from netflix
6935,media politics
6935,south america
6936,funny
6936,christmas
6936,seen more than once
6936,new york city
6936,cute
6936,new york
6936,elves
6936,holiday
6936,will ferrell
6936,santa claus
6936,movie to see
6936,james caan
6936,jen
6936,mom
6936,dad
6936,kate
6936,erics dvds
6936,jon favreau
6936,zooey deschanel
6936,will ferrel
6938,hawaii
6938,australia
6938,surfing
6938,netflix instant watching
6939,polygamy
6939,cheating
6939,melodrama
6942,on dvr
6942,christmas
6942,ensemble cast
6942,british
6942,multiple storylines
6942,love
6942,family
6942,cute
6942,clearplay
6942,romantic
6942,guilty pleasure
6942,directorial debut
6942,rodrigo santoro
6942,colin firth
6942,liam neeson
6942,hugh grant
6942,watched 2005
6942,allen rickman
6944,comedy
6944,remake
6944,wedding
6944,steve martin
6944,slapstick
6944,decent
6944,father dies
6945,nr (pg)
6945,qube
6946,brendan fraser
6947,overrated
6947,action
6947,england
6947,war
6947,paul bettany
6947,boring
6947,owned
6947,oscar (best cinematography)
6947,based on a book
6947,mascots
6947,movie to see
6947,historical
6947,russell crowe
6947,own
6947,ocean
6947,russel crowe
6947,based on book
6947,oscar nominee: director
6947,seafaring
6947,slashy
6947,peter weir
6947,oscar (best sound editing)
6947,big budget
6948,movie to see
6948,erics dvds
6948,rap
6948,music business
6949,sean bean lives
6950,ron howard
6950,west
6950,blindfold
6951,mike myers
6951,car chase
6951,based on a book
6951,adapted from:book
6951,fish
6951,violently stupid
6951,divx1
6951,cat
6951,crappy remake
6951,author:dr seuss
6951,dr seuss
6952,psychology
6953,on computer
6953,boring
6953,tragedy
6953,drama
6953,owned
6953,bibliothek
6953,psychological
6953,life & death
6953,remake
6953,sean penn
6953,alejandro gonzalez inarritu
6953,realistic
6953,gay cowboy
6953,must see
6953,erlends dvds
6953,benicio del toro
6953,death
6953,bizarre
6953,naomi watts
6953,library
6953,sad but good
6953,erics dvds
6953,tumeys dvds
6953,ummarti2006
6953,seen
6953,limada
6953,cinematographer:rodrigo prieto
6954,torent
6954,library
6954,to see
6956,taiwan
6957,heist
6957,billy bob thornton
6957,funniest movies
6957,christmas
6957,want to see again
6957,surprisingly funny
6957,owned
6957,black comedy
6957,watched 2007
6957,divx1
6957,drunkenness
6957,best comedy
6957,midgets
6958,eddie murphy
6958,harsh
6959,time travel
6959,based on a book
6959,movie to see
6959,futuristmoviescom
6959,michael crichton
6961,nudity (topless)
6961,tv show
6961,england
6961,erotic
6961,male nudity
6961,based on a book
6961,fathers and sons
6961,breakthroughs
6961,dysfunctional family
6961,passion
6961,adultery
6961,melancholy
6961,politicians
6961,library
6961,sex scenes
6961,clv
6961,members of the press
6961,multinational settings
6961,parliament
6961,husbandwife relationship
6961,upper class
6961,grandfather
6961,autumnal
6962,less than 300 ratings
6963,nr
6963,to see
6963,amish
6965,less than 300 ratings
6966,sam raimi
6966,violence
6966,dark comedy
6966,cant remember
6966,superheros
6967,to see
6967,ventriloquist
6969,jean reno
6969,directorial debut
6970,computers
6970,new york city
6970,hepburn and tracy
6970,setting:library
6970,starring:hepburn and tracy
6970,librarians
6971,world war ii
6971,christmas
6971,dreamlike
6971,love
6971,religion
6971,bleak
6971,paranoid
6971,stylized
6971,narrated
6971,meditative
6971,werewolves
6971,atmospheric
6971,germany
6971,idealism
6971,gloomy
6971,hallucinatory
6971,hypnosis
6971,partially black and white
6971,claustrophobic
6971,fatherdaughter relationship
6971,library vhs
6971,trains
6971,priest
6971,groundbreaking
6971,nocturnal
6971,moody
6971,europe trilogy
6971,uncle
6971,postwar
6971,abroad
6971,model railroading
6971,chilly
6972,lesbian
6972,teddy award
6973,bibliothek
6973,uma thurman
6973,psychiatrist
6973,psychiatrist as protagonist
6974,quirky
6975,remade
6975,haneke
6977,bibliothek
6978,easygoing
6978,irreverent
6978,hulu
6978,deadpan
6978,talky
6979,computers
6979,cold war
6979,military
6979,70mm
6979,hackers
6979,futuristmoviescom
6979,get
6979,ai
6979,artificial intelligence
6979,computer cracker
6979,svens to see list
6979,avi
6979,sf
6980,less than 300 ratings
6980,family bonds
6980,youth
6980,would see again
6981,religion
6981,criterion
6982,in netflix queue
6982,criterion
6982,affectionate
6982,janus 50
6982,poignant
6982,earnest
6982,dvdvideo
6982,somber
6982,svens to see list
6982,elegiac
6983,gothic
6983,insanity
6983,orson welles
6983,adapted from:book
6983,19th century
6983,based on book
6983,nanny
6983,netwatch
6983,fire
6984,based on a book
6984,adapted from:book
6984,great adaptations
6984,tumeys dvds
6984,author:charles dickens
6984,charles dickens
6984,playlist
6985,french
6985,criterion
6985,passionate
6985,forceful
6985,poignant
6985,austere
6986,dvd
6986,classic
6986,national film registry
6986,tumeys dvds
6986,sword and sandal
6986,classical studies
6987,surreal
6987,imdb top 250
6987,psychology
6987,murder
6987,erlends dvds
6987,mad scientist
6987,hypnosis
6987,library vhs
6987,j netflix
6987,5 stars
6987,google video
6987,film theory & criticism
6987,bfi classic
6987,carnival
6987,prophecy
6987,trailblazing
6987,insane asylum
6988,boxing
6988,gambling
6988,racism
6988,vhs
6988,classic
6988,religion
6988,buddhism
6988,melodrama
6988,father daughter relationship
6988,idealism
6988,national film registry
6988,library vhs
6988,clv
6988,dvdram
6988,drinking
6988,domestic violence
6988,pieni leffakauppa
6988,racial stereotype
6988,opium
6988,unbelief
6989,action
6989,espionage
6989,adapted from:book
6989,william hurt
6990,notable nudity
6990,hulu
6990,michael crichton
6990,trains
6991,70mm
6991,adapted from:author
6991,cinematographer:john alcott
6992,nicolas cage
6993,woody allen
6993,oscar (best supporting actress)
6993,family
6993,erlends dvds
6993,oscar (best supporting actor)
6993,adultery
6993,need to own
6993,woody allen classic
6993,tumeys dvds
6993,who cares dvds
6995,arnold schwarzenegger
6995,so bad its good
6995,imdb bottom 100
6996,immortality
6996,immortals
6996,crappy sequel
6996,want
6997,70mm
6997,jack nicholson
6997,own
6998,psychology
6998,mother daughter relationship
6999,steve martin
6999,goldie hawn
6999,theme:lying
7000,heist
7000,quirky
7000,bruce willis
7000,silly
7000,campy
7000,goofy
7000,rousing
7000,upbeat
7000,golden raspberry (worst picture)
7000,blindfold
7001,violence
7001,aliens
7001,remake
7001,disturbing
7001,erlends dvds
7001,not corv lib
7001,tumeys dvds
7002,less than 300 ratings
7002,own
7003,conspiracy
7004,comedy
7004,undercover cop
7004,kids fun
7004,arnold schwarzenegger
7004,elementary school
7005,cant remember
7005,john goodman
7005,royalty
7005,universal
7005,kinda slow
7007,70mm
7007,bruce willis
7007,own
7008,bernardo bertolucci
7008,bibliothek
7008,disturbing
7008,urbane
7008,tumeys dvds
7008,haunted by the past
7008,somber
7008,cathartic
7008,deliberate
7008,seen
7008,selfdestructive romance
7009,k movie
7011,almodovar
7011,owned
7011,nc17
7012,related:mr destiny (1990)
7013,imdb top 250
7013,dreamlike
7013,creepy
7013,stylized
7013,erlends dvds
7013,atmospheric
7013,robert mitchum
7013,shelley winters
7013,eerie
7013,hulu
7013,lyrical
7013,charles laughton
7013,afi 100 (thrills)
7013,national film registry
7013,not corv lib
7013,hw classics
7013,j netflix
7013,tumeys dvds
7013,ominous
7013,hunt
7013,hanging
7013,preacher
7013,love/hate
7013,bfi classic
7013,menacing
7014,jeanclaude van damme
7016,70mm
7016,father son relationship
7016,sports competition
7016,obscure sports
7016,70mm blowup
7016,menahem golan
7017,terrorism
7017,airplane hijacking
7018,courtroom
7018,language
7018,harrison ford
7018,court
7018,adultery
7019,monkey
7020,nudity (topless)
7020,notable nudity
7020,russell crowe
7020,hugo weaving
7020,blindness
7020,liz should see
7022,satire
7022,survival
7022,school
7022,game
7022,martial arts
7022,japan
7022,goretastic
7022,hot girls
7022,basketball
7022,takeshi kitano
7022,controversial
7022,exploitation
7022,punishment
7022,erlends dvds
7022,explosions
7022,weapons
7022,hard to rate
7022,savage
7022,splatter
7022,to see
7022,surveillance
7022,ummarti2006
7022,anomie
7022,sourcelight top pick
7022,trust no one
7022,teacher
7022,field trip
7022,friends
7022,dream sequence
7023,painter
7023,ang lee
7023,in netflix queue
7023,gay
7023,realistic
7023,fathers and sons
7023,wedding
7023,breakthroughs
7023,heart problems
7023,motherson relationship
7023,library vhs
7023,motherhood
7023,cultural customs and traditions
7023,closeted homosexual
7023,arranged marriages
7023,facades
7023,parents
7024,torture
7024,disturbing
7024,bleak
7024,criterion
7024,bfi modern classic
7024,harsh
7024,confrontational
7024,sadism
7024,lurid
7025,world war ii
7025,in netflix queue
7025,legenda ptbr
7027,70mm
7028,bank robbery
7028,hostage crisis
7029,creepy
7029,macabre
7029,sexual
7029,gruesome
7029,lurid
7029,chilly
7030,get
7032,revenge
7032,forgettable
7033,infidelity
7033,adultery
7034,school
7034,lesbian
7034,stereotypes
7034,quirky
7034,gay
7034,bibliothek
7034,seen more than once
7034,friendship
7034,bullying
7034,glbt
7034,realistic
7034,teen
7034,sexuality
7034,prejudice
7034,sad
7034,homosexuality
7034,social commentary
7034,bittersweet
7034,strong
7034,special
7034,coming of age
7034,teenagers
7034,seen at the cinema
7034,virginity
7034,compassionate
7034,wheelchair
7034,small town
7034,birthday
7034,kiss
7034,provocative
7034,library vhs
7034,movielens quickpick
7034,disability
7034,wry
7034,secrets
7034,adolescence
7034,sister sister relationship
7034,closeted homosexual
7034,mother daughter relationship
7034,seen
7034,smalltown life
7034,sexual awakening
7034,degenderization
7034,drab
7034,discrimination
7034,otherness
7034,teddy award
7034,abjection
7034,teenage girl
7035,violence
7035,70mm
7035,motorcycle
7035,chicago
7035,showdown
7035,abduction
7036,high school
7036,werewolves
7036,michael j fox
7036,penis in background
7038,holly hunter
7038,cameron diaz
7038,glenn close
7038,valeria golino
7042,ohsoso
7043,jeanluc godard
7043,bleak
7043,reflective
7043,urbane
7043,melancholy
7043,compassionate
7044,david lynch
7044,nicolas cage
7044,black comedy
7044,based on a book
7044,erlends dvds
7044,golden palm
7044,library
7044,tumeys dvds
7044,wild and fresh
7044,my movies
7045,based on a book
7045,witch
7045,based on book
7046,seen more than once
7046,70mm
7046,adapted from:book
7046,very funny
7046,jack nicholson
7046,witch
7046,witches
7047,action
7047,70mm
7047,melodrama
7048,funniest movies
7048,tim robbins
7048,martin lawrence
7049,astaire and rogers
7050,clv
7050,astaire and rogers
7051,less than 300 ratings
7051,corvallis library
7052,katherine hepburn
7053,less than 300 ratings
7053,astaire and rogers
7054,classic
7054,based on a book
7054,adapted from:book
7055,national film registry
7055,astaire and rogers
7056,good action
7056,national film registry
7056,tumeys dvds
7057,less than 300 ratings
7057,oscar (best cinematography)
7058,classic
7058,family
7059,oscar (best supporting actress)
7059,horses
7059,mickey rooney
7059,elizabeth taylor
7059,angela lansbury
7059,afi 100 (cheers)
7059,national film registry
7060,musical
7060,religion
7060,70mm
7060,based on a book
7060,rock and roll
7060,kitsch
7060,biblical
7060,religious
7060,hw drama
7060,library vhs
7060,adapted from bway
7060,andrew lloyd webber
7061,terminal illness
7061,afi 100 (cheers)
7061,bette davis
7062,prison
7062,birds
7062,thelma ritter
7062,burt lancaster
7062,afi 100 (cheers)
7063,werner herzog
7063,tense
7063,stylized
7063,harsh
7063,netwatch
7063,ohsoso
7063,tumeys dvds
7063,betamax
7063,el dorado
7063,svens to see list
7063,megalomania
7063,klaus kinski
7064,imdb top 250
7064,stylized
7064,fairy tale
7064,sweet
7064,criterion
7064,erlends dvds
7064,atmospheric
7064,eerie
7064,janus 50
7064,lyrical
7064,dvdvideo
7064,cav
7064,subgenre:fairy tale
7064,fanciful
7064,jean cocteau
7065,racism
7065,black and white
7065,afi 100
7065,national film registry
7065,film theory & criticism
7066,communism
7066,movielens top pick
7066,library vhs
7066,kite
7067,fantasy life
7067,federico fellini
7067,italian
7067,dreamlike
7067,stylized
7067,criterion
7067,whimsical
7067,hallucinatory
7067,fanciful
7068,stylized
7068,cerebral
7068,erlends dvds
7068,eerie
7068,hallucinatory
7068,enigmatic
7068,facebook rec
7068,deliberate
7068,moody
7068,elegant
7068,just didnt get it
7069,roman polanski
7069,in netflix queue
7069,shakespeare
7069,marriage
7069,own
7069,based on a play
7069,playwright:shakespeare
7069,adapted from:play
7069,svens to see list
7069,tumeys to see again
7070,good music
7070,john wayne
7070,emerson must see
7070,national film registry
7071,in netflix queue
7071,tense
7071,bleak
7071,intimate
7071,forceful
7071,poignant
7071,claustrophobic
7071,national film registry
7071,somber
7071,cathartic
7071,svens to see list
7072,remade
7072,oscar (best supporting actor)
7072,afi 100
7072,bfi classic
7073,afi 100 (laughs)
7073,peter sellers
7073,inspector clouseau (series)
7073,clousseau
7074,buster keaton
7074,afi 100 (laughs)
7074,dvdvideo
7075,medieval
7075,england
7075,danny kaye
7075,movie to see
7075,fencing
7075,afi 100 (laughs)
7075,basil rathbone
7075,national film registry
7075,swashbuckler
7075,midgets
7075,sure thing
7076,car chase
7076,tense
7076,steve mcqueen
7076,tivo
7076,cynical
7076,forceful
7076,afi 100 (thrills)
7076,national film registry
7076,tumeys dvds
7076,somber
7076,gritty
7076,matteroffact
7077,rare
7077,library vhs
7078,oscar (best actress)
7078,oscar (best supporting actress)
7078,bette davis
7078,top ten
7079,torture
7079,murder
7079,black and white
7079,adapted from:book
7079,disability
7079,author:victor hugo
7079,deformity/disability
7080,based on a book
7080,black and white
7080,afi 100 (movie quotes)
7080,national film registry
7080,tumeys dvds
7081,less than 300 ratings
7082,classic
7082,cary grant
7082,doris day
7082,oppl
7084,woody allen
7084,erlends dvds
7084,need to own
7085,less than 300 ratings
7085,classic
7085,doris day
7086,in netflix queue
7086,adapted from:book
7086,criterion
7086,janus 50
7086,dvdvideo
7086,adapted from:play
7086,george bernard shaw
7086,stage
7087,oscar (best supporting actress)
7087,adapted from:book
7087,literary adaptation
7087,em forster
7087,author:e m forster
7088,in netflix queue
7088,70mm
7088,criterion
7088,bittersweet
7088,atmospheric
7088,golden palm
7088,passionate
7088,updated classics
7088,janus 50
7088,compassionate
7088,lyrical
7088,dvdvideo
7089,federico fellini
7089,satirical
7089,quirky
7089,owned
7089,dreamlike
7089,criterion
7089,nostalgic
7089,warm
7089,betamax
7089,smalltown life
7089,eccentric families
7089,totalitarian states
7089,mischievous children
7090,heist
7090,violence
7090,china
7090,yimou zhang
7090,imdb top 250
7090,in netflix queue
7090,amazing photography
7090,dvd
7090,martial arts
7090,atmospheric
7090,gfei own it
7090,passionate
7090,kate
7090,need to own
7090,lavish
7090,jet lee
7090,propaganda
7090,culture
7090,kickbutt women
7090,wuxia
7090,lyrical
7090,visually appealing
7090,colourful
7090,erics dvds
7090,not corv lib
7090,surrealpanos
7090,jet li
7090,lots of kicking
7090,obejrzane
7090,deception
7091,football
7091,afi 100 (laughs)
7091,slapstick
7091,marx brothers
7091,absurd
7091,speakeasy
7092,guilt
7092,classic
7092,adapted from:book
7092,19th century
7092,train
7092,dance
7092,horse racing
7092,opera
7092,adultery
7092,sentimental
7092,dated
7092,siblings
7092,army
7092,motherson relationship
7092,venice
7092,russia
7092,institutions
7092,high society
7092,author:leo tolstoy
7092,love triangles
7092,gossip
7092,liars
7092,jealousy
7092,morals
7092,aristocracy
7092,unhappy marriage
7092,separation
7092,society
7093,less than 300 ratings
7096,movie to see
7096,artists
7099,fantasy
7099,postapocalyptic
7099,war
7099,hayao miyazaki
7099,scifi
7099,adventure
7099,tense
7099,anime
7099,japan
7099,miyazaki
7099,studio ghibli
7099,jonossa
7099,stylized
7099,narrated
7099,fantasy world
7099,horst
7099,earnest
7099,zibri studio
7099,my dvds
7099,ummarti2006
7099,dystopic future
7099,pelicula anime
7099,far future
7099,sf
7099,earthy
7099,myazaki
7101,boring
7101,notable nudity
7101,michael j fox
7102,police
7102,tom hanks
7102,not very good
7102,parody
7102,betamax
7102,subgenre:cop buddies
7104,cult film
7104,70mm
7104,friday night movie
7104,betamax
7104,cav
7104,do kupienia
7104,disappointments
7107,albino
7107,dwarf
7108,jackie chan
7109,less than 300 ratings
7109,john malkovich
7109,library vhs
7111,oscar (best cinematography)
7111,70mm
7111,sweeping
7111,atmospheric
7111,oscar (best supporting actor)
7111,robert mitchum
7111,lavish
7111,tearjerking
7111,downbeat
7111,jmq
7112,less than 300 ratings
7113,magical realism
7114,kidnapping
7114,based on a book
7115,italian
7115,creepy
7115,stylized
7115,atmospheric
7115,giallo
7115,menacing
7115,dario argento
7115,lurid
7116,imdb top 250
7116,criterion
7116,erlends dvds
7116,to see
7117,awesinine
7118,space
7118,anime
7118,alternate world
7118,directorial debut
7118,ambitious
7118,to see
7118,space program
7119,new york city
7119,walked out during screening
7120,exploitation
7120,werewolf
7121,courtroom
7121,spencer tracy
7121,afi 100 (laughs)
7121,hepburn and tracy
7121,katherine hepburn
7121,national film registry
7121,vday
7121,dvd collection
7121,courtroom setting
7121,starring:hepburn and tracy
7123,drugs
7123,dreamlike
7123,based on a book
7123,disturbing
7123,paranoid
7123,adapted from:book
7123,weird
7123,sexual
7123,hallucinatory
7123,library
7123,cronenberg
7123,hulu
7123,ohsoso
7123,deliberate
7124,drugs
7124,own
7125,less than 300 ratings
7125,gay
7125,not interested
7125,new age
7126,less than 300 ratings
7126,bleak
7126,cynical
7126,downbeat
7126,drab
7128,futuristmoviescom
7128,doomsday
7128,hg wells
7128,sf
7130,oscar (best actress)
7130,witty
7130,ironic
7130,urbane
7130,irreverent
7130,cynical
7130,biting
7130,wry
7130,svens to see list
7132,opera
7132,afi 100 (laughs)
7132,national film registry
7132,corvallis library
7132,marx brothers
7134,postapocalyptic
7134,criterion
7134,directorial debut
7134,europe trilogy
7135,gangster
7135,francois truffaut
7135,quirky
7135,witty
7135,criterion
7135,bittersweet
7135,melancholy
7135,affectionate
7135,tumeys dvds
7135,new wave
7135,moody
7136,easygoing
7136,sweet
7136,warm
7136,twentysomething life
7136,light
7136,lyrical
7136,dvdvideo
7136,age disparity romance
7136,bright
7136,summery
7137,casino
7137,gambling
7137,maria bello
7137,netflixbacklist
7139,immigrants
7139,want to see again
7139,movie to see
7139,tumeys dvds
7139,irish
7139,mourning
7139,likeilike top pick
7139,grieving
7139,immigrant life
7141,in netflix queue
7141,less than 300 ratings
7141,to see
7141,disability
7141,florida film festival winner
7142,honor
7142,hip hop
7142,dance
7142,jessica alba
7143,tom cruise
7143,new zealand
7143,martial arts
7143,japan
7143,samurai
7143,honor
7143,colonialism
7143,rebellion
7143,historical
7143,ken watanabe
7143,want it
7143,sword fight
7143,watched 2005
7143,divx
7143,erics dvds
7143,edward zwick
7143,lawyers
7143,r:strong graphic battles
7143,tribal
7143,very well done
7143,cavalry charge
7143,japanese culture
7143,homelist1
7147,surreal
7147,action
7147,surrealism
7147,fantasy
7147,life
7147,fantasy life
7147,coen brothers
7147,tim burton
7147,imdb top 250
7147,quirky
7147,male nudity
7147,romance
7147,fairy tales
7147,adventure
7147,drama
7147,twist ending
7147,bibliothek
7147,nudity (rear)
7147,heartwarming
7147,dreamlike
7147,modern fantasy
7147,cute
7147,based on a book
7147,fathers and sons
7147,ewan mcgregor
7147,stylized
7147,predictable
7147,family bonds
7147,witch
7147,college
7147,reflective
7147,circus
7147,sad
7147,dream
7147,erlends dvds
7147,fish
7147,giant
7147,ring
7147,bittersweet
7147,death
7147,whimsical
7147,weird
7147,coming of age
7147,albert finney
7147,sentimental
7147,below r
7147,fatherson relationship
7147,thoughtprovoking
7147,what is happiness
7147,korean war
7147,helena bonham carter
7147,colourful
7147,dvdvideo
7147,salesmen
7147,twins
7147,flowers
7147,generations
7147,past lives
7147,danny elfman score
7147,smalltown life
7147,storytelling
7147,estrangement
7147,alabama
7147,journey of selfdiscovery
7147,fanciful
7147,playlist
7147,conjoined twins
7147,wierd story
7147,circuses and carnivals
7149,keanu reeves
7149,jack nicholson
7149,notable nudity
7149,keanu reaves
7149,watched 2007
7150,matt damon
7150,greg kinnear
7151,painter
7151,boring
7151,scarlett johansson
7151,based on a book
7151,costume drama
7151,painting
7151,colin firth
7151,period piece
7151,17th century
7151,visually appealing
7151,colourful
7151,gossip
7151,likeilike top pick
7151,artists
7151,jealousy
7151,maid
7151,netherlands
7151,camera obscura
7151,dreamer
7151,class society
7151,art patron
7152,dark
7152,nudity
7152,based on a book
7152,hw drama
7153,overrated
7153,oddly moving
7153,action
7153,oscar (best directing)
7153,fantasy
7153,fighting
7153,war
7153,oscar (best picture)
7153,imdb top 250
7153,boring
7153,high fantasy
7153,adventure
7153,peter jackson
7153,new zealand
7153,oscar
7153,owned
7153,dvd
7153,seen more than once
7153,tense
7153,too long
7153,love
7153,epic
7153,based on a book
7153,cool
7153,adapted from:book
7153,stylized
7153,sweeping
7153,must see
7153,cgi
7153,franchise
7153,elves
7153,fantasy world
7153,ring
7153,movie to see
7153,scenic
7153,cate blanchett
7153,atmospheric
7153,own
7153,elijah wood
7153,viggo mortensen
7153,john rhysdavies
7153,sean bean
7153,hugo weaving
7153,want it
7153,lavish
7153,orlando bloom
7153,seen at the cinema
7153,ian mckellen
7153,david wenham
7153,billy boyd
7153,ian holm
7153,sean astin
7153,andy serkis
7153,miranda otto
7153,karl urban
7153,dominic monaghan
7153,bernard hill
7153,earnest
7153,literary adaptation
7153,divx1
7153,saturn award (best makeup)
7153,saturn award (best music)
7153,oscar (best makeup)
7153,saturn award (best writing)
7153,erics dvds
7153,read book first
7153,tumeys dvds
7153,long
7153,ominous
7153,trilogy
7153,author:j r r tolkein
7153,sequels filmed simultaneously
7153,tolkein
7153,dynamic cgi action
7153,slashy
7153,first
7153,middle earth
7153,myth
7153,stirring
7153,awesome soundtrack
7153,likeilike top pick
7153,rousing
7153,king
7153,big budget
7153,gardener
7153,life choices
7153,cavalry charge
7153,sean bean dies
7154,idiotic
7154,school
7154,on dvr
7154,julia roberts
7154,good romantic comedies
7154,chick flick
7154,predictable
7154,college
7154,kirsten dunst
7154,emotional
7154,marcia gay harden
7154,julia stiles
7154,maggie gyllenhaal
7154,school drama
7154,strong women
7154,sentimental
7154,great cast
7154,made me cry
7154,library vhs
7154,playlist
7155,nudity (topless)
7155,true story
7155,nudity
7155,helen mirren
7155,cancer
7155,movie to see
7155,watched 2007
7156,vietnam war
7156,military
7156,vietnam
7156,erlends dvds
7156,movie to see
7156,to see
7156,dont remember
7156,oscar (best documentary feature)
7157,jewish
7157,parody
7157,blaxploitation
7158,overrated
7158,on dvr
7158,based on a book
7158,watched 2006
7158,real estate
7158,heartbreaking
7158,seen 2008
7158,house
7160,crime
7160,serial killer
7160,nudity (topless)
7160,oscar (best actress)
7160,dark
7160,depressing
7160,true story
7160,prostitution
7160,movie to see
7160,brilliant
7160,disk
7160,directorial debut
7160,christina ricci
7160,charlize theron
7160,library
7160,erics dvds
7161,bonnie hunt
7161,steve martin
7161,hilary duff
7161,k movie
7162,nudity (topless)
7162,oscar (best supporting actress)
7162,philip seymour hoffman
7162,bibliothek
7162,depressing
7162,jude law
7162,anthony minghella
7162,love story
7162,based on a book
7162,nicole kidman
7162,court
7162,historical
7162,great acting
7162,donald sutherland
7162,well done
7162,watched 2005
7162,want to own
7162,american civil war
7162,literature
7162,renee zellweger
7162,my movies
7162,raw
7163,philip k dick
7163,bibliothek
7163,based on a book
7163,adapted from:book
7163,payne
7163,uma thurman
7163,ben affleck
7163,aaron eckhart
7163,author:philip k dick
7164,peter bogdanovich
7164,based on a book
7164,fantastic
7164,adapted from:book
7164,jason isaacs
7164,corvallis library
7164,peter pan
7164,jm barrie
7165,robert altman
7165,dance
7166,imax
7167,nudity (topless)
7167,less than 300 ratings
7168,ohsoso
7169,president
7169,cute
7169,secret service
7169,europe
7170,anthony anderson
7173,philip seymour hoffman
7173,bibliothek
7173,girlie movie
7173,jennifer aniston
7173,ben stiller
7174,television
7174,bad movie
7175,motorcycle
7176,intimate
7176,melancholy
7176,gloomy
7176,poignant
7177,disk
7177,library
7177,culture
7178,based on a book
7178,adapted from:book
7179,adapted from:book
7179,book
7180,less than 300 ratings
7181,less than 300 ratings
7181,tense
7181,oscar (best cinematography)
7181,disturbing
7181,talky
7181,literate
7181,downbeat
7184,based on a play
7184,tennessee williams
7187,robert altman
7189,imdb bottom 100
7190,classic
7190,adapted from:book
7193,explosions
7193,harlin
7193,andrew dice clay
7193,golden raspberry (worst picture)
7193,golden raspberry (worst actor)
7194,less than 300 ratings
7195,tcm
7196,less than 300 ratings
7197,less than 300 ratings
7197,terrorism
7197,airplane hijacking
7199,less than 300 ratings
7199,englishlanguage millenial comedies
7201,less than 300 ratings
7201,gerard depardieu
7202,zombies
7204,jack nicholson
7204,motorcycle
7205,less than 300 ratings
7205,sean connery
7205,70mm
7205,candice bergen
7206,satirical
7206,witty
7206,cars
7206,criterion
7206,dogs
7206,jacques tati
7206,modern
7206,light
7206,library
7206,factory
7206,deadpan
7206,neighbors
7206,maid
7206,juxtaposition
7206,boss
7206,uncle
7206,man versus machine
7206,house
7206,my movies
7208,adapted from:book
7208,erlends dvds
7208,dvdr
7208,alter ego
7208,not corv lib
7208,dvdram
7209,netflixq
7209,witty
7209,stylized
7209,criterion
7209,whimsical
7209,jacques tati
7209,affectionate
7209,janus 50
7209,light
7209,dvdvideo
7209,vacation romances
7209,my movies
7210,national film registry
7211,oppl
7212,witty
7212,cross dressing
7212,cary grant
7212,irreverent
7212,light
7212,talky
7212,men in drag
7215,funny
7215,howard hawks
7215,based on a book
7215,adapted from:book
7215,bogart & bacall
7215,afi 100 (movie quotes)
7215,tumeys dvds
7215,vday
7215,related:rio bravo
7215,related:only angels have wings
7215,author:ernest hemingway
7215,ernest hemingway
7216,humphrey bogart
7217,noir
7217,atmospheric
7217,bogart & bacall
7217,humphrey bogart
7217,gloomy
7217,amnesia
7217,out for revenge
7217,haunted by the past
7217,nocturnal
7217,moody
7217,amateur sleuths
7218,imdb top 250
7218,in netflix queue
7218,western
7218,national film registry
7221,frank capra
7222,cult film
7222,cult classic
7223,national film registry
7225,arnold
7225,bodybuilding
7225,muscle
7226,samuel l jackson
7227,less than 300 ratings
7228,vhs
7228,animation
7228,noir
7228,amateur detective
7229,hw drama
7232,india
7232,merchantivory
7232,atmospheric
7234,federico fellini
7234,italian
7234,bleak
7234,stylized
7234,criterion
7234,circus
7234,sentimental
7234,melancholy
7234,janus 50
7234,poignant
7234,library vhs
7234,corvallis library
7234,dvdvideo
7234,old classic
7235,quirky
7235,tense
7235,extremely violent
7235,disturbing
7235,stylized
7235,ironic
7235,takashi miike
7235,forceful
7235,splatter
7235,tumeys dvds
7235,confrontational
7236,dystopia
7236,postapocalyptic
7236,animal:dog
7236,sentient dog
7238,disturbing
7238,bleak
7238,criterion
7238,not available from netflix
7238,janus 50
7238,lyrical
7238,dvdvideo
7238,somber
7238,wry
7238,confrontational
7238,downbeat
7239,70mm
7241,polish movie
7242,dvdvideo
7242,betamax
7243,usa film registry
7243,epic
7243,hdtv
7243,afi
7243,national film registry
7244,mst3k
7244,unintentional comedy
7244,tumeys dvds
7244,imdb bottom 100
7245,mst3k
7245,tumeys dvds
7247,funny
7247,music
7247,classic
7247,family
7247,musical
7247,70mm
7247,based on a book
7247,movie to see
7247,single father
7247,dick van dyke
7247,child abuse
7247,en katsonut loppuun
7247,betamax
7247,independent film
7247,screenwriter:roald dahl
7247,author:ian fleming
7247,gadget car
7247,inventor
7248,library
7248,siam
7251,less than 300 ratings
7253,national film registry
7254,time travel
7254,memory
7254,drama
7254,mathematics
7254,psychology
7254,math
7254,scary
7254,alternate reality
7254,get
7254,own
7254,amy smart
7254,ashton kutcher
7254,terrifying
7254,watched 2005
7254,hypnosis
7254,asylum
7254,erics dvds
7254,my dvds
7254,alternate endings
7254,dont remember
7254,pedophile
7254,great script
7254,journal writing
7254,mental health
7254,fortunetelling
7254,buy
7255,bibliothek
7256,survival
7256,true story
7256,disturbing
7256,unique
7256,movie to see
7256,scenic
7256,mountain climbing
7256,nature
7256,to see
7256,mountains
7257,vinnie jones
7257,great cast awful movie
7258,funny
7259,black
7259,hip hop
7259,imdb bottom 100
7260,less than 300 ratings
7260,low budget
7260,los angeles
7260,religion
7260,gay lead character
7260,mormon
7260,comedy romance
7260,teddy award
7263,sports
7263,underdogs
7263,olympics
7263,kurt russell
7263,milla jovovich
7263,usa
7263,seen 2006
7263,1980s
7263,patricia clarkson
7263,1970s
7263,forceful
7263,hockey
7263,earnest
7263,hw drama
7263,yahoo top pick
7263,stirring
7263,espy award
7263,rousing
7263,obsessive quests
7263,matteroffact
7265,bernardo bertolucci
7265,bibliothek
7265,incest
7265,michael pitt
7265,sexual
7265,library
7265,nc17
7265,dvdvideo
7265,seen
7265,for katie
7265,activism
7272,tense
7272,blaxploitation
7272,wired 50 greatest soundtracks
7272,notable soundtrack
7272,forceful
7272,gritty
7272,confrontational
7272,grim
7275,blaxploitation
7276,trash
7277,less than 300 ratings
7279,less than 300 ratings
7280,blaxploitation
7281,blaxploitation
7282,spoof
7282,rare
7282,library
7285,drugs
7285,thriller
7285,drama
7285,scary
7285,teen
7285,well done
7285,adolescence
7285,great script
7286,hal hartly
7288,less than 300 ratings
7288,national film registry
7290,harold lloyd
7292,robin williams
7292,incoherent
7292,eddie murphy
7292,betamax
7293,funny
7293,romance
7293,drew barrymore
7293,owned
7293,pg13
7293,enjoyed despite myself
7293,memory loss
7293,adam sandler
7293,50 cent
7293,amnesia
7294,president
7294,romcom
7294,election
7294,movie to see
7294,gene hackman
7297,quirky
7297,understated
7297,atmospheric
7297,kitchen
7297,deadpan
7297,dani2006
7297,unlikely friendships
7297,ummarti2006
7297,wry
7297,smalltown life
7299,heartwarming
7299,fathers and sons
7299,sweet
7299,atmospheric
7299,warm
7299,sentimental
7299,fatherson relationship
7299,based on book
7299,unlikely friendships
7299,inauthentic
7300,car chase
7300,dvd
7300,cars
7301,religion
7301,bleak
7301,intimate
7301,reflective
7301,meditative
7301,gloomy
7301,earnest
7301,priest
7301,austere
7302,fantasy
7302,adventure
7302,silent
7302,national film registry
7302,dvdvideo
7303,oscar (best supporting actress)
7303,true story
7303,oscar (best cinematography)
7303,adapted from:book
7303,library
7303,netwatch
7303,afi 100 (cheers)
7303,the shoah
7304,legenda ptbr
7304,classical music
7305,vhs
7307,medieval
7307,rape
7307,rutger hauer
7307,paul verhoeven
7308,adventure
7308,pulp
7309,less than 300 ratings
7309,national film registry
7309,dvdvideo
7309,swashbuckler
7310,arnold schwarzenegger
7311,oscar (best actor)
7311,war
7311,adapted from:book
7311,hw classics
7311,tumeys dvds
7311,teacher as protagonist
7311,professor
7313,nicolas cage
7313,arizona
7313,helicopters
7314,florida film festival winner
7315,boxing
7315,dumb but funny
7316,k movie
7317,comedy
7317,owned
7317,road trip
7317,seen 2006
7317,mimes
7318,boring
7318,violent
7318,owned
7318,bloody
7318,religion
7318,based on a book
7318,christian
7318,very well made
7318,past life
7318,biblical
7318,monica bellucci
7318,watched 2007
7318,erics dvds
7318,androgyny
7318,buy
7320,chick flick
7321,police
7321,samuel l jackson
7321,ashley judd
7323,cold war
7323,drama
7323,seen more than once
7323,family bonds
7323,communism
7323,historical
7323,1980s
7323,kate
7323,1970s
7323,german movie
7323,corvallis library
7323,tumeys dvds
7323,east germany
7323,estrangeinro
7323,family relationships
7323,statue
7323,for katie
7323,lies
7323,maintaining illusion
7323,socialism
7324,culture clash
7324,middle east
7324,horses
7324,horse racing
7324,movie to see
7324,viggo mortensen
7324,below r
7325,crime
7325,murder
7325,steven spielberg
7325,ben stiller
7325,watched 2006
7325,snoop dogg
7325,adultery
7325,erics dvds
7325,slashy
7325,stiller&wilson
7325,dance off (scene)
7325,subgenre:cop buddies
7326,paul bettany
7326,boring
7327,ingmar bergman
7327,dreamlike
7327,intimate
7327,cerebral
7327,erlends dvds
7327,sexual
7327,enigmatic
7327,talky
7327,tumeys dvds
7327,austere
7327,brechtian
7327,chilly
7328,ingmar bergman
7328,bleak
7328,stylized
7328,meditative
7328,cerebral
7328,austere
7328,opposites attract
7328,brief encounters
7330,less than 300 ratings
7331,ingmar bergman
7333,criterion
7333,erlends dvds
7334,joseph mccarthy
7334,blacklisting
7334,topic:mccarthyism
7335,tense
7335,paranoid
7335,criterion
7335,tcm
7335,thelma ritter
7335,forceful
7335,gritty
7335,biting
7335,lurid
7335,richard widmark
7336,betamax
7338,shakespeare
7338,criterion
7338,janus 50
7338,based on a play
7338,dvdvideo
7338,playwright:shakespeare
7338,adapted from:play
7338,stage
7341,car chase
7341,kidnapping
7341,70mm
7345,espionage
7346,nudity (topless)
7346,high school
7346,teen
7346,hulu
7346,erics dvds
7346,nerds
7346,avi
7346,pornography
7347,johnny depp
7347,stephen king
7347,psychology
7347,schizophrenia
7347,murder
7347,split personality
7347,writer
7347,movie to see
7347,imaginary friend
7347,john turturro
7347,gfei own it
7348,clearplay
7348,mamet
7348,classical studies
7351,art
7351,artist
7351,artists
7352,british comedy
7352,family
7352,bittersweet
7352,library
7352,compassionate
7352,love triangle
7352,suicide attempt
7352,wry
7352,sibling relationships
7352,love triangles
7354,nudity (topless)
7354,bibliothek
7354,uma thurman
7355,loved this cartoon
7360,action
7360,zombies
7360,remake
7360,<3
7360,zombie movie
7360,clearplay
7360,zombie
7360,sick
7360,mmm brains
7360,telecine
7361,comedy
7361,surreal
7361,strange
7361,awful
7361,surrealism
7361,life
7361,memory
7361,nonlinear
7361,charlie kaufman
7361,imdb top 250
7361,jim carrey
7361,scifi
7361,quirky
7361,romance
7361,drama
7361,interesting
7361,owned
7361,cult film
7361,seen more than once
7361,love
7361,philosophy
7361,modern fantasy
7361,clearplay
7361,cant remember
7361,romantic
7361,must see
7361,cerebral
7361,dream
7361,erlends dvds
7361,mind
7361,dialogue driven
7361,my favourite
7361,kate winslet
7361,kirsten dunst
7361,michel gondry
7361,usa
7361,bittersweet
7361,emotional
7361,futuristmoviescom
7361,beautiful
7361,brilliant
7361,get
7361,own
7361,melancholy
7361,thoughtprovoking
7361,mark ruffalo
7361,seen at the cinema
7361,want to own
7361,absolute favorite
7361,paradox
7361,amnesia
7361,divx1
7361,colourful
7361,dvdvideo
7361,surrealpanos
7361,watch again before hating
7361,photography
7361,frantic
7361,avantegarde
7361,ethnic conflict
7361,head movie
7361,love triangles
7361,individual
7361,breakups and divorces
7361,attachment
7361,drab
7361,wintry
7361,experiments gone awry
7361,predestination
7361,my movies
7361,avantgarde romantic comedy
7364,colin farrell
7364,ireland
7364,irish
7365,love
7365,village
7365,psychiatry
7365,disk
7365,fatherson relationship
7365,library
7365,eccentricity
7365,gas station
7365,wintry
7365,grandmother
7365,dark humor
7365,taxi driver
7365,fortunetelling
7366,want to see again
7366,liv tyler
7367,funny
7367,coen brothers
7367,boring
7367,tom hanks
7367,dvd
7367,super boring
7367,caper movie
7367,erics dvds
7367,tumeys dvds
7367,my movies
7367,joel coen
7369,funny
7369,children
7369,sequel fever
7369,why god why
7369,(s)vcd
7371,awful
7371,drama
7371,bibliothek
7371,cult film
7371,lars von trier
7371,social control
7371,disturbing
7371,underrated
7371,nicole kidman
7371,village
7371,favorite
7371,art house
7371,experimental
7371,harsh
7371,just amazing movie
7371,ominous
7371,surrealpanos
7371,small towns
7371,artsy
7371,groundbreaking
7371,austere
7371,degradation
7371,brechtian
7372,bibliothek
7372,heath ledger
7373,gothic
7373,superhero
7373,fighting
7373,want to see again
7373,guillermo del toro
7373,red
7373,catholic
7373,movie to see
7373,graphic novel
7373,selma blair
7373,steampunk
7373,john hurt
7373,heroin
7373,adapted from:comic
7373,ron perlman
7373,automata
7373,occult technology
7373,daemons
7373,clockwork devices
7374,disney animated feature
7374,disney
7374,horses
7374,talking animals
7374,hockey
7374,rabbits
7374,cows
7374,foreclosure
7375,bibliothek
7375,james fox
7375,julia stiles
7376,revenge
7376,true story
7376,remake
7376,netflix
7377,bleak
7377,clearplay
7377,ryan gosling
7377,jena malone
7377,don cheadle
7377,talky
7377,grim
7377,downbeat
7379,war
7379,mexico
7379,texas
7379,historical
7379,revolution
7380,based on a book
7381,bruce willis
7381,movie to see
7381,friday night movie
7381,matthew perry
7381,avi
7382,childhood
7382,kidnapping
7382,based on a book
7382,pigs
7382,television
7382,cycling
7382,historical
7382,siblings
7382,fatherson relationship
7382,1970s
7382,library
7382,wheat
7382,wonderful
7382,rural
7382,secrets
7382,adolescence
7382,agonizing
7382,for katie
7382,mothers and sons
7382,trapped or confined
7382,friends
7382,country life
7382,parents
7382,subterranean
7383,less than 300 ratings
7386,violence
7386,dvd
7386,classic
7386,family
7386,70mm
7386,based on a book
7386,movie to see
7386,biblical
7386,afi 100 (cheers)
7386,national film registry
7386,vista vision
7387,action
7387,sequel
7387,satirical
7387,dvd
7387,zombies
7387,disturbing
7387,motorcycle
7387,erlends dvds
7387,remade
7387,cynical
7387,tumeys dvds
7387,betamax
7387,cav
7387,ominous
7387,george a romero
7387,helicopters
7387,visceral
7387,menacing
7387,mall
7387,my movies
7387,gruesome
7388,biopic
7394,70mm
7395,classic
7395,true story
7395,family
7395,movie to see
7395,large family
7396,divorce
7396,ingmar bergman
7396,intimate
7396,understated
7396,criterion
7396,reflective
7396,erlends dvds
7396,library
7396,talky
7396,deliberate
7396,svens to see list
7396,austere
7396,matteroffact
7397,dvdvideo
7398,less than 300 ratings
7398,classic
7398,true story
7402,based on a book
7402,hg wells
7404,betamax
7410,my movies
7413,bad movie
7414,less than 300 ratings
7416,oscar (best supporting actor)
7416,walter matthau
7416,old school
7418,less than 300 ratings
7419,surreal
7419,martin scorsese
7419,dark comedy
7419,black comedy
7419,bdsm
7419,nyc
7419,library
7419,dvdvideo
7419,betamax
7420,wired 50 greatest soundtracks
7437,gender identity
7437,drag
7438,action
7438,masterpiece
7438,violence
7438,quentin tarantino
7438,imdb top 250
7438,samuel l jackson
7438,quirky
7438,thriller
7438,revenge
7438,adventure
7438,drama
7438,violent
7438,western
7438,gay
7438,owned
7438,dvd
7438,bibliothek
7438,seen more than once
7438,martial arts
7438,bloody
7438,japan
7438,stylish
7438,too violent
7438,stylized
7438,sweeping
7438,kickass
7438,movie to see
7438,tarantino
7438,david carradine
7438,kirsten dunst
7438,uma thurman
7438,usa
7438,atmospheric
7438,quinten tarantino
7438,gfei own it
7438,action martialarts revenge
7438,spaghetti western
7438,kung fu
7438,kickbutt women
7438,tarantino is god
7438,uma thruman
7438,erics dvds
7438,homage
7438,tumeys dvds
7438,michael madsen
7438,my dvds
7438,o vasilas
7438,visceral
7438,seen 2008
7438,buried alive
7438,rousing
7438,coffin
7438,wire work
7439,superhero
7439,marvel
7439,better than expected
7439,thomas jane
7439,movie to see
7439,erics dvds
7439,adapted from:comic
7439,dull
7440,on hold
7441,teddy award
7442,library
7442,seen 2008
7444,jennifer garner
7444,mark ruffalo
7444,photographer
7444,child as adult
7445,action
7445,marlon brando
7445,bibliothek
7445,not seen
7445,clearplay
7445,great cinematography
7445,christopher walken
7445,watched 2007
7445,hw drama
7445,angry denzel
7446,adapted from:book
7448,underrated
7448,ben stiller
7449,bibliothek
7449,predictable
7449,incoherent
7449,pointless
7449,erics dvds
7449,greg kinnear
7450,julianne moore
7450,pierce brosnan
7451,revenge
7451,seen more than once
7451,high school
7451,based on a book
7451,watched 2006
7451,lindsay lohan
7451,tina fey
7451,rachel mcadams
7451,clique
7451,manipulation
7451,ohsoso
7451,to see
7453,jared padalecki
7454,gothic
7454,vampires
7454,tense
7454,goth
7454,werewolves
7454,monsters
7454,atmospheric
7454,moronic
7454,eerie
7454,steampunk
7454,hugh jackman
7454,kate beckinsale
7454,saturn award (best music)
7454,my dvds
7454,frantic
7454,flashy
7454,heroine in tight suit
7454,big budget
7456,argentina
7458,on dvr
7458,nudity (rear)
7458,brad pitt
7458,clearplay
7458,sean bean lives
7458,watched 2006
7458,travesty
7458,eric bana
7458,peter otoole
7458,gfei own it
7458,orlando bloom
7458,homer
7458,library
7458,wolfgang petersen
7458,erics dvds
7458,tumeys dvds
7458,sword and sandal
7458,based on a poem
7458,based on a myth
7458,myth
7458,subgenre:sword and sandal
7458,classical studies
7458,big budget
7459,prison
7459,brazil
7459,gefaengnisfilm
7459,tumeys dvds
7460,bill murray
7460,jim jarmusch
7460,bibliothek
7460,black and white
7460,dvdr
7460,hulu
7460,minimalist
7460,deadpan
7460,talky
7460,hw comedy
7460,dvdvideo
7460,betamax
7460,wry
7460,seen
7474,less than 300 ratings
7478,concert
7478,cambodia
7478,bechdel test:fail
7478,movie business
7479,oscar (best actor)
7479,world war ii
7479,less than 300 ratings
7480,gene hackman
7480,not corv lib
7481,aliens
7481,alien
7481,war
7481,based on a book
7481,adapted from:book
7481,marooned
7481,stranded
7481,friday night movie
7481,wolfgang petersen
7481,massacred the book
7482,england
7482,tense
7482,martial arts
7482,heroic mission
7482,forceful
7482,kung fu
7482,divx1
7482,national film registry
7482,erics dvds
7482,betamax
7482,clv
7482,bruce lee
7482,visceral
7482,rousing
7484,violence
7484,san francisco
7484,murder
7484,criterion
7484,rock and roll
7484,concert
7484,music documentary
7485,japan
7485,criterion
7485,affectionate
7485,gentle
7485,yasujiro ozu
7486,male nudity
7486,soccer
7486,gay
7486,addiction
7486,argentina
7486,great use of music
7486,bittersweet
7486,atmospheric
7486,1990s
7486,second chance
7486,passionate
7486,alone
7486,melancholy
7486,smoking
7486,cooking
7486,partially black and white
7486,restaurant
7486,loneliness
7486,library vhs
7486,sex scenes
7486,buenos aires
7486,jealousy
7486,starting over
7486,tango
7486,drab
7486,waterfall
7486,male prostitute
7486,bar
7486,wretched
7486,on the road
7486,abroad
7487,sexy
7487,boring
7487,lesbian
7487,bibliothek
7487,too long
7487,cinematography
7487,writer
7487,uma thurman
7487,no plot
7487,nc17
7487,writers life
7487,ohsoso
7487,bohemian life
7487,stereotyped roles
7488,less than 300 ratings
7489,comedy
7489,holocaust
7489,pg13
7489,germany
7489,nazi
7489,institutions
7489,directorscreenwriter
7489,sentana filmproduktion
7490,bibliothek
7490,not seen
7491,ratingzone top pick
7492,tom savini
7492,george a romero
7493,oscar (best actress)
7493,multiple personalities
7521,nudity (rear)
7521,nudity (full frontal)
7523,home invasion
7560,cold war
7560,futuristmoviescom
7560,walter matthau
7560,friday night movie
7560,frightening
7560,nuclear
7560,friends should see
7561,fantasy life
7561,less than 300 ratings
7561,tense
7561,dreamlike
7561,creepy
7561,disturbing
7561,stylized
7561,eerie
7561,hallucinatory
7563,less than 300 ratings
7563,dutch
7564,japan
7564,stylized
7564,criterion
7564,meditative
7564,erlends dvds
7564,atmospheric
7564,melancholy
7564,eerie
7564,ghost story
7564,masaki kobayashi
7564,tatsuya nakadai
7566,available at cml
7566,in netflix queue
7566,up series
7566,to see
7566,7n up (series)
7566,many interviews
7569,bond
7569,assassin
7569,james bond
7569,sean connery
7569,70mm
7569,murder
7569,cant remember
7569,franchise
7569,spaceships
7569,submarines
7569,killer as protagonist
7569,007 (series)
7569,screenwriter:roald dahl
7569,gyrocopter
7570,bond
7570,assassin
7570,james bond
7570,70mm
7570,murder
7570,rape
7570,franchise
7570,maud adams
7570,killer as protagonist
7570,007 (series)
7570,roger moore
7572,cancer
7572,emma thompson
7572,disability
7572,strong woman
7572,teaching
7573,assassin
7573,james bond
7573,sean connery
7573,70mm
7573,murder
7573,max von sydow
7573,kim basinger
7573,klaus maria brandauer
7573,killer as protagonist
7573,remakeof:thunderball (1965)
7573,remadeas:never say never (1983)
7573,007 (series)
7577,stylized
7577,criterion
7577,whimsical
7577,heroic mission
7577,light
7577,fanciful
7578,filmaffinity top pick
7579,classic
7579,adaptation
7579,adapted from:book
7579,greer garson
7579,laurence olivier
7579,author:jane austen
7580,based on a book
7581,classic
7581,adapted from:book
7582,bette davis
7583,less than 300 ratings
7584,bibliothek
7584,marriage
7584,afi 100 (laughs)
7584,hepburn and tracy
7584,national film registry
7584,starring:hepburn and tracy
7585,italy
7585,criterion
7585,janus 50
7585,venice
7585,hw criterion
7585,dvdvideo
7586,tense
7586,stylized
7586,sweeping
7586,dutch
7586,forceful
7586,ominous
7587,slow
7587,tense
7587,legenda ptbr
7587,stylized
7587,criterion
7587,reflective
7587,meditative
7587,erlends dvds
7587,atmospheric
7587,claustrophobic
7587,merde
7587,library vhs
7613,hw drama
7614,70mm
7614,movie to see
7614,shirley jones
7614,gloria grahame
7614,national film registry
7614,rogers and hammerstein
7615,lesbian
7616,murder
7616,disturbing
7616,paranoid
7616,raunchy
7616,a classic
7616,brian de palma
7616,atmospheric
7616,watch the credits
7616,sexual
7616,dvdvideo
7616,betamax
7616,menacing
7616,plot:romance during porno shoot
7616,plot:making adult/pornographic films
7618,nudity (topless)
7618,biopic
7618,in netflix queue
7618,robert downey jr
7618,biographical
7618,charlie chaplin
7618,changed my life
7619,oscar (best actress)
7619,oscar (best supporting actress)
7619,exceptional acting
7619,anne bancroft
7619,blindness
7619,afi 100 (cheers)
7619,deaf
7620,less than 300 ratings
7624,high school
7624,school drama
7624,k movie
7624,na
7624,prep school
7625,less than 300 ratings
7625,florida film festival winner
7626,blindfold
7636,brian de palma
7637,satirical
7637,quirky
7637,stylized
7637,filmmaking
7637,reflective
7637,irreverent
7637,light
7637,wry
7637,work ethics
7637,creative block
7645,less than 300 ratings
7646,stephen king
7647,topic:theatre
7647,adapted from:play
7647,actors and acting
7647,setting:theatre
7648,san francisco
7649,scifi
7649,tv
7649,space station
7649,bruce boxleitner
7650,disturbing
7650,bleak
7650,erlends dvds
7650,atmospheric
7650,dvdr
7650,claustrophobic
7650,visceral
7650,menacing
7675,less than 300 ratings
7675,margaret o brian
7675,charles laughton
7697,less than 300 ratings
7698,bibliothek
7698,afi 100 (thrills)
7698,betamax
7698,svens to see list
7700,imdb top 250
7700,in netflix queue
7700,classic
7700,tense
7700,french
7700,criterion
7700,erlends dvds
7700,golden palm
7700,janus 50
7700,forceful
7700,library
7700,existential
7700,tumeys dvds
7700,dvdvideo
7700,gritty
7700,moody
7701,kirstie alley
7701,olympia dukakis
7702,less than 300 ratings
7702,nuns
7704,menahem golan
7705,sports
7705,hepburn and tracy
7705,starring:hepburn and tracy
7706,dvdr
7706,classic marx
7706,afi 100 (movie quotes)
7706,facebook rec
7706,betamax
7706,dvdram
7706,highly quotable
7706,marx brothers
7708,dvdr
7708,men disguised as women
7708,nuns(scene)
7708,devils bargain
7713,sexuality
7713,erlends dvds
7713,remade
7713,national film registry
7713,betamax
7713,bfi classic
7713,val lewton
7714,70mm
7714,richard harris
7714,vanessa redgrave
7714,clv
7714,adapted from bway
7720,easygoing
7720,witty
7720,erlends dvds
7720,lavish
7720,light
7720,literary adaptation
7720,swashbuckler
7720,rousing
7725,michael caine
7728,adultery
7728,tumeys dvds
7730,nostalgia
7742,narrated
7742,sentient dog
7743,70mm
7743,betamax
7745,owned
7748,in netflix queue
7748,quirky
7748,witty
7748,stylized
7748,reflective
7748,cerebral
7748,enigmatic
7748,lyrical
7748,starcrossed lovers
7748,facebook rec
7748,lovers on the lam
7749,satirical
7749,stylized
7749,irreverent
7749,class differences
7749,frantic
7749,nightmare vacations
7749,literate
7749,biting
7749,wry
7749,fighting the system
7749,political unrest
7749,crumbling marriages
7749,crime sprees
7756,history
7756,criterion
7756,janus 50
7756,propaganda
7756,ice
7756,russia
7756,dvdvideo
7756,battle
7757,dvd
7757,tumeys dvds
7757,sword and sandal
7757,based on a poem
7757,classical studies
7759,intimate
7759,stylized
7759,meditative
7759,earnest
7759,writers life
7759,cathartic
7759,deliberate
7761,bibliothek
7762,espionage
7762,book was better
7762,book
7762,spy
7762,intelligent
7764,vhs
7766,ghosts
7766,akira kurosawa
7766,imdb top 250
7766,dvd
7766,japan
7766,bleak
7766,shakespeare
7766,stylized
7766,criterion
7766,ambition
7766,erlends dvds
7766,atmospheric
7766,forceful
7766,betrayal
7766,16th century
7766,foggy
7766,literate
7766,playwright:shakespeare
7766,adapted from:play
7766,grim
7766,forest
7766,prophecy
7766,archery
7767,italian
7767,sweeping
7767,bittersweet
7767,death
7767,beautiful
7767,nostalgic
7767,poignant
7767,earnest
7767,historical epic
7767,sardinia
7767,moviepig top pick
7767,sibling relationships
7767,doctors and patients
7767,political unrest
7767,political corruption
7769,survival
7769,better than expected
7769,buddhism
7769,village
7769,historical
7769,sword fight
7769,16th century
7769,freedom
7769,siam
7769,despair
7769,female warriors
7769,civilians at war
7769,military superiority
7769,combat strategy
7770,pirates
7770,based on a book
7771,oscar (best supporting actress)
7771,oscar (best cinematography)
7771,greece
7773,owned
7773,dani2006
7773,to see
7773,ummarti2006
7773,at rogers video
7782,jungle
7786,in netflix queue
7786,musical
7786,movielens top pick
7786,florida film festival winner
7787,world war ii
7787,less than 300 ratings
7789,terrorism
7789,library
7789,9/11
7790,boxing
7790,less than 300 ratings
7790,betamax
7792,in netflix queue
7792,erlends dvds
7792,cinematographer:gordon willis
7802,war
7802,tense
7802,adaptation
7802,gangs
7802,forceful
7802,ominous
7802,gritty
7802,visceral
7808,70mm
7809,finnish
7809,world war ii
7809,fathers and sons
7809,women during wartime
7809,reallife married couple
7810,tv
7810,watch
7811,scifi
7811,tv
7812,tv
7812,watch
7812,noise in space
7814,orson welles
7814,70mm
7814,christopher plummer
7814,rod steiger
7814,cavalry charge
7815,suburbia
7817,surreal
7817,violence
7817,tense
7817,sean connery
7817,cerebral
7817,whimsical
7817,forceful
7817,hallucinatory
7817,sexually leaky
7817,fanciful
7817,esoteric plotlines
7818,comedy
7818,british comedy
7818,less than 300 ratings
7818,black and white
7820,medieval
7820,ingmar bergman
7820,tense
7820,religion
7820,disturbing
7820,stylized
7820,criterion
7820,erlends dvds
7820,janus 50
7820,out for revenge
7820,dvdvideo
7820,somber
7820,austere
7820,obsessive quests
7820,dramatic irony
7820,chilly
7822,less than 300 ratings
7826,subscription
7827,twist ending
7827,clearplay
7827,corporate espionage
7827,lucy liu
7827,gadgets
7828,less than 300 ratings
7831,classic
7831,nick and nora charles
7832,classic
7832,nick and nora charles
7832,detective movie
7833,classic
7833,nick and nora charles
7834,comedy
7834,quirky
7834,classic
7834,nick and nora charles
7834,good
7835,classic
7835,nick and nora charles
7836,70mm
7836,rock and roll
7836,erlends dvds
7836,francis ford coppola
7836,national film registry
7836,catchy score
7836,oscar (best documentary feature)
7837,vhs
7839,less than 300 ratings
7839,playlist
7840,afi 100 (cheers)
7841,based on a book
7841,adapted from:book
7841,cant remember
7841,jonossa
7841,frank herbert
7841,literary adaptation
7841,author:frank herbert
7842,based on a book
7842,frank herbert
7842,author:frank herbert
7842,adapted from:book series
7843,not at library
7843,coming of age
7843,germany
7843,german movie
7843,weed
7843,college kids
7844,lesbian
7844,martial arts
7844,jet li
7845,gfei own it
7846,fun
7846,unrealistic
7846,silly
7846,monster
7846,gfei own it
7847,less than 300 ratings
7872,less than 300 ratings
7872,virginity
7881,zombies
7881,tumeys dvds
7883,svens to see list
7883,val lewton
7884,less than 300 ratings
7885,nudity (topless)
7885,nudity (rear)
7885,hammer film productions
7886,gothic
7886,vampire
7886,hammer production
7888,broadway
7888,library vhs
7889,reflective
7889,wired 50 greatest soundtracks
7889,earnest
7889,tumeys dvds
7889,elegiac
7889,earthy
7891,vampire
7891,zombies
7891,based on a book
7891,adapted from:book
7891,remade
7891,last man on earth
7891,tumeys dvds
7891,author:richard matheson
7891,matheson
7891,i am legend
7892,antihero
7892,misogyny
7894,sergio leone
7894,erlends dvds
7894,tumeys dvds
7894,dvr
7895,less than 300 ratings
7895,irreverent
7895,cynical
7895,forceful
7895,gritty
7895,visceral
7895,biting
7895,obsessive quests
7895,nothing goes right
7896,usa film registry
7896,brothers
7896,redemption
7896,california
7896,wedding
7896,mining
7896,atmospheric
7896,runaway
7896,shooting
7896,nostalgic
7896,affectionate
7896,1890s
7896,national film registry
7896,tumeys dvds
7896,scope
7896,brothel
7896,elegiac
7896,autumnal
7897,easygoing
7897,satirical
7897,quirky
7897,atmospheric
7897,modernism
7897,irreverent
7897,library
7897,tumeys dvds
7897,betamax
7897,rise and fall stories
7897,prospectors and land rights
7899,quirky
7899,tense
7900,gothic
7900,frankenstein
7900,hammer production
7901,less than 300 ratings
7901,hp lovecraft
7912,less than 300 ratings
7913,goth
7913,stylized
7913,eerie
7913,menacing
7914,less than 300 ratings
7915,gambling
7915,quirky
7915,ninja
7915,great soundtrack
7915,martial arts
7915,japan
7915,samurai
7915,yakuza
7915,stylized
7915,father daughter relationship
7915,great use of music
7915,red
7915,father son relationship
7915,sword fight
7915,adoption
7915,bird
7915,library vhs
7915,homage
7915,slow motion
7915,tattoo
7915,stone throwing
7915,sword
7915,gay samurai
7917,youth gone wild
7918,less than 300 ratings
7918,family
7918,brothers
7918,directorial debut
7918,nebraska
7919,akira kurosawa
7919,gangsters
7919,japan
7919,breakthroughs
7919,drinking
7919,gangs of japan
7919,tuberculosis
7919,saving face
7919,have but not seen
7921,betamax
7923,less than 300 ratings
7924,police
7924,baseball
7924,akira kurosawa
7924,in netflix queue
7924,tense
7924,japan
7924,bleak
7924,criterion
7924,guns
7924,atmospheric
7924,seen 2006
7924,library
7924,svens to see list
7924,mass transport
7924,black market
7924,rookie cops
7924,heat wave
7924,moody
7924,toho
7924,obsessive quests
7925,akira kurosawa
7925,imdb top 250
7925,in netflix queue
7925,japan
7925,samurai
7925,criterion
7925,erlends dvds
7925,princess
7925,movie to see
7925,greed
7925,light
7925,library
7925,16th century
7925,visceral
7925,related:star wars
7925,svens to see list
7925,gold
7925,dont remember
7925,rousing
7925,hiding place
7926,police
7926,akira kurosawa
7926,imdb top 250
7926,in netflix queue
7926,kidnapping
7926,japan
7926,based on a book
7926,disturbing
7926,bleak
7926,cant remember
7926,criterion
7926,movie to see
7926,business
7926,ethic
7926,deliberate
7926,businessman
7926,toho
7926,chauffeur
7926,tatsuya nakadai
7932,sundance award winner
7932,addiction
7932,new york city
7932,new york
7932,intelligent
7932,to see
7932,netflixbacklist
7932,trains
7933,marx brothers
7934,satire
7934,woody allen
7934,psychology
7934,black and white
7934,parody
7934,mockumentary
7934,erlends dvds
7934,psychiatry
7934,fake documentary
7934,1920s
7934,related:technique:forrest gump
7935,ingmar bergman
7935,not available from netflix
7936,ingmar bergman
7936,disturbing
7936,bleak
7936,erlends dvds
7936,biting
7936,austere
7936,political unrest
7936,crumbling marriages
7936,crisis of conscience
7937,childhood
7937,ingmar bergman
7937,wartime
7937,disturbing
7937,bleak
7937,train
7937,quiet
7937,very little dialogue
7937,gloomy
7937,haunting
7937,vacation
7937,masturbation
7937,sibling relationships
7937,lust
7937,downbeat
7937,variety show
7937,jealousy
7937,vertically challenged people
7937,seclusion
7937,faith trilogy
7937,desire
7937,escapism
7937,selfishness/unselfishness
7937,illness
7938,ingmar bergman
7938,love
7938,bleak
7938,village
7938,meditative
7938,cerebral
7938,atmospheric
7938,gloomy
7938,deliberate
7938,priest
7938,widows/widowers
7938,austere
7938,selfhatred
7938,faith trilogy
7938,renunciation
7938,unbelief
7939,god
7939,mental illness
7939,ingmar bergman
7939,bleak
7939,reflective
7939,atmospheric
7939,dysfunctional family
7939,deliberate
7939,faith trilogy
7939,incestuous
7940,ingmar bergman
7940,tense
7940,disturbing
7940,bleak
7940,goth
7940,not available from netflix
7940,out for revenge
7940,ominous
7940,menacing
7940,deliberate
7940,smalltown life
7941,comedy
7941,ingmar bergman
7941,witty
7941,erlends dvds
7941,wistful
7941,affectionate
7941,updated classics
7941,light
7941,lyrical
7941,literate
7941,vacation romances
7941,summery
7941,lovers reunited
7942,ingmar bergman
7942,erlends dvds
7943,hit men
7943,murder
7943,black and white
7943,bleak
7943,sport:boxing
7943,atmospheric
7943,gloomy
7943,detective
7943,oscar nominee: editing
7943,oscar nominee: director
7943,national film registry
7943,haunted by the past
7943,gritty
7943,insurance
7943,setting:philadelphia
7943,setting:diner
7943,author:ernest hemingway
7943,bechdel test:fail
7943,setting:new jersey
7943,filmaffinity top pick
7943,seen 2008
7943,adapted from:short story
7943,moody
7943,femmes fatales
7943,ernest hemingway
7943,dishonor among thieves
7944,based on a play
7944,tennessee williams
7946,less than 300 ratings
7947,classic
7947,alcoholism
7948,satirical
7948,quirky
7948,atmospheric
7948,not available from netflix
7948,poignant
7948,brad dourif
7948,religious zealotry
7948,cons and scams
7948,visceral
7948,cathartic
7948,downbeat
7948,southern gothic
7949,less than 300 ratings
7949,jonossa
7952,tumeys dvds
7959,drugs
7959,exploitation
7959,my movies
7976,owned
7976,white trash
7976,teenagers
7976,to see
7976,edgy
7979,criterion
7979,svens to see list
7980,world war ii
7980,war
7980,classic
7980,sean connery
7980,70mm
7980,robert redford
7980,best war films
7980,nostalgia
7981,police
7981,imdb top 250
7981,inspirational
7981,tense
7981,undercover cop
7981,stylized
7981,netflix
7981,watched 2006
7981,need to own
7981,hong kong
7981,corvallis library
7981,tumeys dvds
7981,gritty
7981,menacing
7981,confrontational
7982,tense
7982,creepy
7982,goth
7982,atmospheric
7982,eerie
7982,claustrophobic
7982,lyrical
7982,deliberate
7983,woody allen
7983,erlends dvds
7983,brilliant
7983,show business
7983,dvdvideo
7983,betamax
7984,alternate universe
7984,bdsm
7984,mad scientist
7984,gory
7984,lovecraft
7984,hp lovecraft
7984,lovecraftian mythology
7986,cant remember
7990,erlends dvds
7990,wired 50 greatest soundtracks
7990,my movies
7991,dystopia
7991,satirical
7991,quirky
7991,sylvester stallone
7991,scifi cult
7991,cars
7991,campy
7991,david carradine
7991,cynical
7991,betamax
7991,grim
7991,upbeat
7992,less than 300 ratings
7993,less than 300 ratings
7993,dvdr
7994,erlends dvds
7995,motorcycle
8003,erlends dvds
8007,netwatch
8008,dvdr
8008,clv
8008,adapted from bway
8010,race
8011,politics
8011,nr
8011,rebels
8011,enlightening
8011,archive footage
8011,social message
8011,outsiders
8012,surreal
8012,childhood
8012,gambling
8012,friendship
8012,japan
8012,japon
8012,fathers and sons
8012,takeshi kitano
8012,road trip
8012,motorcycle
8012,cycling
8012,kitano
8012,unlikely friendships
8012,library vhs
8012,wry
8012,mothers and sons
8012,summer vacation
8012,hitchhiker
8012,searching
8012,tattoo
8012,dream sequence
8012,guardian
8014,kiduk kim
8014,in netflix queue
8014,culture clash
8014,japon
8014,buddhism
8014,reflective
8014,scenic
8014,character driven
8014,bittersweet
8014,coming of age
8014,sex scene
8014,compassionate
8014,cat
8014,visceral
8014,deliberate
8014,wry
8014,episodic
8014,lust
8014,buddhist
8014,monks
8014,seasons
8014,seclusion
8014,atonement
8014,insularity
8015,based on a book
8015,adapted from:book
8016,cars
8016,tivo
8016,svens to see list
8017,less than 300 ratings
8019,remade
8019,atmospheric
8025,russian
8033,in netflix queue
8033,audrey hepburn
8033,caper
8033,peter otoole
8033,not corv lib
8033,audrey
8033,veja
8035,dario argento
8039,easygoing
8039,satirical
8039,spoof
8039,parody
8039,goofy
8039,affectionate
8039,light
8039,sheriffs and outlaws
8039,comic sidekick
8039,prospectors and land rights
8042,martin scorsese
8042,bibliothek
8042,catholic
8042,need to own
8042,national film registry
8042,tumeys vhs
8044,national film registry
8044,tumeys dvds
8045,vietnam war
8045,vietnam
8045,don cheadle
8056,less than 300 ratings
8057,less than 300 ratings
8057,oscar (best supporting actor)
8057,based on a play
8057,tennessee williams
8062,serial killer
8062,gay
8062,murder
8062,jeremy renner
8069,70mm
8070,not available from netflix
8092,gothic
8092,based on a book
8092,adapted from:book
8092,brian aldiss
8094,in netflix queue
8094,violent
8094,classic
8117,mafia
8117,less than 300 ratings
8117,antihero
8117,heroic mission
8119,deal with the devil
8119,netwatch
8119,betamax
8121,torent
8121,disk
8122,motorcycle
8122,mst3k
8122,betamax
8123,stephen frears
8123,less than 300 ratings
8123,london
8123,hanif kureishi
8125,oscar (best actress)
8125,dreamlike
8125,oscar (best cinematography)
8125,usa film registry
8125,stylized
8125,atmospheric
8125,afi
8125,passionate
8125,sentimental
8125,not available from netflix
8125,poignant
8125,national film registry
8125,to see
8125,bfi classic
8126,quirky
8126,paranoid
8126,stylized
8126,criterion
8126,atmospheric
8126,cynical
8126,national film registry
8126,visceral
8127,less than 300 ratings
8128,wwii
8128,library
8128,betamax
8128,boarding school
8131,less than 300 ratings
8131,will smith
8132,dvd
8132,glam rock
8133,nudity (topless)
8133,materialism
8133,hunting
8133,workplace
8133,danish
8133,funeral
8133,actors
8133,tumeys dvds
8133,class differences
8133,theatre
8133,steel mill
8133,loyalty vs betrayal
8133,corporate
8133,actors life
8133,son
8133,management
8133,work ethics
8133,successor
8133,families in crisis
8134,dystopia
8134,aviation
8134,motorcycle
8134,pollution
8134,visual spectacle
8136,tumeys dvds
8138,mst3k
8140,military
8142,takashi miike
8143,sweeping
8143,melancholy
8143,lavish
8143,literate
8143,elegiac
8143,courtesan
8147,oscar (best actor)
8147,based on a book
8147,adapted from:book
8147,dvdr
8153,oscar (best supporting actor)
8153,tumeys dvds
8154,sexy
8154,federico fellini
8154,satirical
8154,italian
8154,erlends dvds
8154,urbane
8154,il film perfetto
8154,golden palm
8154,lavish
8154,cynical
8154,emerson must see
8154,corvallis library
8154,tumeys dvds
8154,members of the press
8154,5 stars
8154,wry
8154,crisis of conscience
8154,playing the field
8157,world war ii
8157,anime
8157,japan
8157,girl
8157,special forces
8157,volkswagen
8157,little red riding hood
8157,museum
8157,library
8157,posttraumatic stress disorder
8157,end of war
8157,sewer/tunnel chase
8157,wolves
8157,riot
8157,nocturnal
8157,sewer
8157,dream sequence
8157,postwar
8158,drugs
8158,cops
8167,pirates
8167,classic
8167,fencing
8167,basil rathbone
8167,swashbuckler
8169,cute
8169,spielberg
8183,in netflix queue
8183,tumeys dvds
8183,betamax
8188,stylized
8188,sweeping
8188,criterion
8188,bittersweet
8188,not available from netflix
8188,poignant
8188,literate
8188,elegant
8189,surrealism
8189,french
8189,svens to see list
8190,in netflix queue
8190,less than 300 ratings
8190,dvd collection
8191,less than 300 ratings
8191,70mm
8191,dvdr
8191,british history
8191,library
8191,based on a play
8191,richard burton
8191,dvdram
8191,royalty
8191,king
8194,based on a play
8194,tennessee williams
8195,rome
8195,italian
8195,stylized
8195,criterion
8195,reflective
8195,meditative
8195,breathtaking
8195,janus 50
8195,enigmatic
8195,existential
8195,antonioni
8195,dvdvideo
8195,deliberate
8195,cannes:jury prize
8195,sicily
8195,missing persons
8196,sexy
8196,silly
8196,campy
8196,dvdr
8196,sexual
8196,irreverent
8196,dvdram
8196,biting
8197,in netflix queue
8197,french
8197,narrated
8197,reflective
8197,need to own
8197,melancholy
8197,poignant
8197,library
8197,haunted by the past
8197,somber
8197,literate
8197,downbeat
8197,elegiac
8198,fritz lang
8199,surreal
8199,japan
8199,reflective
8199,atmospheric
8199,greed
8199,eerie
8199,janus 50
8199,lyrical
8199,dvdvideo
8199,deliberate
8199,moody
8199,elegiac
8201,less than 300 ratings
8201,religion
8201,brazil
8202,less than 300 ratings
8202,atmospheric
8202,lavish
8202,light
8202,lyrical
8202,play within a movie
8202,class differences
8206,less than 300 ratings
8206,michael curtiz
8206,fay wray
8207,assassination
8207,adapted from:book
8207,dvdvideo
8207,avi
8207,buy
8208,based on a book
8208,adapted from:book
8208,book
8208,remade
8221,less than 300 ratings
8225,zombies
8225,remake
8225,zombie
8225,tom savini
8227,less than 300 ratings
8228,heist
8228,classic
8228,adapted from:book
8228,remade
8228,kate
8228,not available from netflix
8228,author:dashiell hammett
8228,private detective
8228,dont remember
8232,less than 300 ratings
8232,william powell
8232,not available from netflix
8232,k movie
8235,silent
8235,erlends dvds
8235,movie to see
8235,on hold
8235,afi 100 (thrills)
8235,national film registry
8235,wonderful
8235,j netflix
8235,harold lloyd
8236,less than 300 ratings
8236,tcm
8239,luis bunuel
8239,satirical
8239,in netflix queue
8239,understated
8239,criterion
8239,atmospheric
8239,golden palm
8239,irreverent
8239,janus 50
8239,cynical
8239,deadpan
8239,tumeys dvds
8239,dvdvideo
8239,wry
8252,new york city
8252,francis ford coppola
8253,action
8253,hayao miyazaki
8253,in netflix queue
8253,romance
8253,adventure
8253,anime
8253,japan
8253,studio ghibli
8253,stylized
8253,sweeping
8253,zibri studio
8253,to see
8253,cast
8253,bright
8254,johnny depp
8254,bibliothek
8254,desert
8254,not seen
8254,magic realism
8254,beautiful music
8254,vincent gallo
8254,library
8254,surrealpanos
8254,arizona
8254,blindfold
8256,17th century
8256,greta garbo
8256,crossdressing women
8257,world war ii
8257,war
8257,less than 300 ratings
8257,oscar (best cinematography)
8257,best war films
8257,ricardo montalban
8258,cult film
8258,troma
8260,bibliothek
8260,seen
8261,surreal
8261,less than 300 ratings
8261,disturbing
8261,stylized
8261,robert altman
8261,criterion
8261,reflective
8261,meditative
8261,atmospheric
8261,altman
8261,hallucinatory
8261,watch
8261,deliberate
8261,faltering friendships
8261,opposites attract
8261,split personalities
8264,quirky
8264,criterion
8264,compassionate
8264,earnest
8264,wry
8266,rock and roll
8266,wired 50 greatest soundtracks
8266,prince
8267,werner herzog
8267,directorial debut
8268,hit men
8268,bibliothek
8268,assassin
8268,remake
8268,murder
8268,assassins
8268,assassinintraining (scene)
8268,remakeof:la femme nikita(1990)
8270,owned
8270,marriage
8270,obsession
8270,library
8270,hairdresser
8272,less than 300 ratings
8272,70mm
8272,richard harris
8273,javier bardem
8273,penelope cruz
8275,buster keaton
8275,in netflix queue
8275,library vhs
8275,dvdvideo
8290,mst3k
8291,whodunnit
8292,akira kurosawa
8292,japan
8294,less than 300 ratings
8295,criterion
8295,ssh im hunting human
8302,less than 300 ratings
8327,surreal
8327,love
8327,japan
8327,intimate
8327,takeshi kitano
8327,wistful
8327,melancholy
8327,poignant
8327,kitano
8327,starcrossed lovers
8327,movielens quickpick
8327,to see
8327,deliberate
8327,downbeat
8327,filmifriikki
8327,lovers reunited
8332,murder
8332,mass murder/terrorism
8334,less than 300 ratings
8334,70mm
8334,john wayne
8334,bruce dern
8337,military
8337,courtroom
8337,erlends dvds
8337,humphrey bogart
8337,mutiny
8337,personality disorder
8338,oscar (best cinematography)
8338,religion
8338,disturbing
8338,stylized
8338,criterion
8338,reflective
8338,atmospheric
8338,dvdr
8338,passionate
8338,lavish
8338,library
8338,compassionate
8338,claustrophobic
8338,tumeys dvds
8338,dvdram
8338,convent
8340,prison
8340,seen more than once
8340,clint eastwood
8340,don siegel
8341,based on a book
8341,adapted from:book
8341,criterion
8341,based on book
8341,literary adaptation
8341,tumeys dvds
8341,author:charles dickens
8341,charles dickens
8360,sequel
8360,funniest movies
8360,fable
8360,mike myers
8360,animation
8360,seen more than once
8360,disney
8360,redemption
8360,shakespeare
8360,fairy tale
8360,parody
8360,dreamworks
8360,ogres
8360,talking animals
8360,erlends dvds
8360,fencing
8360,sequels
8360,computer animation
8360,antonio banderas
8360,good for kids
8360,eddie murphy
8360,own
8360,cameron diaz
8360,sequel better than original
8360,well done
8360,john cleese
8360,julie andrews
8360,library
8360,watched 2005
8360,seen at the cinema
8360,oscar nominee
8360,fatherdaughter relationship
8360,erics dvds
8360,dreamworks animation
8360,negative humor
8360,husbandwife relationship
8360,comic sidekick
8360,(s)vcd
8361,action
8361,scifi
8361,boring
8361,post apocalyptic
8361,thriller
8361,adventure
8361,drama
8361,global warming
8361,end of the world
8361,unrealistic
8361,silly
8361,jake gyllenhaal
8361,snow
8361,futuristmoviescom
8361,watched 2006
8361,natural disaster
8361,enjoyed despite myself
8361,dennis quaid
8361,beautiful music
8361,propaganda
8361,catastrophe
8361,library
8361,unintentional comedy
8361,formulaic
8361,nice movie
8361,erics dvds
8361,roland emmerich
8361,climate change
8361,day and hudson
8361,mark gordon productions
8361,weather
8361,mt
8362,romance
8362,cute
8362,helen mirren
8362,kate hudson
8362,john corbett
8362,abigail breslin
8362,joan cusack
8362,hayden panettiere
8362,formulaic
8362,lutheran
8362,mourning
8362,prom
8362,grieving
8362,guardian
8362,oldschoolish
8363,so bad its funny
8363,black
8364,biopic
8364,black
8364,dvdvideo
8365,nudity (topless)
8365,less than 300 ratings
8365,sexuality
8365,dialogue driven
8365,daniel craig
8365,siblings
8365,character study
8365,motherhood
8365,widows/widowers
8365,age issues
8365,age disparity romance
8365,mature
8365,death of a spouse
8366,satire
8366,religion
8366,high school
8366,teen
8366,christianity
8366,teen pregnancy
8366,own
8366,directorial debut
8366,irreverent
8366,pregnancy
8366,religious theme
8366,subversive
8367,library
8367,haneke
8368,time travel
8368,childish
8368,sequel
8368,fantasy
8368,wizards
8368,magic
8368,hard to watch
8368,based on a book
8368,harry potter
8368,witch
8368,franchise
8368,movie to see
8368,daniel radcliffe
8368,gary oldman
8368,emma watson
8368,maggie smith
8368,divx1
8368,fiona shaw
8368,broomstick
8369,clearplay
8369,mediocre plot
8369,gore
8369,oneliners
8369,corny
8369,who done it
8370,japan
8370,remake
8370,takeshi kitano
8370,cross dressing
8370,weird
8370,sword fight
8370,kitano
8370,blindness
8370,not corv lib
8370,gangs of japan
8370,mediocre acting
8371,christmas
8371,vin diesel
8371,shallow plot
8371,divx1
8372,funny
8372,classic
8372,adapted from:comic
8373,bibliothek
8373,remake
8373,christopher walken
8373,nicole kidman
8373,movie to see
8373,futuristmoviescom
8373,watched 2006
8373,below r
8373,matthew broderick
8375,less than 300 ratings
8375,politics
8375,own
8375,at rogers video
8376,horrible
8376,comedy
8376,slow
8376,painful
8376,dvd
8376,high school
8376,geek
8376,teen
8376,camp
8376,great use of music
8376,character driven
8376,super boring
8376,recommendz top pick
8376,sweet bikes
8376,jon heder
8376,dani2006
8376,napoleon dynamite
8376,jared hess
8376,nerds
8376,ummarti2006
8376,offbeat comedy
8376,independent film
8376,stupid comedy
8376,for katie
8376,subtle
8377,altruism
8379,in netflix queue
8379,betamax
8379,topic:theatre
8379,actors and acting
8379,setting:theatre
8379,theatre
8382,death
8384,national film registry
8385,less than 300 ratings
8385,classic
8385,doris day
8385,netwatch
8387,classic
8387,franchise
8387,imdb bottom 100
8392,robert altman
8393,70mm
8393,autobiographical
8393,the beatles
8395,less than 300 ratings
8397,hw drama
8398,70mm
8398,noel coward
8401,afi 100 (movie quotes)
8401,adapted from:author
8401,author:arthur conan doyle
8401,private detective
8403,sword and sandal
8403,classical studies
8404,adapted from:book
8404,sherlock holmes
8404,author:arthur conan doyle
8404,private detective
8405,ingmar bergman
8405,stylized
8405,erlends dvds
8405,atmospheric
8405,gloomy
8405,hallucinatory
8405,tumeys dvds
8405,somber
8405,extramarital affairs
8405,grim
8405,crumbling marriages
8405,who cares dvds
8421,spanish farce
8422,less than 300 ratings
8422,ronald reagan
8423,less than 300 ratings
8423,harold lloyd
8424,divorce
8426,robots
8426,anime
8426,anthology
8427,dystopia
8427,cars
8446,world war ii
8446,john wayne
8450,oscar (best supporting actress)
8450,oscar (best cinematography)
8450,betamax
8451,erlends dvds
8451,teacher as protagonist
8455,oscar (best documentary feature)
8457,sundance award winner
8457,sundance grand jury prize
8458,oscar (best actress)
8459,oscar (best actress)
8459,19th century
8459,urbane
8459,atmospheric
8459,national film registry
8459,talky
8459,to see
8459,literate
8459,biting
8459,playlist
8460,less than 300 ratings
8461,betamax
8463,oscar (best actress)
8463,deafness
8464,superhero
8464,seen more than once
8464,pg13
8464,must see
8464,movie to see
8464,very interesting
8464,usa
8464,own
8464,propaganda
8464,fast food
8464,food
8464,us culture
8464,obesity
8464,tumeys dvds
8464,important
8464,american idiocy
8464,social message
8464,(s)vcd
8465,oscar (best supporting actor)
8477,time travel
8477,postapocalyptic
8477,chris marker
8477,short
8477,paris
8477,narrated
8477,erlends dvds
8477,bechdel test:fail
8477,wikilens top pick
8477,seen 2008
8477,airport
8478,less than 300 ratings
8480,less than 300 ratings
8480,stylized
8480,sweeping
8480,poignant
8480,earnest
8480,classical studies
8481,less than 300 ratings
8482,oscar (best cinematography)
8482,adapted from:book
8482,painting
8482,afi 100 (thrills)
8482,to see
8482,wishes
8482,old
8483,motorcycle
8483,dvdr
8484,world war ii
8484,japan
8484,masaki kobayashi
8484,tatsuya nakadai
8485,religion
8485,buddhism
8485,not available from netflix
8485,to see
8485,dbd
8486,less than 300 ratings
8487,less than 300 ratings
8488,adaptation
8488,courtesan
8491,police
8491,heist
8491,chase
8491,prison
8491,car chase
8491,gangsters
8491,undercover cop
8491,cars
8491,gangs
8491,infidelity
8491,library
8491,motherson relationship
8491,coverup
8491,afi 100 (movie quotes)
8491,national film registry
8491,tumeys dvds
8491,trains
8491,lip reading
8491,husbandwife relationship
8491,oedipal
8491,headache
8491,drivein
8491,domineering mother
8491,oedipus complex
8491,burn victim
8491,hearing impairment
8491,who cares dvds
8492,christmas
8492,author:charles dickens
8492,adapted from:play
8492,charles dickens
8493,world war ii
8493,70mm
8493,harry connick jr
8493,(s)vcd
8494,tivo
8494,poker
8494,tumeys dvds
8495,edward furlong
8496,tumeys dvds
8502,remake
8504,less than 300 ratings
8504,john turturro
8505,nudity (topless)
8505,golden palm
8507,strange
8507,dark
8507,classic
8507,cult film
8507,tense
8507,creepy
8507,disturbing
8507,black and white
8507,circus
8507,cult classic
8507,erlends dvds
8507,atmospheric
8507,eerie
8507,national film registry
8507,not corv lib
8507,freaks
8507,cons and scams
8507,menacing
8507,filmaffinity top pick
8507,looking for love
8507,gruesome
8507,treacherous spouses
8507,circuses and carnivals
8511,library
8511,national film registry
8511,charlie chaplin
8512,mel brooks
8512,parody
8512,friday night movie
8516,ghosts/afterlife
8516,tumeys dvds
8518,feminist
8519,imdb bottom 100
8520,less than 300 ratings
8521,oscar (best actor)
8521,adapted from:book
8521,erlends dvds
8521,dvdr
8521,alter ego
8521,dvdram
8521,killerasprotagonist
8521,subscription
8522,less than 300 ratings
8522,oppl
8524,aviation
8524,less than 300 ratings
8525,disney
8526,adapted from:book
8526,jackie chan
8526,awful movie
8527,jonathan rhys meyers
8527,clive owen
8528,funny
8528,comedy
8528,las vegas
8528,seen more than once
8528,ben stiller
8528,seen 2006
8528,below r
8528,wasted potential
8528,bechdel test:fail
8528,40 year old virgin
8528,obscure sports
8528,twentieth centuryfox
8528,cheerleading
8528,blindfold
8529,funny
8529,slow
8529,boring
8529,tom hanks
8529,drama
8529,steven spielberg
8529,unrealistic
8529,teen
8529,catherine zetajones
8529,didnt finish
8529,speilberg
8529,flick
8529,what is happiness
8529,hw drama
8529,seen 2008
8529,airport
8529,inauthentic
8529,tom hanks is great
8530,courtroom
8530,family drama
8530,sad
8530,netflix
8530,emily mortimer
8530,gerard butler
8530,deafness
8531,cross dressing
8531,divx1
8532,drama
8532,adapted from:book
8532,author:john irving
8533,on dvr
8533,romance
8533,pg13
8533,great ending
8533,movie to see
8533,james marsden
8533,james garner
8533,ryan gosling
8533,joan allen
8533,rachel mcadams
8533,love&war
8533,rachel mcadams is hot
8533,to see
8533,avi
8533,notebook
8535,biography
8535,true story
8540,less than 300 ratings
8541,betamax
8542,funniest movies
8542,afi 100 (laughs)
8542,tumeys dvds
8542,marx brothers
8543,less than 300 ratings
8571,vday
8573,on dvr
8573,bibliothek
8573,dreamlike
8573,love
8573,stylized
8573,fantasy world
8573,atmospheric
8573,beautiful
8573,notable soundtrack
8573,writers life
8573,netwatch
8573,photographer
8573,multiple roles
8573,moody
8573,dangerous attraction
8573,debut film
8573,selfdestructive romance
8573,brief encounters
8574,claymation
8574,less than 300 ratings
8574,christmas
8574,xmas theme
8575,less than 300 ratings
8575,french
8576,police
8576,library vhs
8576,rural
8577,less than 300 ratings
8577,oliver stone
8578,idiotic
8578,aliens
8578,alien
8578,zombies
8578,zombie
8579,less than 300 ratings
8580,in netflix queue
8580,fairy tales
8580,fairy tale
8581,computers
8581,apple
8581,history
8581,geeks
8581,nonfiction
8581,true story
8581,get
8581,own
8581,want
8581,to watch
8581,likeilike top pick
8582,war
8582,politics
8582,rebellion
8582,middle east
8582,journalism
8582,own
8582,mnm
8582,documentary critique
8582,institutions
8582,news media
8584,oscar (best cinematography)
8589,finnish
8589,history
8589,war
8589,based on a book
8589,independence
8589,war movie
8595,george c scott
8596,classic
8596,seen more than once
8596,peter sellers
8596,inspector clouseau (series)
8598,gerard depardieu
8600,corruption
8600,gambling
8600,gangster
8600,basketball
8600,money
8600,pool
8600,library
8600,tumeys dvds
8600,clv
8600,priest
8600,safe (for valuables)
8601,dreamlike
8601,disturbing
8601,irreverent
8601,school drama
8601,angry
8601,biting
8601,confrontational
8601,rousing
8601,fanciful
8602,energy
8602,national film registry
8602,svens to see list
8603,teddy award
8604,car
8604,car chase
8604,humor
8604,cars
8604,france
8604,french
8604,tumeys dvds
8604,avi
8605,car chase
8605,humor
8605,cars
8605,france
8605,svcd
8606,short
8606,national film registry
8607,satoshi kon
8607,in netflix queue
8607,anime
8607,japan
8607,baby
8607,father daughter relationship
8607,cross dressing
8607,homeless
8607,to see
8607,searching
8607,gay character
8608,disturbing
8608,enigmatic
8608,betamax
8608,ominous
8608,moody
8609,buster keaton
8609,in netflix queue
8609,silent
8609,dvdvideo
8609,to see
8610,steve martin
8610,oppl
8610,alter ego
8610,lily tomlin
8610,perfect comedy
8610,dvdvideo
8610,betamax
8611,oscar (best actress)
8612,based on a book
8612,dogs
8612,directorial debut
8612,national film registry
8613,less than 300 ratings
8614,kurt russell
8614,goldie hawn
8617,oscar (best actress)
8618,quirky
8618,tense
8618,stylized
8618,erlends dvds
8618,national film registry
8618,deconstructive
8618,genre:western noir
8619,incest
8620,satirical
8620,dreamlike
8620,criterion
8620,cerebral
8620,irreverent
8620,cynical
8620,surrealpanos
8620,menacing
8620,biting
8620,svens to see list
8622,satire
8622,revolutionary
8622,comedy
8622,awful
8622,war
8622,documentary
8622,in netflix queue
8622,fable
8622,terror
8622,interesting
8622,bibliothek
8622,conspiracy
8622,seen more than once
8622,politics
8622,family
8622,michael moore
8622,crap
8622,realistic
8622,not seen
8622,terrorism
8622,cliched
8622,entertaining
8622,must see
8622,bush bashing
8622,turd
8622,social commentary
8622,movie to see
8622,iraq
8622,usa
8622,left wing
8622,liberal
8622,serious
8622,golden palm
8622,own
8622,propaganda
8622,library
8622,9/11
8622,us history
8622,no
8622,erics dvds
8622,dvdvideo
8622,bullshit
8622,documentary critique
8622,avi
8622,government
8622,george bush
8622,american idiocy
8622,golden raspberry (worst actor)
8622,antibush
8623,nudity (rear)
8623,remake
8623,steve martin
8623,based on a play
8623,related:cyrano
8629,less than 300 ratings
8631,boxing
8631,gambling
8631,less than 300 ratings
8633,space
8633,70mm
8633,video games
8633,80s
8633,video game
8633,get
8634,cant remember
8636,sam raimi
8636,action
8636,sequel
8636,based on comic
8636,violence
8636,superhero
8636,revenge
8636,owned
8636,dvd
8636,seen more than once
8636,new york city
8636,spoof
8636,marvel
8636,amazing cinematography
8636,comic book adaption
8636,super hero
8636,kirsten dunst
8636,tobey maguire
8636,seen 2006
8636,tobey macguire
8636,gfei own it
8636,horst
8636,kate
8636,newspaper theme
8636,seen at the cinema
8636,alter ego
8636,saturn award (best actor)
8636,saturn award (best director)
8636,saturn award (best writing)
8636,erics dvds
8636,tumeys dvds
8636,facebook rec
8636,adapted from:comic
8636,dynamic cgi action
8636,scope
8636,big budget
8636,(s)vcd
8636,buy
8638,sequel
8638,imdb top 250
8638,bibliothek
8638,paris
8638,clearplay
8638,romantic
8638,selfsatisfied people
8638,sequels
8638,dialogue
8638,seen 2006
8638,need to own
8638,minimalist
8638,oscar nominee: adapted screenplay
8638,facebook rec
8638,dvdvideo
8638,writers
8638,activist
8638,for katie
8638,a must see
8638,do kupienia
8638,(s)vcd
8638,buy
8639,hw drama
8640,medieval
8640,history
8640,jerry bruckheimer
8640,britain
8640,invasion
8640,knights
8640,unbearable
8640,ice
8640,bullshit history
8640,erics dvds
8640,pagan
8640,myth
8640,scope
8640,battle
8640,mt
8643,bibliothek
8643,based on a book
8643,hilary duff
8644,funny
8644,robots
8644,action
8644,book was better
8644,futuristic
8644,scifi
8644,seen more than once
8644,future
8644,based on a book
8644,amazing cinematography
8644,will smith
8644,predictable movie
8644,robot
8644,erlends dvds
8644,asimov
8644,futuristmoviescom
8644,own
8644,cool but freaky
8644,gfei own it
8644,isaac asimov
8644,irreverent
8644,fight
8644,formulaic
8644,violently stupid
8644,divx1
8644,erics dvds
8644,dynamic cgi action
8644,artificial intelligence
8644,jbs dvds
8645,drugs
8645,immigrants
8645,tense
8645,smuggling
8645,new york city
8645,new york
8645,watched 2006
8645,pregnancy
8645,mule
8645,poignant
8645,compassionate
8645,earnest
8645,gritty
8645,equador
8645,estrangeinro
8645,colombian
8647,gambling
8647,court
8647,highway
8647,fishing
8647,hillbillies
8650,katherine hepburn
8650,stage
8651,70mm
8651,hope
8651,selfesteem
8651,imprisonment
8651,based on play
8652,rita moreno
8654,less than 300 ratings
8656,disturbing
8656,bleak
8656,reflective
8656,library
8656,deliberate
8656,svens to see list
8656,confrontational
8656,matteroffact
8657,less than 300 ratings
8660,70mm
8661,70mm
8661,national film registry
8662,less than 300 ratings
8662,oscar (best cinematography)
8665,espionage
8665,want to see again
8665,car chase
8665,seen more than once
8665,matt damon
8665,kickass
8665,movie to see
8665,watched 2006
8665,kate
8665,robert ludlum
8665,divx1
8665,realistic action
8665,erics dvds
8665,boundaries
8666,police
8666,painter
8666,superhero
8666,models
8666,supernatural
8666,basketball
8666,dc
8666,transformation
8666,workplace
8666,cats
8666,drowning
8666,halle berry
8666,cary grant
8666,symbolism
8666,female power
8666,wasted potential
8666,dc comics
8666,occult
8666,mask
8666,likeilike top pick
8666,advertising
8666,whip
8666,heroine in tight suit
8666,amusement park
8666,golden raspberry (worst picture)
8666,duality
8666,resurgence
8666,gynocentric
8666,beautiful woman
8666,femmes fatales
8666,management
8666,golden raspberry (worst actress)
8666,ridiculous training sequence
8666,work ethics
8666,gay character
8666,extrasensory visual capacity
8667,gay
8667,colin farrell
8670,fritz lang
8670,tense
8670,creepy
8670,stylized
8670,erlends dvds
8670,eerie
8670,library vhs
8670,ominous
8675,world war ii
8675,less than 300 ratings
8675,submarine
8675,not corv lib
8679,national film registry
8681,holy grail
8682,70mm
8684,in netflix queue
8684,understated
8684,reflective
8684,meditative
8684,deliberate
8684,austere
8685,religion
8685,spain
8685,miracles
8686,less than 300 ratings
8689,less than 300 ratings
8689,andrew klavan
8690,time travel
8690,world war ii
8690,based on a book
8690,legenda ptbr
8690,adapted from:book
8690,vonnegut
8693,less than 300 ratings
8695,classic
8695,screwball comedy
8695,court
8695,cary grant
8695,shirley temple
8695,subgenre:screwball
8698,christopher walken
8700,less than 300 ratings
8700,excellent just excellent
8703,to see
8710,owned
8710,dreamlike
8710,bleak
8710,sweeping
8710,meditative
8710,bittersweet
8710,atmospheric
8710,lavish
8710,lyrical
8710,elegiac
8710,wintry
8710,interracial/crosscultural romance
8710,lovers reunited
8711,classic
8711,cary grant
8711,afi 100 (laughs)
8711,not corv lib
8711,hw classics
8712,cary grant
8712,playlist
8714,biopic
8714,cary grant
8718,interesting
8718,on server
8718,excellent for its time
8719,less than 300 ratings
8724,bibliothek
8724,sweeping
8724,reflective
8724,golden palm
8724,melancholy
8724,lavish
8724,poignant
8724,elegiac
8727,vhs
8730,less than 300 ratings
8732,less than 300 ratings
8732,peter greenaway
8732,dvdvideo
8734,marx brothers
8737,nudity (topless)
8738,easygoing
8738,witty
8738,stylized
8738,whimsical
8738,affectionate
8738,light
8738,love triangles
8738,bright
8739,italian
8739,criterion
8739,compassionate
8739,gritty
8739,downbeat
8739,drab
8740,akira kurosawa
8740,seen 2007
8740,japan
8740,alcoholism
8740,movielens top pick
8740,based on a play
8742,motorcycle
8742,golden raspberry (worst actress)
8748,sexy
8748,rare
8748,madcap
8748,light
8748,library vhs
8748,racy
8749,intimate
8749,understated
8749,stylized
8749,reflective
8749,meditative
8749,deliberate
8751,tense
8751,disturbing
8751,remade
8751,atmospheric
8751,tcm
8751,national film registry
8751,to see
8751,gritty
8751,visceral
8751,bfi classic
8751,svens to see list
8752,movielens top pick
8753,less than 300 ratings
8753,politics
8753,own
8754,oscar (best actress)
8754,quirky
8754,drama
8754,tense
8754,poignant
8754,education
8754,talky
8754,svens to see list
8754,dangerous attraction
8754,teachers and students
8754,teaching
8755,less than 300 ratings
8755,italian
8755,movielens top pick
8757,less than 300 ratings
8758,less than 300 ratings
8765,in netflix queue
8765,adapted from:book
8765,tcm
8765,to rent
8765,based on book
8765,literary adaptation
8765,fugitive
8766,less than 300 ratings
8766,tcm
8767,tcm
8768,heist
8768,murder
8768,adapted from:book
8768,animal:dog
8768,setting:la
8768,bechdel test:fail
8769,betamax
8769,swashbuckler
8772,espionage
8772,john le carre
8772,spies
8773,sherlock holmes
8773,adapted from:book series
8775,less than 300 ratings
8779,world war ii
8779,gerard depardieu
8780,less than 300 ratings
8780,comics based
8781,corruption
8781,bibliothek
8781,brainwashing
8781,assassin
8781,remake
8781,murder
8781,based on a book
8781,meryl streep
8781,jon voight
8781,erics dvds
8781,hw drama
8781,hs
8781,killerasprotagonist
8781,remakeof:the manchurian candidate(1962)
8781,robyn hitchcock
8782,tv remake
8783,stupid
8783,twist ending
8783,violent
8783,owned
8783,m night shyamalan
8783,sigourney weaver
8783,village
8783,joaquin phoenix
8783,special
8783,surprise ending
8783,own
8783,small town
8783,bryce dallas howard
8783,my dvds
8783,forest
8783,shyamalan
8783,who cares dvds
8783,unstupid
8784,funny
8784,garbage
8784,gambling
8784,in netflix queue
8784,quirky
8784,romance
8784,owned
8784,psychology
8784,zach braff
8784,realistic
8784,jewish
8784,natalie portman
8784,party
8784,motorcycle
8784,special
8784,coming of age
8784,enjoyed despite myself
8784,directorial debut
8784,pretentious
8784,kate
8784,wired 50 greatest soundtracks
8784,zack braff
8784,soundtrack
8784,oppl
8784,ian holm
8784,restaurant
8784,actors
8784,erics dvds
8784,peter sarsgaard
8784,swimming pool
8784,on the road
8784,do kupienia
8785,japan
8785,yasujiro ozu
8785,noriko trilogy
8786,bleak
8786,atmospheric
8786,somber
8786,downbeat
8786,moody
8789,70mm
8790,less than 300 ratings
8792,jonathan rhys meyers
8793,torture
8794,russian
8795,myth
8796,rome
8796,buster keaton
8796,classical studies
8796,zero mostel
8797,criterion
8797,national film registry
8798,action
8798,coen brothers
8798,revenge
8798,drama
8798,arnold
8798,tom cruise
8798,dark
8798,violent
8798,dvd
8798,thinker
8798,cars
8798,erlends dvds
8798,character driven
8798,afternoon section
8798,assassins
8798,michael mann
8798,atmospheric
8798,one day
8798,travesty
8798,gfei own it
8798,great performances
8798,jamie foxx
8798,erics dvds
8798,lawyers
8798,nightclub
8798,taxi cabs
8798,crime drama
8798,absurd
8798,taxi driver
8798,grainy
8799,holly hunter
8799,reality tv
8800,dramatic
8800,dvdvideo
8800,to see
8801,sundance award winner
8801,sundance grand jury prize
8803,school
8805,heroes
8807,drugs
8807,nudity (topless)
8807,seen more than once
8807,marijuana
8807,harrison ford
8807,stoner movie
8807,road trip
8807,stoner comedy
8807,notable nudity
8807,race issues
8807,buddy movie
8807,different
8807,slashy
8808,teen
8808,john rhysdavies
8808,anne hathaway
8808,hector elizondo
8808,julie andrews
8809,fantasy
8809,dark comedy
8809,australia
8809,stupid but funny
8809,not corv lib
8809,sydney
8809,small towns
8810,action
8810,sappy
8810,adaptation
8810,franchise
8810,shit
8810,gfei own it
8810,almost favorite
8810,divx1
8810,erics dvds
8810,why god why
8810,who cares dvds
8810,lance henriksen
8813,underrated
8813,sad
8813,relationships
8813,mark ruffalo
8813,seen 2008
8814,seth green
8815,exploitation
8815,franchise
8815,pointless
8815,from kata
8827,stand up
8827,betamax
8829,animal:dog
8831,disappointing
8831,clearplay
8833,reese witherspoon
8833,disappointing
8833,remake
8833,chick flick
8833,adapted from:book
8833,19th century
8833,marriage
8833,high society
8833,husbandwife relationship
8833,upper class
8833,aristocracy
8833,bollywood influence
8833,social climbing
8833,society
8833,dull
8834,family
8834,basketball
8834,black
8835,patrick stewart
8835,gfei own it
8835,erics dvds
8835,thrilling
8836,below r
8838,oscar (best actress)
8838,in netflix queue
8838,need to own
8838,svens to see list
8838,seen 2008
8840,directorial debut
8841,los angeles
8841,relationships
8841,cameofest
8841,scope
8841,directorscreenwriter
8841,r:strong sexual content
8841,r:language
8845,svens to see list
8848,federico fellini
8848,italian
8848,tumeys dvds
8848,svens to see list
8849,black and white
8849,camp
8849,prince
8849,golden raspberry (worst picture)
8849,golden raspberry (worst actor)
8851,less than 300 ratings
8852,less than 300 ratings
8852,classic
8852,70mm
8852,peter otoole
8853,directorial debut
8854,possession
8856,70mm
8858,menahem golan
8859,james bond
8859,imdb bottom 100
8860,bad acting
8860,police corruption
8860,tense
8860,jason statham
8860,paranoid
8860,cellos
8860,la
8860,phone
8860,forceful
8860,claustrophobic
8860,santa monica pier
8860,santa monica
8860,menacing
8861,nudity (topless)
8861,boring
8861,post apocalyptic
8861,virus
8861,zombies
8861,video game adaptation
8861,trash
8861,milla jovovich
8861,computer game
8861,oded fehr
8861,adapted from:game
8861,plot point:biomedical danger
8862,clearplay
8862,con artists
8864,baseball
8864,angela bassett
8865,robots
8865,aviation
8865,futuristic
8865,owned
8865,alternate universe
8865,jude law
8865,legenda ptbr
8865,understated
8865,movie to see
8865,below r
8865,want to own
8865,visually appealing
8865,divx1
8865,erics dvds
8865,future art deco
8865,mechanized
8865,dynamic cgi action
8865,angelina jolies lips
8865,giant robots
8866,funny
8866,sports
8866,paul bettany
8866,bibliothek
8866,romantic
8866,movie to see
8866,kirsten dunst
8866,torent
8866,watched 2006
8866,tennis
8868,horrible
8868,awful
8868,terrible
8868,bibliothek
8868,love&war
8869,president
8870,bad ending
8870,awful
8870,julianne moore
8870,not that good
8873,biopic
8873,genocide
8873,adventure
8873,true story
8873,politics
8873,amazing cinematography
8873,motorcycle
8873,communism
8873,own
8873,spanish
8873,need to own
8873,library
8873,biographical
8873,rebel
8873,fantastic foreign films
8873,for katie
8873,social message
8874,comedy
8874,boring
8874,great actors
8874,funniest movies
8874,violent
8874,owned
8874,zombies
8874,spoof
8874,murder
8874,parody
8874,gore
8874,zombie
8874,mnm
8874,mmm brains
8874,nick frost
8874,simon pegg
8874,really funny
8874,tumeys dvds
8874,facebook rec
8874,overknown
8874,criticker top pick
8874,edgar wright
8875,oscar (best actress)
8875,less than 300 ratings
8875,alcoholism
8875,marriage
8875,sad
8879,oscar (best supporting actress)
8879,murder
8879,based on a book
8879,adapted from:book
8879,train
8879,agatha christie
8879,author:agatha christie
8879,trains
8879,svens to see list
8879,playlist
8879,cinematographer:geoffrey unsworth
8880,cant remember
8880,cher
8880,disability
8880,disambiguation:the mask
8880,deformity/disability
8880,andy robinson
8882,less than 300 ratings
8882,split personality
8884,espionage
8884,tom hanks
8884,protagonist is stage performer
8887,psychiatrist as protagonist
8895,less than 300 ratings
8897,classical studies
8898,adapted from:book
8898,na
8900,blaxploitation
8903,jack nicholson
8903,tumeys dvds
8905,boring
8905,dvd
8905,bibliothek
8905,70mm
8905,ridley scott
8905,gerard depardieu
8906,tense
8906,cannibalism
8906,disturbing
8906,cult classic
8906,cannibals
8906,harsh
8906,tumeys dvds
8906,visceral
8906,menacing
8906,gruesome
8906,lurid
8907,funny
8907,short
8907,will smith
8907,dreamworks
8907,computer animation
8907,watched 2006
8907,fatherson relationship
8908,action
8908,joaquin phoenix
8908,watched 2006
8910,best movie ever
8910,existentialism
8910,italian
8910,want to see again
8910,bibliothek
8910,seen more than once
8910,philosophy
8910,jude law
8910,jason schwartzman
8910,quirky good
8910,whimsical
8910,mark wahlberg
8910,detective
8910,want to own
8910,ohsoso
8910,head movie
8910,blunt existentialism
8911,john corbett
8911,david keith
8911,hilary duff
8912,taxi driver
8914,time travel
8914,scifi
8914,boring
8914,low budget
8914,clever
8914,mindfuck
8914,president
8914,disturbing
8914,pg13
8914,science
8914,deep
8914,futuristmoviescom
8914,disk
8914,directorial debut
8914,intellectual
8914,mindblowing
8914,physics
8914,love this movie
8914,sf
8915,clearplay
8916,competition
8916,ballroom dancing
8917,funny
8917,satire
8917,tom hanks
8917,owned
8917,politics
8917,terrorism
8917,puppets
8917,watched 2006
8917,puppetry
8917,funny moments
8917,bizarre
8917,irreverent
8917,trey parker
8917,erics dvds
8917,j netflix
8917,doll sex
8917,technique:puppetry
8917,matt stone
8918,lesbian
8918,black comedy
8919,sex
8920,oscar (best actress)
8920,in netflix queue
8920,corvallis library
8921,oscar (best actress)
8921,less than 300 ratings
8921,oscar (best cinematography)
8921,based on a play
8921,tennessee williams
8922,epidemic
8922,europe trilogy
8923,roman polanski
8923,oscar (best cinematography)
8923,70mm
8923,erlends dvds
8924,directorial debut
8924,the beatles
8928,roman polanski
8928,quirky
8928,bibliothek
8928,silly
8928,campy
8928,goofy
8928,irreverent
8928,madcap
8928,tumeys dvds
8930,existentialism
8930,dogma 95
8930,nr
8931,less than 300 ratings
8933,netflix
8933,toronto film festival winner
8937,on dvr
8937,adapted from:book
8937,real life
8937,american football
8937,sport:american football
8937,espy award
8938,mental illness
8938,psychology
8938,parenthood
8938,homosexuality
8939,memory
8939,robin williams
8939,financial disaster
8943,annette bening
8943,stage
8943,backstage
8947,ghosts
8947,owned
8947,japan
8947,remake
8947,sdzd
8947,seen at the cinema
8947,unintentional comedy
8947,haunting
8947,erics dvds
8947,overknown
8947,not remotely scary
8947,house
8947,ghost story
8947,sarah michelle gellar
8948,nudity (topless)
8948,nudity (rear)
8948,disappointing
8948,remake
8948,jude law
8948,clearplay
8948,want to own
8948,hw drama
8949,nudity (topless)
8949,midlife crisis
8949,divorce
8949,alexander payne
8949,dark comedy
8949,owned
8949,paul giamatti
8949,adapted from:book
8949,writer
8949,depression
8949,road trip
8949,sex
8949,wedding
8949,wine
8949,obsession
8949,buddy
8949,own
8949,relationships
8949,kate
8949,library
8949,shallow
8949,sexually leaky
8949,melancholic
8949,tumeys dvds
8949,to see
8949,writer as protagonist
8949,subgenre:buddies
8949,theme:lying
8949,for katie
8949,sandra oh
8950,overrated
8950,guilt
8950,memory
8950,boring
8950,twist ending
8950,owned
8950,dvd
8950,psychology
8950,schizophrenia
8950,powerful ending
8950,creepy
8950,christian bale
8950,bleak
8950,paranoid
8950,clearplay
8950,stylized
8950,erlends dvds
8950,imaginary friend
8950,eerie
8950,ominous
8950,metaplot
8950,grim
8951,on dvr
8951,owned
8951,working class
8951,sad
8951,social commentary
8951,1950s
8951,abortion
8951,tumeys dvds
8951,venice film festival winner
8951,improvised/actordeveloped script
8951,original plot
8951,mike leigh
8952,fairy tale
8955,hw drama
8955,not corv lib
8956,daniel craig
8957,great movie
8957,gothic
8957,serial killer
8957,horror
8957,interesting
8957,dvd
8957,mindfuck
8957,erlends dvds
8957,unintentionally funny
8957,surprise ending
8957,an ok movie
8957,claustrophobic
8957,erics dvds
8957,toilet monster
8957,photographer
8957,trapped or confined
8957,saw (tool)
8957,doctors and patients
8957,my movies
8958,biopic
8958,oscar (best actor)
8958,music
8958,exceptional acting
8958,musical
8958,good music
8958,erlends dvds
8958,movie to see
8958,great acting
8958,disk
8958,race issues
8958,oscar winner
8958,jamie foxx
8958,afi 100 (cheers)
8958,erics dvds
8958,catchy score
8958,music:rhythm & blues
8958,music business
8958,rhythm & blues
8959,bibliothek
8959,tumeys dvds
8959,(s)vcd
8959,buy
8960,politics
8961,funny
8961,action
8961,superhero
8961,cartoon
8961,ingmar bergman
8961,imdb top 250
8961,disney animated feature
8961,samuel l jackson
8961,animation
8961,supernatural
8961,dvd
8961,classic
8961,seen more than once
8961,family
8961,disney
8961,cute
8961,fashion
8961,superheroes
8961,erlends dvds
8961,super hero
8961,powers
8961,hero
8961,watched 2006
8961,own
8961,gfei own it
8961,kate
8961,great
8961,superheros
8961,self discovery
8961,alter ego
8961,want
8961,erics dvds
8961,pixar animation
8961,dynamic cgi action
8961,brad bird
8961,scope
8961,oscar (best animated feature)
8962,less than 300 ratings
8962,hip hop
8962,erics dvds
8963,bibliothek
8963,sean penn
8963,joaquin phoenix
8963,watched 2006
8965,tom hanks
8965,post apocalyptic
8965,animation
8965,christmas
8965,bibliothek
8965,family
8965,train
8965,computer animation
8965,very boring
8965,trains
8965,xmas theme
8965,big budget
8966,biopic
8966,biography
8966,gay
8966,psychology
8966,nudity (full frontal)
8966,science
8966,sexuality
8966,sex
8966,homosexuality
8966,social commentary
8966,liam neeson
8966,adultery
8966,watched 2007
8966,biographical
8966,peter sarsgaard
8966,indiana
8966,wife swapping
8966,social message
8966,biopics
8967,netflix
8968,pierce brosnan
8968,don cheadle
8968,salma hayek
8969,sequel
8969,funniest movies
8969,good romantic comedies
8969,clearplay
8969,chick flick
8969,erlends dvds
8969,colin firth
8969,hugh grant
8969,renee zellweger
8970,johnny depp
8970,fantasy
8970,imdb top 250
8970,boring
8970,fairy tales
8970,drama
8970,bibliothek
8970,true story
8970,depp
8970,single parents
8970,dustin hoffman
8970,movie to see
8970,kate winslet
8970,special
8970,country music
8970,fairly bad
8970,best movies ever
8970,writers life
8970,need to buy
8970,divx1
8970,tumeys dvds
8970,peter pan
8970,seen
8970,jm barrie
8970,freddie highmore
8970,buy
8972,nicholas cage
8972,nazis
8972,nicolas cage
8972,harvey keitel
8972,sean bean lives
8972,treasure
8972,movie to see
8972,watched 2006
8972,own
8972,justin bartha
8972,christopher plummer
8972,sean bean
8972,diane kruger
8972,jon voight
8972,secret societies
8972,erics dvds
8972,ummarti2006
8972,svcd
8973,almodovar
8973,sexy
8973,drugs
8973,school
8973,boring
8973,male nudity
8973,soccer
8973,revenge
8973,gay
8973,seen more than once
8973,religion
8973,glbt
8973,sexual abuse
8973,stylized
8973,filmmaking
8973,reflective
8973,sexuality
8973,singing
8973,irreverent
8973,catholicism
8973,need to own
8973,drags
8973,enigmatic
8973,nc17
8973,actors
8973,corvallis library
8973,tumeys dvds
8973,sex scenes
8973,haunted by the past
8973,cathartic
8973,homage to hitchcock
8973,priest
8973,teacher
8973,movie business
8973,choir
8973,movie theatre
8973,blackmail
8973,movies about movies
8973,dangerous attraction
8973,genderbending
8973,renunciation
8973,members of the clergy
8973,sex reassignment surgery
8973,unbelief
8973,see this
8974,funny
8974,underwater
8974,sport car
8977,history
8977,war
8977,bibliothek
8977,too long
8977,clearplay
8977,al pacino
8977,oliver stone
8977,colin farrell
8977,jared leto
8977,sword and sandal
8977,biographical view
8977,classical studies
8977,big budget
8977,cinematographer:rodrigo prieto
8978,tim allen
8978,xmas theme
8979,biographical view
8980,svens to see list
8981,divorce
8981,julia roberts
8981,nudity (rear)
8981,jude law
8981,disturbing
8981,natalie portman
8981,movie to see
8981,clive owen
8981,play adaptation
8981,want to own
8981,chat rooms
8982,less than 300 ratings
8982,below r
8982,at rogers video
8983,yimou zhang
8983,martial arts
8983,ziyi zhang
8983,disk
8983,culture
8983,kickbutt women
8983,wuxia
8983,erics dvds
8983,corvallis library
8983,lots of kicking
8983,heroine
8983,9th century
8983,forest
8983,female warriors
8983,visual spectacle
8983,saturated
8984,crime
8984,heist
8984,george clooney
8984,great soundtrack
8984,ensemble cast
8984,amusing
8984,julia roberts
8984,brad pitt
8984,matt damon
8984,vincent cassel
8984,confusing
8984,robbery
8984,bad sequel
8984,andy garcia
8984,catherine zetajones
8984,gfei own it
8984,ocean/beach
8984,don cheadle
8984,expected more
8984,watched 2005
8984,seen at the cinema
8984,confusing plot
8984,elliott gould
8984,carl reiner
8984,casey affleck
8984,scott caan
8984,bernie mac
8984,sucks big time
8984,cameo:bruce willis
8984,large cast
8985,gothic
8985,vampire
8985,vampires
8985,sequel
8985,jessica biel
8985,crappy sequel
8985,rza (composer)
8986,jerry lewis
8987,politics
8987,republicans
8988,jerry lewis
8989,less than 300 ratings
8989,adapted from:book
8989,devils bargain
8989,adapted from bway
8994,jerry lewis
8998,in netflix queue
8998,70mm
8999,70mm
9000,netflix
9002,less than 300 ratings
9004,cant remember
9004,nostalgia
9008,invisibility
9010,romance
9010,bibliothek
9010,friendship
9010,france
9010,netflix
9010,tumeys dvds
9011,william holden
9013,less than 300 ratings
9013,robert altman
9013,criterion
9013,nixon
9014,less than 300 ratings
9017,based on a book
9017,charles dickens
9018,documentary
9018,journalism
9018,iraq
9018,media
9018,nr
9018,torent
9018,mnm
9018,media politics
9018,documentary critique
9018,news media
25736,based on a book
25736,adapted from:book
25736,alter ego
25736,author:robert louis stevenson
25736,robert louis stevenson
25744,dvdvideo
25746,less than 300 ratings
25746,to see
25750,easygoing
25750,buster keaton
25750,witty
25750,stylized
25750,silent
25750,goofy
25750,afi 100 (laughs)
25750,madcap
25750,national film registry
25750,library vhs
25750,dvdvideo
25752,less than 300 ratings
25752,afi 100 (laughs)
25752,national film registry
25752,harold lloyd
25753,epic
25753,powerful
25753,greed
25753,national film registry
25753,tumeys dvds
25753,major recutting
25753,gold
25753,troubled production
25755,based on a book
25755,erlends dvds
25755,afi 100 (thrills)
25755,national film registry
25755,lon chaney
25757,afi 100
25757,afi 100 (movie quotes)
25757,national film registry
25762,erlends dvds
25762,lon chaney
25762,joan crawford
25763,sexy
25763,stylized
25763,criterion
25763,sexual
25763,janus 50
25763,facebook rec
25763,dvdvideo
25763,to see
25763,svens to see list
25763,sensual
25763,grim
25764,buster keaton
25764,less than 300 ratings
25764,dvdr
25764,not available from netflix
25764,national film registry
25764,dvdram
25766,usa film registry
25766,national film registry
25766,tumeys dvds
25769,buster keaton
25769,stunts
25769,underdog
25769,dvdvideo
25769,class differences
25769,mass transport
25771,surreal
25771,nudity (topless)
25771,surrealism
25771,classic
25771,short
25771,bunuel
25771,dali
25771,experimental
25771,to see
25773,afi 100 (movie quotes)
25773,national film registry
25777,afi 100 (laughs)
25777,corvallis library
25777,marx brothers
25788,remade
25788,not available from netflix
25788,emerson must see
25788,national film registry
25788,library vhs
25788,not corv lib
25788,sure thing
25795,afi 100 (laughs)
25797,national film registry
25805,stylized
25805,whimsical
25805,lyrical
25805,fanciful
25825,revenge
25826,in netflix queue
25826,screwball comedy
25826,playlist
25827,oscar (best directing)
25827,favourite
25827,jean arthur
25827,gary cooper
25827,afi 100 (laughs)
25827,afi 100 (cheers)
25828,based on a play
25833,greta garbo
25833,courtesan
25833,jmq
25835,less than 300 ratings
25835,hulu
25839,subscription
25840,national film registry
25841,show business
25850,cary grant
25850,katherine hepburn
25850,tumeys dvds
25850,cary grant&katherine hepburn
25855,in netflix queue
25855,gangsters
25855,new york city
25855,narrated
25855,singing
25855,seen 2006
25855,movielens top pick
25855,world war i
25855,alcohol
25855,library
25855,1920s
25855,end of war
25855,tumeys dvds
25855,economic depression
25855,drinking
25855,lawyers
25855,nightclub
25855,fall from power
25855,taxi cabs
25855,veterans
25855,unemployment
25855,legislation
25855,taxi driver
25855,speakeasy
25856,oscar (best cinematography)
25856,adapted from:book
25856,book
25856,afi 100
25856,hulu
25856,national film registry
25865,in netflix queue
25865,bette davis
25865,letters
25866,less than 300 ratings
25866,sweeping
25866,atmospheric
25866,errol flynn
25866,rousing
25868,screwball comedy
25868,afi 100 (laughs)
25868,j netflix
25868,playlist
25868,howard hawkes
25868,jmq
25870,ghosts/afterlife
25870,less than 300 ratings
25870,remakeof:here comes mr jordan
25870,fate vs free will
25885,fascism
25885,adolf hitler
25885,eugenics
25885,world war ii
25885,nazis
25885,racism
25885,stereotypes
25885,mass behavior
25885,religion
25885,disney
25885,world politics
25885,narrated
25885,usa
25885,well done
25885,symbolism
25885,propaganda
25885,national film registry
25885,historically inaccurate
25885,good versus evil
25885,ethnic conflict
25885,free to download
25885,google video
25885,freedom
25885,news media
25885,oscar (best documentary feature)
25885,subordination
25885,why we fight series
25885,legislation
25885,internet archive
25885,third reich
25885,indoctrination
25885,my addition to ml
25885,deprivation of freedom
25885,political unrest
25885,manchurian
25886,quite romantic
25886,amnesia
25886,made me cry
25886,playlist
25886,friends should see
25886,insane asylum
25888,less than 300 ratings
25891,ghosts/afterlife
25891,infidelity
25891,adultery
25891,wonderful light touch
25891,facebook rec
25891,adapted from:play
25891,avuncular grandfatherfigure
25891,autobiographical view
25891,bechdel test:fail
25893,national film registry
25898,disturbing
25898,bleak
25898,criterion
25898,not available from netflix
25898,confrontational
25898,downbeat
25899,gene kelly
25901,shakespeare
25901,criterion
25903,less than 300 ratings
25904,fritz lang
25904,less than 300 ratings
25905,national film registry
25906,less than 300 ratings
25908,less than 300 ratings
25916,world war ii
25916,less than 300 ratings
25916,tense
25916,military life
25916,passionate
25916,forceful
25916,somber
25916,gritty
25916,menacing
25916,rousing
25923,imdb top 250
25923,oscar (best cinematography)
25923,based on a book
25923,adapted from:book
25923,criterion
25923,book
25923,library
25923,literary adaptation
25923,tumeys dvds
25923,author:charles dickens
25923,charles dickens
25927,orson welles
25927,murder
25927,movie to see
25927,tcm
25927,tumeys dvds
25927,recorded
25930,less than 300 ratings
25930,tcm
25934,john wayne
25938,john wayne
25938,shirley temple
25940,orson welles
25940,bleak
25940,erlends dvds
25940,atmospheric
25940,cynical
25940,not corv lib
25940,hw classics
25940,cons and scams
25940,menacing
25940,marlene dietrich
25940,mirrors
25940,dangerous attraction
25940,femmes fatales
25940,chilly
25940,miscarriage of justice
25940,treacherous spouses
25941,national film registry
25942,national film registry
25943,less than 300 ratings
25943,netflix
25943,national film registry
25945,less than 300 ratings
25947,rex harrison
25947,preston sturges
25951,buster keaton
25951,judy garland
25952,oscar (best directing)
25952,in netflix queue
25952,excellent old movie
25952,letters
25954,stylized
25954,criterion
25954,reflective
25954,meditative
25954,atmospheric
25954,eerie
25954,lyrical
25954,jean cocteau
25961,less than 300 ratings
25961,gregory peck
25961,genre:western noir
25962,less than 300 ratings
25962,pulp
25963,library vhs
25963,bfi classic
25963,svens to see list
25964,akira kurosawa
25964,courtroom
25964,fatherdaughter relationship
25971,less than 300 ratings
25993,less than 300 ratings
25993,svens to see list
25995,tense
25995,japan
25995,sweeping
25995,criterion
25995,atmospheric
25995,lyrical
25995,rousing
25995,have but not seen
25996,emerson must see
25996,national film registry
25996,facebook rec
25996,major recutting
25999,marlon brando
25999,motorcycle
26002,espionage
26002,orson welles
26002,spying
26002,money
26002,power
26002,criminal
26002,wealth
26002,megalomania
26005,japan
26005,criterion
26007,less than 300 ratings
26007,based on a book
26007,rare
26007,not available from netflix
26007,library
26012,japan
26012,criterion
26012,library vhs
26038,less than 300 ratings
26048,japan
26048,masaki kobayashi
26048,tatsuya nakadai
26049,dvdvideo
26052,robert bresson
26052,stylized
26052,reflective
26052,meditative
26052,netflix
26052,enigmatic
26052,deliberate
26055,heartwarming
26055,japan
26055,intimate
26055,criterion
26055,warm
26055,affectionate
26055,janus 50
26055,not corv lib
26055,dvdvideo
26055,yasujiro ozu
26055,elegiac
26059,tatsuya nakadai
26064,corruption
26064,akira kurosawa
26064,revenge
26064,japan
26064,hamlet
26064,criterion
26064,wedding
26064,funeral
26064,dvdr
26064,siblings
26064,library
26064,dvdram
26064,to see
26064,members of the press
26064,shakespearean
26064,svens favorite films
26064,businessman
26064,whistling
26064,corporate
26064,deceased family member
26064,postwar
26073,japan
26073,masaki kobayashi
26073,tatsuya nakadai
26078,less than 300 ratings
26078,library vhs
26082,revenge
26082,tense
26082,japan
26082,samurai
26082,bleak
26082,movielens top pick
26082,corvallis library
26082,to see
26082,austere
26082,downbeat
26082,ronin
26082,down on their luck
26082,crisis of conscience
26082,masaki kobayashi
26082,tatsuya nakadai
26084,classic
26084,buddy hackett
26084,shirley jones
26084,national film registry
26084,adapted from bway
26085,marlon brando
26085,70mm
26085,not available from netflix
26085,trevor howard
26085,corvallis library
26094,criterion
26094,reflective
26094,meditative
26094,netflix
26094,antonioni
26094,corvallis library
26094,somber
26094,netflixbacklist
26094,deliberate
26101,less than 300 ratings
26101,john wayne
26101,maureen ohara
26101,western comedy
26101,tumeys dvds
26111,less than 300 ratings
26111,peter otoole
26111,richard burton
26111,john gielgud
26116,less than 300 ratings
26116,netwatch
26116,fabulous
26116,not corv lib
26116,hw classics
26116,svens to see list
26116,bette davis
26116,agnes moorehead
26117,hit men
26117,ernest hemingway
26119,tense
26119,disturbing
26119,bleak
26119,criterion
26119,gloomy
26119,angry
26119,ominous
26122,samurai
26122,disturbing
26122,stylized
26122,erlends dvds
26122,atmospheric
26122,eerie
26122,enigmatic
26122,j netflix
26122,ominous
26131,revolutionary
26131,imdb top 250
26131,on dvr
26131,in netflix queue
26131,owned
26131,terrorism
26131,torture (scene)
26131,colonialism
26131,criterion
26131,historical
26131,nr
26131,dvdr
26131,french movie
26131,colonial power
26131,forceful
26131,library
26131,harsh
26131,dvdram
26131,gritty
26131,visceral
26131,jihad
26131,matteroffact
26133,christmas
26133,library vhs
26134,hammer film productions
26136,70mm
26138,less than 300 ratings
26138,sean connery
26138,sidney lumet
26139,nudity (topless)
26139,less than 300 ratings
26139,john wayne
26139,kirk douglas
26147,top ten
26148,war
26148,trains
26150,painter
26150,masterpiece
26150,religion
26150,disturbing
26150,criterion
26150,meditative
26150,painting
26150,atmospheric
26150,biblical
26150,russian
26150,russia
26150,intelligent
26150,library vhs
26150,somber
26150,deliberate
26150,vow of silence
26150,tarkovsky
26150,downbeat
26150,15th century
26151,robert bresson
26151,depressing
26151,understated
26151,reflective
26151,donkey
26151,tumeys dvds
26151,deliberate
26151,svens to see list
26151,austere
26152,funny
26152,fun
26152,superhero
26152,cult film
26152,dc
26152,camp
26152,alter ego
26152,adapted from:comic
26152,dc comics
26152,villain:penguin
26152,batman (series)
26155,less than 300 ratings
26155,hulu
26155,jihad
26158,nudity (rear)
26158,criterion
26158,dvdr
26158,betamax
26163,bob dylan
26163,national film registry
26171,satirical
26171,70mm
26171,stylized
26171,criterion
26171,jacques tati
26171,deadpan
26171,wry
26171,my movies
26172,tense
26172,nudity
26172,remade
26172,nr (r)
26172,nr
26172,hallucinatory
26172,metaphysical
26172,visceral
26172,menacing
26172,remadeas:payback(1999)
26172,remakeof:point blank(1967)
26174,jack nicholson
26178,less than 300 ratings
26178,kubrick
26178,movielens top pick
26181,less than 300 ratings
26181,john wayne
26181,kirk douglas
26185,hammer film productions
26199,nudity (topless)
26199,dvdr
26199,thanksgiving
26203,less than 300 ratings
26203,cant remember
26203,evil computer
26211,pink floyd
26211,svens to see list
26222,akira kurosawa
26222,friendship
26222,slum
26222,japan
26222,drinking
26222,wife swapping
26222,gossip
26222,families in crisis
26226,robert de niro
26226,brian de palma
26226,brian depalma
26228,erlends dvds
26230,hypnosis
26231,nudity (topless)
26231,nudity (rear)
26231,disturbing
26231,stylized
26231,atmospheric
26231,wired 50 greatest soundtracks
26231,sexual
26231,hallucinatory
26231,enigmatic
26231,existential
26231,tumeys dvds
26231,sensual
26231,esoteric plotlines
26240,less than 300 ratings
26241,nudity (full frontal)
26242,chase
26242,in netflix queue
26242,thriller
26242,bibliothek
26242,cars
26242,legenda ptbr
26242,steven spielberg
26242,erlends dvds
26242,pointless
26242,truck
26242,spielberg
26242,no plot
26242,to rent
26242,grudge
26242,cafe
26242,trucks
26242,on the road
26246,less than 300 ratings
26249,less than 300 ratings
26249,plot: seven samurai
26251,nudity (topless)
26258,existentialism
26258,cult film
26258,disturbing
26258,sweeping
26258,atmospheric
26258,passionate
26258,poignant
26258,hallucinatory
26258,harsh
26258,jodorowsky
26265,erlends dvds
26269,samurai
26270,samurai
26271,less than 300 ratings
26271,hw drama
26271,not corv lib
26283,tense
26283,cynical
26283,don siegel
26283,gritty
26283,visceral
26283,wry
26283,svens to see list
26283,andy robinson
26283,one last heist
26285,surreal
26285,aliens
26285,space travel
26285,scifi cult
26285,campy
26285,john carpenter
26285,dvdvideo
26285,betamax
26294,sergio leone
26294,italian
26294,retirement
26302,depressing
26302,al pacino
26302,golden palm
26302,gene hackman
26302,movielens top pick
26302,losers
26303,satirical
26303,disturbing
26303,criterion
26303,brian de palma
26303,gloomy
26303,hallucinatory
26303,claustrophobic
26303,visceral
26303,menacing
26303,biting
26303,downbeat
26303,lurid
26303,chilly
26306,erlends dvds
26306,violently silly
26313,gambling
26313,robert altman
26313,altman
26318,nudity (full frontal)
26318,criterion
26318,svens to see list
26326,jodorowsky
26336,dvdr
26349,movie to see
26349,gene hackman
26350,boring
26350,jack nicholson
26350,library
26350,existential
26350,antonioni
26350,svens to see list
26359,bernardo bertolucci
26359,robert de niro
26359,communism
26359,erlends dvds
26359,gerard depardieu
26359,confrontational
26366,criterion
26366,mining
26366,national film registry
26366,miners strike
26366,strike
26371,marlon brando
26371,less than 300 ratings
26371,jack nicholson
26375,train
26375,afi 100 (laughs)
26375,not corv lib
26379,religion
26379,erlends dvds
26386,spoof
26386,mel brooks
26386,parody
26386,friday night movie
26388,adapted from:book
26398,dystopia
26398,survival
26398,space travel
26398,conspiracy
26398,70mm
26398,murder
26398,betamax
26414,nudity (topless)
26414,less than 300 ratings
26414,robert altman
26422,owned
26422,70mm
26422,erlends dvds
26425,movielens top pick
26462,sean penn
26462,dvdvideo
26462,betamax
26464,nudity (full frontal)
26465,nudity (topless)
26472,culture clash
26472,social commentary
26472,national film registry
26472,rats
26476,great soundtrack
26476,takeshi kitano
26476,library
26479,pirates
26479,less than 300 ratings
26479,gilbert & sullivan
26479,swashbuckler
26479,adapted from:operetta
26479,playwright:gilbert & sullivan
26485,surreal
26485,drama
26485,based on a book
26485,francis ford coppola
26485,youth
26485,se hinton
26487,nudity (topless)
26487,setting:playboy mansion (scene)
26488,70mm
26491,world war ii
26491,less than 300 ratings
26491,remake
26491,mel brooks
26492,matheson
26492,jerome bixby
26492,al leong
26494,suburbia
26494,punks
26495,pirates
26495,cameo:david bowie
26497,rupert everett
26504,video game adaptation
26504,betamax
26509,betamax
26513,robots
26513,time travel
26513,dystopia
26513,cult film
26513,sucks big time
26524,crazy
26524,netflix
26524,seealso:milk(2008)
26524,oscar (best documentary feature)
26527,owned
26544,less than 300 ratings
26544,high school
26547,jackie chan
26550,biographical view
26554,nudity (topless)
26554,postapocalyptic
26554,post apocalyptic
26554,alone in the world
26554,interesting
26554,nudity (rear)
26554,based on a book
26554,death
26554,apocalypse
26554,last man on earth
26554,tragic drama
26554,sf
26554,empty planet
26555,70mm
26561,less than 300 ratings
26562,less than 300 ratings
26564,jazz
26564,netwatch
26566,highschool
26566,sport:american football
26566,related:mr destiny (1990)
26567,betamax
26578,erlends dvds
26585,explosions
26585,gun fu
26599,almodovar
26599,quirky
26599,male nudity
26599,gay
26599,foreign
26599,glbt
26599,transsexuals
26599,1980s
26599,spanish
26599,siblings
26599,nc17
26599,masturbation
26599,love triangles
26599,movie business
26599,closeted homosexual
26599,mother daughter relationship
26599,movies about movies
26599,letters
26599,teddy award
26599,flaming
26599,racy
26606,ghosts
26606,china
26606,on computer
26606,stopmotion
26606,sword fighting
26606,library vhs
26606,wire work
26614,matt damon
26614,remade
26616,werner herzog
26616,tumeys dvds
26616,slave trade
26629,aliens
26629,alien invasion
26629,clowns
26662,comedy
26662,aviation
26662,hayao miyazaki
26662,adventure
26662,animation
26662,anime
26662,japan
26662,family
26662,girl
26662,legenda ptbr
26662,miyazaki
26662,studio ghibli
26662,witch
26662,airplane
26662,storm
26662,birds
26662,train
26662,cats
26662,talking animals
26662,painting
26662,television
26662,cycling
26662,feelgood
26662,coming of age
26662,flying
26662,watch the credits
26662,on hold
26662,radio
26662,library
26662,zibri studio
26662,need to buy
26662,tumeys dvds
26662,trains
26662,apprenticeship
26662,forest
26662,baking
26662,artists
26662,attic
26662,cows
26662,bakery
26662,zeppelin
26662,broomstick
26662,beneficence
26662,do kupienia
26663,murder
26663,voyeurism
26677,nudity (topless)
26680,johnny depp
26680,on dvr
26680,cars
26680,parody
26680,motorcycle
26680,rock and roll
26680,dysfunctional family
26680,1950s
26680,juvenile deliquent
26680,tattoo
26680,hair
26680,orphanage
26681,gun fu
26682,police
26686,bill cosby
26693,stephen king
26693,based on a book
26693,adapted from:book
26693,author:stephen king
26693,clowns
26695,less than 300 ratings
26695,organized crime
26698,less than 300 ratings
26700,nudity (topless)
26700,gangsters
26700,murder
26700,bank robbery
26700,catholicism
26700,religion:xian
26700,subgenre:buddies
26700,british gangsters
26700,nuns
26704,less than 300 ratings
26704,new york city
26704,sean penn
26704,gary oldman
26704,john turturro
26713,reflective
26713,time
26713,sentimental
26713,wistful
26713,affectionate
26713,motherson relationship
26713,adoption
26713,lyrical
26713,to see
26713,trains
26713,1960s
26713,searching
26713,abroad
26713,brief encounters
26734,golden raspberry (worst actress)
26743,studio ghibli
26743,to see
26745,danny devito
26758,music
26758,17th century
26770,less than 300 ratings
26770,deadpan
26770,cons and scams
26770,wry
26770,boxers
26776,action
26776,aviation
26776,hayao miyazaki
26776,in netflix queue
26776,romance
26776,adventure
26776,politics
26776,anime
26776,japan
26776,miyazaki
26776,studio ghibli
26776,pigs
26776,flying
26776,zibri studio
26776,tumeys dvds
26776,ummarti2007
26776,aerial dogfights
26776,flying pigs
26782,boring
26782,musical
26788,based on a book
26788,gong li
26788,poignant
26791,70mm
26791,netwatch
26791,golden raspberry (worst picture)
26791,golden raspberry (worst actress)
26796,nudity (topless)
26796,classical music
26796,unrequited love
26796,clv
26803,nudity (topless)
26803,owned
26810,satirical
26810,quirky
26810,less than 300 ratings
26810,tense
26810,nudity (full frontal)
26810,misfits and outsiders
26810,lurid
26811,wuxia
26819,dystopia
26819,prison
26819,so bad its good
26828,hulk hogan
26838,based on a book
26838,working class
26838,father daughter relationship
26838,adultery
26838,pregnancy
26838,catholicism
26838,dublin
26838,irish
26838,gossip
26840,japan
26840,yakuza
26840,takeshi kitano
26840,movie to see
26840,movielens quickpick
26840,to see
26842,martial arts
26842,kung fu
26842,wire work
26865,fighting
26865,martial arts
26865,wuxia
26865,amazing kung fu
26865,to see
26865,jet li
26865,blindfold
26870,comedy
26870,baseball
26875,gerard depardieu
26898,violent
26898,gay
26898,yakuza
26898,library vhs
26898,excop
26898,safe (for valuables)
26903,prequel
26903,school
26903,girl
26903,writer
26903,cats
26903,famous theme song
26903,john denver
26903,teenager
26903,books
26903,violin
26903,setting:library
26903,librarians
26903,ghibli
26903,mature
26903,rewatch
26903,antique
26903,shop (establishment)
26903,teenage girl
26903,filmifriikki
26915,satirical
26915,cult film
26915,nudity (full frontal)
26915,campy
26915,goofy
26915,sexual
26915,irreverent
26915,frantic
26915,troma
26939,finnish
26939,gambling
26939,dark comedy
26939,dogs
26939,workplace
26939,siblings
26939,smoking
26939,cooking
26939,restaurant
26939,library vhs
26939,economic depression
26939,bank
26939,drinking
26939,butler
26939,movie theatre
26939,unemployment
26939,finland trilogy
26939,cool design
26939,autumnal
26950,troma
26965,bleak
26965,daniel daylewis
26965,compassionate
26965,dvdvideo
26965,gritty
26965,grim
26965,boxers
26965,dangerous friends
26965,going straight
26974,disturbing
26974,stylized
26974,sexual
26974,irreverent
26974,hallucinatory
26974,enigmatic
26974,mothers and sons
26974,drab
26974,kids in trouble
26974,youth gone wild
26996,less than 300 ratings
27005,less than 300 ratings
27005,justice
27005,murder
27005,dialogue driven
27005,kafkaesque
27005,police investigation
27005,interrogation
27005,manipulation
27005,to see
27020,lesbian
27020,models
27020,angelina jolie
27022,less than 300 ratings
27109,revenge
27109,samurai
27186,netflix
27186,rare
27186,curse
27186,library vhs
27186,perseverance
27186,folk tale
27193,cars
27193,france
27255,netflix
27266,slow
27266,androids
27266,gambling
27266,wong kar wai
27266,on dvr
27266,boring
27266,dark
27266,future
27266,plotless
27266,stylized
27266,father daughter relationship
27266,atmospheric
27266,without martha
27266,mnm
27266,melancholy
27266,library
27266,enigmatic
27266,memories
27266,writers life
27266,trains
27266,1960s
27266,for katie
27266,2000s
27266,fear of commitment
27266,elegant
27266,numbers
27271,great soundtrack
27271,gay
27271,japan
27271,samurai
27271,takeshi kitano
27271,19th century
27271,geisha
27271,death penalty
27271,great use of music
27271,great music
27271,sword fighting
27271,library vhs
27271,jealousy
27271,execution
27271,androgyny
27271,gay samurai
27317,tense
27317,disturbing
27317,stylized
27317,takashi miike
27317,tumeys dvds
27317,ominous
27317,ummarti2006
27317,audition
27340,bad acting
27340,empire
27340,on dvr
27340,culture clash
27340,baby
27340,father daughter relationship
27340,primitive peoples
27340,pointless
27340,colonial power
27340,library vhs
27340,predictable and unoriginal
27340,tattoo
27340,unhappy marriage
27340,tribal
27340,booklearned
27340,illegitimate child
27340,bad casting
27340,dvr
27368,nudity (rear)
27370,less than 300 ratings
27376,oppl
27391,sexuality
27391,homosexuality
27391,homophobia
27391,social message
27397,chanwook park
27397,investigation
27397,do kupienia
27402,monsters
27402,hp lovecraft
27402,lovecraftian mythology
27408,john malkovich
27410,genocide
27410,world war ii
27410,conspiracy
27410,wwii
27410,disturbing
27410,understated
27410,cerebral
27410,race
27410,kenneth branagh
27410,movielens top pick
27410,1940s
27410,library vhs
27410,drinking
27410,deliberate
27410,secrets
27410,lawyers
27410,legislation
27410,reference to aktion t4
27410,meeting
27410,matteroffact
27416,nudity (topless)
27416,bibliothek
27416,friendship
27416,library vhs
27416,seen
27416,forced marriage
27416,arranged marriages
27416,grandmother
27432,drama
27432,to see
27434,stupid
27450,rare
27450,library
27456,antarctica
27491,to see
27491,ummarti2007
27513,nudity (full frontal)
27523,not available from netflix
27523,to see
27555,less than 300 ratings
27563,dark comedy
27563,zombies
27563,japan
27563,netflix
27563,death
27563,takashi miike
27563,family relationships
27563,animated segments
27563,unconventional
27563,part animated
27563,absurdism
27584,comedy
27584,mystery
27584,stupid
27584,thriller
27584,nudity (rear)
27584,mindfuck
27584,scary
27584,weird
27587,less than 300 ratings
27592,revenge
27592,dark
27592,violent
27592,vengeance
27592,brutal
27592,revenge trilogy
27592,stylized
27592,chanwook park
27592,movie to see
27592,movielens top pick
27592,movielens quickpick
27592,to see
27592,trilogy
27592,menacing
27604,humor
27604,ironic
27604,so bad its funny
27608,nudity (topless)
27608,god
27608,futuristic
27608,new york city
27608,cgi
27608,notable nudity
27608,gods
27611,space
27611,less than 300 ratings
27611,military life
27618,time travel
27618,dinosaurs
27618,ray bradbury
27627,nudity (topless)
27627,ummarti2006
27636,not available from netflix
27648,based on a book
27648,dvr
27660,androids
27660,animation
27660,owned
27660,anime
27660,stylized
27660,matrix
27660,erlends dvds
27660,cyberpunk
27660,good concept
27660,dvdvideo
27660,my dvds
27660,related:the matrix (1999)
27664,nudity (topless)
27664,motorcycle
27664,explicit sex scene
27664,tedious
27674,comedy
27674,mystery
27674,thriller
27674,black comedy
27685,cheerleading
27689,jean reno
27700,racism
27700,soccer
27700,love
27700,friendship
27700,based on a book
27700,cruelty
27700,smoking
27700,1950s
27700,stepfather
27700,library vhs
27700,multinational settings
27700,books
27700,oppression
27700,boarding school
27700,domestic violence
27700,waitress
27700,swimming pool
27700,fraternity
27700,upper class
27700,sadism
27700,humiliation
27700,subordination
27700,gandhi
27700,morals
27700,swimming
27700,whipping
27700,kitchen maid
27700,hierarchy
27700,work ethics
27700,nonconformity
27700,bullying taken too far
27700,teachers and students
27700,finns
27700,schoolyard fight
27700,expelled from school
27700,mahatma gandhi
27700,see this
27706,jim carrey
27706,quirky
27706,jude law
27706,based on a book
27706,bleak
27706,macabre
27706,stylized
27706,narrated
27706,own
27706,irreverent
27706,eerie
27706,visually interestingthats about it
27706,want to own
27706,divx1
27706,sad but much good
27706,adapted from:book series
27706,chilly
27716,netflix
27721,jeanpierre jeunet
27721,romance
27721,dvd
27721,bibliothek
27721,nudity (rear)
27721,clearplay
27721,erlends dvds
27721,notable nudity
27721,julianne moore
27721,world war i
27721,jeunet
27721,library
27721,audrey tautou
27721,corvallis library
27721,vday
27721,seen
27721,audrey tatou
27721,gaspard ulliel
27722,beautiful
27722,movielens quickpick
27722,cdon
27727,male nudity
27727,dvd
27727,alcoholism
27727,favorite
27727,amazing soundtrack
27727,sex scenes
27727,suicide attempt
27727,fatih akin
27727,arranged marriages
27727,wild and fresh
27728,ghosts
27728,anime
27728,controversial
27728,dialogue driven
27728,2d/3d hybrid animation
27731,in netflix queue
27731,anime
27731,japan
27731,studio ghibli
27731,cats
27731,dvdvideo
27731,my dvds
27731,transition
27734,samuel l jackson
27735,ridiculous
27736,nudity (full frontal)
27741,in netflix queue
27741,drama
27741,owned
27741,tense
27741,japan
27741,epic
27741,samurai
27741,legenda ptbr
27741,intimate
27741,19th century
27741,single father
27741,nr
27741,on hold
27741,forceful
27741,character study
27741,families
27741,cultural customs and traditions
27741,cdon
27741,hierarchy
27744,nudity (topless)
27744,italy
27744,chick flick
27744,family drama
27744,library
27744,amnesia
27744,old age
27744,homage to hitchcock
27744,secrets
27744,husbandwife relationship
27744,baking
27744,unhappy marriage
27765,predictable
27765,unintentionally funny
27772,fantasy
27772,just allen
27772,not remotely scary
27772,scary funny
27773,based on comic
27773,imdb top 250
27773,on computer
27773,in netflix queue
27773,revenge
27773,twist ending
27773,depressing
27773,tense
27773,vengeance
27773,revenge trilogy
27773,stylish
27773,disturbing
27773,paranoid
27773,macabre
27773,stylized
27773,chanwook park
27773,erlends dvds
27773,very interesting
27773,watched 2006
27773,need to own
27773,hallucinatory
27773,claustrophobic
27773,want to see
27773,tumeys dvds
27773,korean
27773,trilogy
27773,not for the squeamish
27773,estrangeinro
27773,yahoo top pick
27773,seen
27773,filmaffinity top pick
27773,flashy
27773,trapped or confined
27776,strange
27776,foreign
27783,very interesting
27783,nr
27788,time travel
27788,mental illness
27788,twist ending
27788,mindfuck
27788,clearplay
27788,confusing
27788,adrien brody
27788,gfei own it
27788,complex
27788,mental hospital
27788,divx1
27788,tumeys dvds
27790,surreal
27790,england
27790,inspirational
27790,heartwarming
27790,religion
27790,money
27790,imaginary friend
27790,whimsical
27790,feelgood
27790,seen 2006
27790,k movie
27790,on hold
27790,ethic
27790,trains
27790,ebert ten best list
27792,hw drama
27801,drugs
27801,action
27801,chase
27801,violence
27801,fighting
27801,gambling
27801,martial arts
27801,friendship
27801,buddhism
27801,muay thai
27801,motorcycle
27801,stunts
27801,thai boxing
27801,on server
27801,tony jaa
27801,statue
27801,sister sister relationship
27801,bangkok
27801,mission
27801,wheelchair badass
27803,on computer
27803,bibliothek
27803,javier bardem
27803,meditative
27803,emotional
27803,poignant
27803,library
27803,earnest
27803,netwatch
27803,movielens quickpick
27803,tumeys dvds
27803,suicide attempt
27803,euthanasia
27803,stirring
27803,fighting the system
27803,living with disability
27803,biomedical ethics
27803,purpose in life
27803,ethics
27803,in library
27808,immigrants
27808,romance
27808,family
27808,mexico
27808,movie to see
27808,better than i expected
27808,spaghetti western
27808,adam sandler
27808,watched 2007
27808,erics dvds
27808,wretched
27812,rock and roll
27812,trains
27812,music documentary
27815,owned
27815,france
27815,tumeys dvds
27815,choir
27816,world war ii
27816,less than 300 ratings
27816,wwii
27816,pg13
27816,mormon
27816,hulu
27816,at rogers video
27820,childhood
27820,on dvr
27820,family
27820,desert
27820,great cinematography
27820,singing
27820,animal movie
27820,netflix instant watching
27820,sheep
27821,united nations
27821,bibliothek
27821,sean penn
27821,nicole kidman
27821,african atrocities
27821,erics dvds
27821,moped
27821,seen
27822,true story
27822,unique
27822,shark
27822,watched 2006
27822,bahamas
27822,ocean
27822,stupidity
27822,no happy end
27826,less than 300 ratings
27826,gay
27826,culture clash
27826,asian culture
27826,gay relationship
27826,cary grant
27826,toronto
27828,alzheimers disease
27830,golf
27830,sport:golf
27831,drugs
27831,nudity (topless)
27831,guy ritchie
27831,british
27831,watched 2006
27831,directorial debut
27831,daniel craig
27831,tumeys dvds
27834,available at cml
27834,on dvr
27834,psychology
27834,tense
27834,fathers and sons
27834,bleak
27834,cinematography
27834,little dialogue
27834,nr (pg)
27834,torent
27834,gloomy
27834,poignant
27834,harsh
27834,tumeys dvds
27834,ummarti2006
27834,venice film festival winner
27834,fatherhood
27834,austere
27834,downbeat
27834,journey of selfdiscovery
27834,drab
27834,father dies
27837,remake
27837,desert
27837,movie to see
27837,dennis quaid
27837,flying pigs
27838,mental illness
27838,revenge
27838,drama
27838,usa
27838,made me cry
27838,bullying taken too far
27839,bibliothek
27839,remake
27839,movie to see
27839,naomi watts
27839,seen at the cinema
27839,ummarti2006
27839,seen
27839,offensive
27841,movie to see
27843,fascism
27843,military
27843,childhood
27843,school
27843,on dvr
27843,male nudity
27843,politics
27843,friendship
27843,bullying
27843,sad
27843,race
27843,catholic
27843,cycling
27843,coup
27843,1970s
27843,teenagers
27843,motherson relationship
27843,birthday
27843,kiss
27843,rich and poor
27843,class
27843,class differences
27843,sibling relationships
27843,priest
27843,movie theatre
27843,fathers and daughters
27843,swimming pool
27843,dictatorship
27843,communists
27843,class society
27843,latin america
27843,see: italianetz
27843,flag
27843,schoolyard fight
27843,teenage girl
27846,abuse
27846,corporations
27846,capitalism
27846,politics
27846,dvdr
27846,own
27846,dvdram
27846,documentary critique
27846,free to download
27846,american idiocy
27846,evil corporations
27850,capitalism
27850,egomaniacs
27864,nudity
27864,spike lee
27864,lesbian sex scene
27865,ninja
27865,assassin
27865,sword fighting
27865,to see
27865,dark hero
27865,female warriors
27865,teenage girl
27866,nudity (topless)
27866,netflix
27866,rare
27866,library
27869,tumeys dvds
27869,to see
27873,library
27873,watched 2007
27873,music documentary
27874,less than 300 ratings
27875,less than 300 ratings
27875,gangsters
27875,gangs
27875,death penalty
27875,biographical
27876,german
27876,yahoo top pick
27878,india
27878,on computer
27878,legenda ptbr
27878,prostitution
27878,torent
27878,mnm
27878,on hold
27878,netwatch
27878,qube
27878,photography
27878,photographer
27878,oscar (best documentary feature)
27878,in library
27879,netflixq
27879,sundance award winner
27879,movielens top pick
27879,sundance grand jury prize
27879,music documentary
27882,hawaii
27882,surfing
27882,ummarti2007
27884,scrabble
27888,slow
27899,existentialism
27899,cult
27899,own
27899,propaganda
27899,new age
27899,attachment
27899,pseudoscience
27899,(s)vcd
27899,blunt existentialism
27904,surrealism
27904,philip k dick
27904,keanu reeves
27904,animated
27904,based on a book
27904,cool
27904,clearplay
27904,rotoscope
27904,erlends dvds
27904,netflix
27904,without martha
27904,mnm
27904,need to own
27904,oppl
27904,rotoscoping
27904,not corv lib
27904,tumeys dvds
27904,surveillance
27904,tag
27904,flowers
27904,bad story
27905,visually appealing
27912,documentary
27912,politics
27912,journalism
27912,liberal
27912,own
27912,propaganda
30659,netwatch
30701,orson welles
30701,shakespeare
30701,not available from netflix
30701,svens to see list
30707,boxing
30707,slow
30707,oscar (best directing)
30707,sports
30707,oscar (best actress)
30707,oscar (best picture)
30707,imdb top 250
30707,dramatic
30707,drama
30707,dark
30707,owned
30707,bibliothek
30707,clint eastwood
30707,los angeles
30707,sport:boxing
30707,narrated
30707,predictable
30707,sad
30707,morgan freeman
30707,white trash
30707,seen 2006
30707,watched 2006
30707,oscar (best supporting actor)
30707,jay baruchel
30707,hilary swank
30707,below r
30707,oscar winner
30707,boxing drama
30707,library
30707,birthday
30707,so sad
30707,michael crichton
30707,made me cry
30707,tumeys dvds
30707,disability
30707,hospital
30707,qube
30707,realistic tough female
30707,yahoo top pick
30707,moviepig top pick
30707,women in sport
30707,priest
30707,avi
30707,mother daughter relationship
30707,seen
30707,coach
30707,female athletes
30707,waitress
30707,gender discrimination
30707,gender
30707,most overrated movie ever
30707,strong woman
30707,ethics
30707,inspiring sports movie
30712,less than 300 ratings
30712,tcm
30712,movielens top pick
30721,less than 300 ratings
30745,netflix
30745,takashi miike
30749,united nations
30749,survival
30749,factual
30749,holocaust
30749,history
30749,genocide
30749,war
30749,racism
30749,imdb top 250
30749,thriller
30749,tragedy
30749,depressing
30749,true story
30749,family
30749,orphans
30749,legenda ptbr
30749,civil war
30749,pg13
30749,great cast excellent
30749,colonialism
30749,rebellion
30749,journalism
30749,sad
30749,movie to see
30749,joaquin phoenix
30749,heroism
30749,seen 2006
30749,1990s
30749,to watch soon
30749,don cheadle
30749,propaganda
30749,hong kong
30749,african atrocities
30749,injustice
30749,afi 100 (cheers)
30749,erics dvds
30749,tear jerker
30749,tumeys dvds
30749,qube
30749,ethnic conflict
30749,rwanda
30749,killing
30749,manager
30749,pg13:brief strong language
30749,pg13:violence
30749,whiskey
30749,refugee
30749,altruism
30749,dehumanization
30749,tribal
30749,story of one family
30749,topic:propaganda
30749,individual heroism
30749,my movies
30793,johnny depp
30793,fantasy
30793,tim burton
30793,quirky
30793,children
30793,dark
30793,adaptation
30793,remake
30793,based on a book
30793,adapted from:book
30793,family bonds
30793,roald dahl
30793,chocolate
30793,punishment
30793,movie to see
30793,childhood flashback
30793,greed
30793,below r
30793,fatherson relationship
30793,based on book
30793,fatherdaughter relationship
30793,silly fun
30793,helena bonham carter
30793,dentist
30793,remadeas:charlie and the chocolate(2005)
30793,remakeof:willy wonka(1971)
30793,author:roald dahl
30793,families
30793,grandparents
30793,clowny clones
30793,androgyny
30793,ticket
30793,parents
30793,burton
30793,freddie highmore
30803,kiduk kim
30803,on computer
30803,quirky
30803,visual
30803,understated
30803,stylized
30803,quiet
30803,silent
30803,cerebral
30803,magic realism
30803,very little dialogue
30803,library
30803,starcrossed lovers
30803,unlikely friendships
30803,deliberate
30803,seen
30803,women in jeopardy
30810,funny
30810,bill murray
30810,wes anderson
30810,nudity (topless)
30810,boring
30810,quirky
30810,dark
30810,humor
30810,so funny
30810,stylized
30810,criterion
30810,submarine
30810,whimsical
30810,weird
30810,liam neeson
30810,abe
30810,unbelievable
30810,great
30810,ocean
30810,deadpan
30810,tumeys dvds
30810,wry
30812,biopic
30812,aviation
30812,aircraft
30812,oscar (best supporting actress)
30812,martin scorsese
30812,biography
30812,owned
30812,bibliothek
30812,true story
30812,oscar (best cinematography)
30812,jude law
30812,leonardo dicaprio
30812,sweeping
30812,movie to see
30812,spindle
30812,nostalgic
30812,wasted potential
30812,lavish
30812,compassionate
30812,want to own
30812,more mature leo decaprio
30812,dvdvideo
30812,my dvds
30812,movie business
30812,elegant
30812,cinematographer:robert richardson
30816,phone booth
30816,remake
30816,disturbing
30816,erlends dvds
30816,gerard butler
30816,visually appealing
30816,emmy rossum
30816,adapted from bway
30816,andrew lloyd webber
30818,true story
30818,great music
30820,disturbing
30820,sexuality
30820,watched 2006
30820,child abuse
30820,need to own
30820,honest
30820,paedophilia
30820,mental health
30822,seen 2007
30822,dvd
30822,new york city
30822,basketball
30822,pg13
30822,father daughter relationship
30822,college
30822,movie to see
30822,magazines
30822,business
30822,ingrid bergman
30822,dennis quaid
30822,birthday
30822,corvallis library
30822,advertising
30822,universal
30825,bibliothek
30825,robert de niro
30825,dustin hoffman
30825,ben stiller
30825,teri polo
30825,blythe danner
30825,erics dvds
30825,avi
30846,sean penn
30846,acting
30846,don cheadle
30846,netwatch
30848,based on a book
30848,must see
30848,creative plot
30848,new orleans
30848,hw drama
30848,not corv lib
30848,interesting characters
30850,based on a book
30850,clearplay
30850,shakespeare
30850,al pacino
30850,own
30850,venice
30850,based on a play
30850,crossdressing women
30850,playwright:shakespeare
30850,adapted from:play
30850,englishlanguage millenial comedies
30850,in library
30883,bill cosby
30892,less than 300 ratings
30894,crap horror
30894,michael keaton
30898,seen 2008
30949,less than 300 ratings
30952,less than 300 ratings
30996,less than 300 ratings
30996,national film registry
31030,less than 300 ratings
31030,motherhood
31035,nuclear war
31038,sundance award winner
31038,sundance grand jury prize
31042,aviation
31042,less than 300 ratings
31042,motorcycle
31042,not corv lib
31047,logic complexity
31053,bollocks
31079,stupid
31079,japan
31083,jack nicholson
31101,true story
31101,underrated
31101,colonialism
31101,south africa
31101,anomie
31114,less than 300 ratings
31116,war
31116,true story
31116,hero
31116,world war i
31116,afi 100 (cheers)
31116,national film registry
31116,netflix top pick
31116,wwi
31148,bab cinema
31150,nazis
31150,cartoons for big kids
31156,invisibility
31162,depressing
31162,sad
31162,television
31162,great acting
31162,biographical
31162,not corv lib
31184,anime
31184,jonossa
31184,library
31184,erics dvds
31184,dynamic cgi action
31184,lame anime
31184,great anime
31193,disney animated feature
31193,disney
31193,adapted from:book
31193,john fiedler
31193,based on book
31193,series:pooh
31193,my movies
31221,marvel
31221,jennifer garner
31221,nice effects
31221,dumb but funny
31221,awful movie
31221,frank miller
31221,adapted from:comic
31221,heroine in tight suit
31221,from kata
31223,dustin hoffman
31223,race
31223,erlends dvds
31223,frankie muniz
31223,whoopi goldberg
31223,snoop dogg
31223,hayden panettiere
31223,joshua jackson
31223,joe pantoliano
31223,michael clarke duncan
31225,computers
31225,samuel l jackson
31225,torent
31225,tumeys dvds
31247,less than 300 ratings
31251,cryogenics
31255,70mm
31260,less than 300 ratings
31263,for katie
31270,nudity (topless)
31270,to see
31270,pseudozombies
31347,less than 300 ratings
31347,office
31347,tumeys dvds
31347,prank
31347,contest
31364,serial killer
31364,disturbing
31364,understated
31364,movielens top pick
31364,melancholy
31364,police investigation
31364,to see
31364,gritty
31364,wry
31364,matteroffact
31367,police
31367,car chase
31367,cars
31408,nudity (topless)
31408,gay lead character
31408,coming of age
31408,germany
31410,nudity (topless)
31410,berlin
31410,factual
31410,adolf hitler
31410,history
31410,world war ii
31410,war
31410,nazis
31410,imdb top 250
31410,interesting
31410,foreign
31410,disturbing
31410,bleak
31410,great cast excellent
31410,controversial
31410,communism
31410,erlends dvds
31410,historical
31410,germany
31410,get
31410,german movie
31410,end of war
31410,tumeys dvds
31410,historically inaccurate
31410,nazi germany
31410,drinking
31410,austere
31410,downbeat
31410,civilians at war
31410,hitler
31410,women during wartime
31410,secretary
31410,wintry
31410,doctors and patients
31410,distorted sense of reality
31410,hitler youth (hj)
31410,my movies
31420,corruption
31420,related:rio bravo(1958)
31422,ice cube
31422,movie to see
31424,worst movie ever
31424,video game adaptation
31424,adapted from:game
31424,uwe boll sucks
31424,bollocks
31424,imdb bottom 100
31427,idiotic
31427,twist ending
31427,robert de niro
31427,imaginary friend
31427,surprise ending
31427,alternate endings
31429,submarine
31429,nature
31429,ocean
31431,pointless
31433,watched 2007
31435,less than 300 ratings
31435,inspirational
31435,heartwrenching
31435,not corv lib
31435,to see
31435,disability
31435,englishlanguage millenial comedies
31435,cdon
31435,james mcavoy
31437,disturbing
31437,orphans
31437,understated
31437,video games
31437,meditative
31437,tokyo
31437,seen 2006
31437,child abuse
31437,abandonment
31437,siblings
31437,lyrical
31437,deliberate
31437,mothers and sons
31437,kids in trouble
31447,stupid
31467,boxing
31467,sport:boxing
31522,nudity (rear)
31522,intimate
31522,stylized
31522,bittersweet
31522,wistful
31522,melancholy
31522,poignant
31522,tumeys dvds
31522,deliberate
31522,love triangles
31522,svens to see list
31522,brd trilogy
31522,ladder to the top
31522,lovers reunited
31522,romantic betrayal
31528,war
31528,brothers
31528,treasure
31528,j netflix
31528,wealth
31545,criterion
31553,videogame like
31555,cant remember
31584,childhood
31584,world war ii
31584,underrated
31584,jewish
31584,reflective
31584,women
31584,ring
31584,poignant
31584,compassionate
31584,memories
31584,unlikely friendships
31584,violin
31584,generations
31584,mother daughter relationship
31584,musicians
31584,husbandwife relationship
31584,2000s
31584,elegiac
31584,civilians at war
31584,women during wartime
31588,disturbing
31588,bleak
31588,svens to see list
31588,downbeat
31590,tense
31590,bleak
31590,cynical
31590,visceral
31590,downbeat
31590,moody
31617,less than 300 ratings
31658,fantasy
31658,life
31658,war
31658,hayao miyazaki
31658,in netflix queue
31658,magic
31658,romance
31658,adventure
31658,animation
31658,dreamlike
31658,anime
31658,japan
31658,miyazaki
31658,studio ghibli
31658,stylized
31658,fantasy world
31658,erlends dvds
31658,whimsical
31658,seen 2006
31658,steampunk
31658,the book was better
31658,curse
31658,want to own
31658,based on book
31658,alter ego
31658,zibri studio
31658,antiwar
31658,just amazing movie
31658,my dvds
31658,witchcraft
31658,ummarti2006
31658,aging
31658,wizards and magicians
31658,pelicula anime
31658,age issues
31658,journey of selfdiscovery
31658,fanciful
31660,space
31660,anime
31660,sweeping
31660,pulp
31660,atmospheric
31660,watch the credits
31660,passionate
31660,visually interestingthats about it
31660,steampunk
31660,watched 2007
31660,lyrical
31660,fanciful
31660,big budget
31682,teddy award
31685,funny
31685,new york city
31685,cute
31685,hitchcock
31685,will smith
31685,watched 2005
31685,erics dvds
31685,mentor/trainer
31685,pua
31687,disney animated feature
31687,animation
31687,disney
31687,erlends dvds
31687,jim cummings
31687,nikita hopkins
31687,john fiedler
31687,brenda blethyn
31687,david ogden stiers
31687,kath soucie
31687,pooh
31687,series:pooh
31689,politics
31689,pop culture
31689,pornographys influence
31689,library on hold
31689,to see
31689,porn industry
31689,pornography
31694,based on a book
31694,adapted from:book
31694,bollywood
31694,updated classics
31694,author:jane austen
31696,gothic
31696,lesbian
31696,keanu reeves
31696,owned
31696,get
31696,own
31696,erics dvds
31696,heaven and hell
31696,adapted from:comic
31696,dc comics
31696,author:alan moore
31696,avi
31698,jamie kennedy
31698,imdb bottom 100
31702,middle east
31702,iraq war
31705,drama
31705,sexuality
31705,muay thai
31705,thai boxing
31705,transgender
31705,to see
31705,yahoo top pick
31737,less than 300 ratings
31770,criterion
31770,tcm
31785,finnish
31785,rare
31785,library vhs
31804,vampire
31804,vampires
31804,girlie movie
31804,ummarti2007
31854,less than 300 ratings
31854,national film registry
31878,comedy
31878,china
31878,soccer
31878,martial arts
31878,watched 2006
31878,slapstick
31878,hong kong
31878,wuxia
31878,erics dvds
31878,not corv lib
31878,to see
31878,dynamic cgi action
31878,shanghai
31903,marriage
31903,j netflix
31923,easygoing
31923,in netflix queue
31923,witty
31923,classic
31923,70mm
31923,erlends dvds
31923,madcap
31923,light
31923,swashbuckler
31923,bright
31952,on dvr
31952,murder
31952,symbolism
31952,watched 2005
31952,seen at the cinema
31952,rivalry
31952,tumeys dvds
31952,trains
31952,subway
31952,narcolepsy
31952,subterranean
31956,divorce
31956,nonlinear
31956,seen 2007
31956,bibliothek
31956,paris
31956,rape
31956,wedding
31956,library
31956,seen
31956,canal
31973,italian
31998,friendship
31998,notable nudity
31998,fatherson relationship
31998,morality
31998,reality tv
31998,explicit sex scene
31998,loneliness
31998,sex scenes
31998,doll sex
31998,porn industry
31998,apartment
31998,video camera
31998,my addition to ml
31998,vomitinducing
32009,tyler perry
32011,ummarti2006
32017,predictable
32017,movie to see
32017,max thieriot
32017,vin diesel
32019,uma thurman
32019,erics dvds
32022,military
32022,less than 300 ratings
32022,iraq
32025,less than 300 ratings
32025,glbt
32025,prejudice
32025,good acting
32025,nazi
32025,gay propaganda
32029,holocaust
32029,best of 2005
32029,bruce willis
32029,gfei own it
32031,robots
32031,seen 2007
32031,erlends dvds
32031,business
32031,fatherson relationship
32031,erics dvds
32031,yahoo top pick
32031,buy
32058,courtroom
32058,gene hackman
32060,black and white
32060,silent
32060,dvdr
32060,who done it
32074,hulu
32076,funny
32082,basketball
32082,sport:basketball
32088,crap horror
32124,boring
32139,less than 300 ratings
32139,70mm
32160,in netflix queue
32160,terrible
32160,lame
32162,less than 300 ratings
32174,vietnam
32174,guerilla warfare
32174,special forces
32174,john wayne
32174,erlends dvds
32174,movie to see
32179,meditative
32179,urbane
32179,breakthroughs
32179,atmospheric
32179,library
32179,claustrophobic
32179,j netflix
32179,ominous
32179,menacing
32179,nocturnal
32179,trapped or confined
32179,femmes fatales
32179,perfect crime
32179,treacherous spouses
32211,violence
32211,lesbian
32211,male nudity
32211,revenge
32211,nudity (rear)
32211,sexual abuse
32211,rape
32211,exploitation
32211,rare
32211,unsimulated sex scenes
32211,explicit sex scene
32211,to see
32211,masturbation
32211,heroine
32211,slow motion
32211,pieni leffakauppa
32234,less than 300 ratings
32234,jane fonda
32234,jason robards
32234,vanessa redgrave
32239,aliens
32239,crazy guy
32261,world war ii
32261,not corv lib
32261,sure thing
32289,pointless
32289,figure skating
32291,woody allen
32291,bibliothek
32291,erlends dvds
32291,favorite
32291,allen is brilliant
32291,seen
32296,movie to see
32296,sandra bullock
32296,ernie hudson
32296,william shatner
32298,remake
32298,erics dvds
32300,lesbian
32300,spying
32300,queer
32300,girlie movie
32300,parody
32300,spies
32300,slash
32300,watched 2006
32347,less than 300 ratings
32349,5 out of 5
32352,less than 300 ratings
32361,oscar (best supporting actor)
32369,fox film noir series
32369,zero mostel
32369,richard widmark
32371,in netflix queue
32371,less than 300 ratings
32371,chicago
32371,fox film noir series
32371,reporter
32383,70mm
32383,francis ford coppola
32387,tense
32387,japan
32387,samurai
32387,sweeping
32387,rage
32387,rousing
32387,tatsuya nakadai
32392,humor
32395,strangely compelling
32456,survival
32456,fighting
32456,on computer
32456,environment
32456,supernatural
32456,studio ghibli
32456,rebellion
32456,narrated
32456,animal attacks
32456,singing
32456,shape shifter
32456,television
32456,flying
32456,bizarre
32456,urban
32456,man vs nature
32456,animals die :(
32456,ecology
32456,environmental
32456,destruction
32456,news media
32456,extraordinary
32456,statue
32456,message picture
32456,forest
32456,illusionist
32456,fighting the system
32456,antiauthoritarian
32456,seasons
32456,face
32456,metamorphosis
32456,television show
32456,unconventional
32456,my addition to ml
32456,resistance movement
32456,spirits
32456,meeting
32456,folk tale
32460,nudity (topless)
32460,road trip
32460,not available from netflix
32460,na
32469,remade
32525,stylized
32525,criterion
32525,reflective
32525,melancholy
32525,lavish
32525,literate
32582,birds
32582,beautiful
32582,surprise ending
32582,parrots
32582,bird
32584,less than 300 ratings
32584,underrated
32584,daniel daylewis
32584,fatherhood
32587,funny
32587,crime
32587,nudity (topless)
32587,based on comic
32587,violence
32587,superhero
32587,cartoon
32587,artistic
32587,quentin tarantino
32587,imdb top 250
32587,robert rodriguez
32587,want to see again
32587,dark
32587,ultraviolence
32587,violent
32587,dvd
32587,classic
32587,multiple storylines
32587,tense
32587,cannibalism
32587,black comedy
32587,noir
32587,alexis bledel
32587,comic
32587,murder
32587,goretastic
32587,best of 2005
32587,bleak
32587,bruce willis
32587,sigourney weaver
32587,great cinematography
32587,stylized
32587,narrated
32587,must see
32587,movie to see
32587,crime gone awry
32587,graphic novel
32587,benicio del toro
32587,atmospheric
32587,cult
32587,own
32587,cool but freaky
32587,mickey rourke
32587,want it
32587,author:frank miller
32587,clive owen
32587,jessica alba
32587,watched 2005
32587,seen at the cinema
32587,nice effects
32587,visually appealing
32587,rutger hauer
32587,divx
32587,harsh
32587,erics dvds
32587,tumeys dvds
32587,frank miller
32587,michael madsen
32587,my dvds
32587,adapted from:comic
32587,prostitutes
32587,visceral
32587,multifaceted
32587,killerasprotagonist
32587,nocturnal
32587,moody
32587,criticker top pick
32587,cool design
32587,castration
32587,my movies
32587,robert rodriguiz
32587,buy
32587,gruesome
32587,comics based
32591,music
32591,tumeys dvds
32593,mexico
32593,volkswagen
32593,race
32593,beautiful scenery
32593,helicopters
32593,trucks
32596,horrible
32596,movie to see
32596,watched 2006
32596,gfei own it
32596,awful movie
32596,erics dvds
32596,amature
32598,federico fellini
32598,nick hornby
32598,movie to see
32598,charming
32600,art house
32600,to see
32600,episodic
32600,courtesan
32602,plotless
32617,motorcycle
32625,70mm
32627,golden raspberry (worst actor)
32632,motorcycle
32646,less than 300 ratings
32646,70mm
32646,rock and roll
32649,fascism
32649,italian
32649,homosexuality
32666,imdb bottom 100
32668,twist ending
32668,assassins
32668,amnesia
32674,based on a book
32674,literary adaptation
32674,ernest hemingway
32721,world war ii
32721,less than 300 ratings
32770,brothers
32770,family dynamics
32781,classic
32781,70mm
32781,gene hackman
32853,sdasd
32853,wwii
32853,collaborators
32853,guerilla warfare
32853,occupation
32882,less than 300 ratings
32882,netflix
32882,marx brothers
32892,black and white
32892,bleak
32892,amazing cinematography
32892,criterion
32892,directorial debut
32892,russian
32892,library
32892,library vhs
33004,slow
33004,space
33004,book was better
33004,scifi
33004,space travel
33004,witty
33004,end of the world
33004,seen more than once
33004,president
33004,humor
33004,based on a book
33004,enjoyable
33004,movie to see
33004,own
33004,john malkovich
33004,below r
33004,bureaucracy
33004,light
33004,based on book
33004,literature
33004,divx1
33004,martin freeman
33004,erics dvds
33004,dolphins
33004,avi
33004,hitchhiker
33004,mouse
33004,tea
33004,singularity
33004,mt
33004,stephen fry
33036,movie to see
33036,george kennedy
33036,double agents
33036,fistfighting
33036,utah
33072,nudity (topless)
33072,fraud
33072,orson welles
33072,mockumentary
33072,netflix
33072,latecareer surprise
33085,ghosts
33085,possession
33085,remake
33085,based on a book
33085,haunted house
33085,mysrysare
33124,world war ii
33124,library
33136,nyc
33136,coming of age
33138,netflix
33138,brilliant
33138,not corv lib
33150,soccer
33150,adapted from:book
33150,gerard butler
33150,sport:soccer football
33154,available at cml
33154,corruption
33154,capitalism
33154,politics
33154,realistic
33154,clearplay
33154,california
33154,texas
33154,money
33154,netflix
33154,scandal
33154,business
33154,seen 2006
33154,1990s
33154,own
33154,houston
33154,corporate america
33154,netwatch
33154,energy
33154,important
33154,scam
33154,2000s
33154,liars
33158,samuel l jackson
33162,medieval
33162,history
33162,crusades
33162,kidnapping
33162,action packed
33162,best of 2005
33162,clearplay
33162,erlends dvds
33162,ridley scott
33162,liam neeson
33162,jerusalem
33162,orlando bloom
33162,visually interestingthats about it
33162,crusaders
33162,jihad
33162,cavalry charge
33162,who cares dvds
33164,pointless
33164,jared padalecki
33166,police
33166,crime
33166,oscar (best picture)
33166,racism
33166,imdb top 250
33166,ensemble cast
33166,owned
33166,redemption
33166,best of 2005
33166,clearplay
33166,must see
33166,cultural conflict
33166,social commentary
33166,guns
33166,breakthroughs
33166,seen 2006
33166,watched 2006
33166,race issues
33166,own
33166,relationships
33166,don cheadle
33166,poignant
33166,erics dvds
33166,qube
33166,disambiguation:crash (1996/2004)
33166,confrontational
33166,jbs dvds
33166,2000s
33166,downbeat
33166,my movies
33166,good characters
33166,terrence howard
33168,adapted from tv show
33171,male nudity
33171,gay
33171,brainwashing
33171,disturbing
33171,prostitution
33171,child abuse
33171,poorly acted
33171,want to own
33171,literature
33171,memories
33171,superb acting
33171,not corv lib
33171,repression
33171,dissociation
33171,male prostitute
33171,alien abduction
33171,edgy
33237,clark gable
33237,spenser tracy
33312,classic marx
33312,marx brothers
33358,drama
33358,desert
33358,no plot
33358,wellacted
33358,mental health
33358,artist mind
33421,less than 300 ratings
33437,psychology
33437,movie to see
33437,morgan freeman
33437,usa
33437,watched 2006
33437,library
33437,erics dvds
33437,jet li
33451,less than 300 ratings
33451,not available from netflix
33451,library
33454,nudity (topless)
33493,robots
33493,action
33493,sequel
33493,space
33493,fantasy
33493,superhero
33493,war
33493,on computer
33493,scifi
33493,samuel l jackson
33493,adventure
33493,great soundtrack
33493,dark
33493,dvd
33493,seen more than once
33493,crap
33493,natalie portman
33493,space opera
33493,franchise
33493,futuristmoviescom
33493,crappy sequel
33493,series
33493,hayden christensen
33493,lucas
33493,seen at the cinema
33493,star wars
33493,violently stupid
33493,divx1
33493,tumeys dvds
33493,good versus evil
33493,dynamic cgi action
33493,noise in space
33493,far future
33493,bmf
33495,robert duvall
33499,movie to see
33499,netflix
33499,wanda sykes
33499,jane fonda
33499,michael vartan
33499,jennifer lopez
33539,less than 300 ratings
33558,oppl
33564,easygoing
33564,light
33564,j netflix
33564,breakups and divorces
33564,merry
33564,crumbling marriages
33585,nudity (full frontal)
33585,sex
33585,full frontal nudity
33585,to see
33585,blindfold
33585,filmifriikki
33592,nudity (topless)
33592,kiduk kim
33603,less than 300 ratings
33615,funny
33615,comedy
33615,animation
33615,lion
33615,lions
33615,dreamworks
33615,penguins
33615,ben stiller
33615,penguin
33615,watched 2005
33615,seen at the cinema
33615,made me cry
33615,zoo
33615,freedom
33621,australian
33621,coming of age
33621,for katie
33639,on computer
33639,new york city
33639,musical
33639,competition
33639,seen 2006
33639,torent
33639,to rent
33639,education
33639,ballroom dancing
33639,teachers
33644,franchise
33644,pointless
33646,funny
33646,football
33646,movie to see
33646,burt reynolds
33646,adam sandler
33646,divx1
33646,sport:american football
33646,remakeof:the longest yard (1974)
33646,remakeof:the longest yard (2005)
33646,lonesome polecat
33649,lesbian
33649,funniest movies
33649,to see
33649,englishlanguage millenial comedies
33649,saving face
33660,boxing
33660,sports
33660,childhood
33660,imdb top 250
33660,netflixq
33660,true story
33660,ron howard
33660,no kids
33660,best of 2005
33660,pg13
33660,cinematography
33660,depression
33660,sport:boxing
33660,russell crowe
33660,great depression
33660,radio
33660,boxing drama
33660,library
33660,oscar nominee
33660,tumeys dvds
33660,economic depression
33660,members of the press
33660,washed up
33660,news media
33660,husbandwife relationship
33660,story of one family
33660,want to buy
33669,chick flick
33669,offensive
33672,los angeles
33672,skateboarding
33672,ummarti2007
33672,lord of the ring
33677,funny
33677,music
33677,less than 300 ratings
33677,rock and roll
33677,library
33679,espionage
33679,angelina jolie
33679,brad pitt
33679,spies
33679,vince vaughn
33679,guns
33679,adam brody
33679,gfei own it
33679,watched 2007
33679,kickbutt women
33679,divx1
33679,erics dvds
33679,craptacular
33679,mr stretch
33679,avi
33679,cinematographer:bojan bazelli
33679,explodeytime
33681,robert rodriguez
33681,robert rodriguiz
33685,imdb bottom 100
33722,tag
33722,in library
33725,dark comedy
33725,less than 300 ratings
33725,mockumentary
33725,imaginary friend
33725,cameos
33725,adultery
33725,deafness
33725,library
33725,hw comedy
33725,not corv lib
33725,disability
33725,strong romantic subplot
33725,cameofest
33725,topic:deafness
33725,disc jockey (scene)
33725,lip reading
33725,music business
33725,whiskey
33725,musicians life
33725,hearing impairment
33750,library
33750,netwatch
33794,action
33794,slow
33794,baseball
33794,prequel
33794,based on comic
33794,superhero
33794,christopher nolan
33794,imdb top 250
33794,ninja
33794,want to see again
33794,dark
33794,dvd
33794,christian bale
33794,comic
33794,best of 2005
33794,batman
33794,pg13
33794,amazing cinematography
33794,stylized
33794,dc
33794,franchise
33794,morgan freeman
33794,gary oldman
33794,atmospheric
33794,good acting
33794,favorites
33794,liam neeson
33794,katie holmes
33794,michael caine
33794,gfei own it
33794,melancholy
33794,superheros
33794,watched 2005
33794,seen at the cinema
33794,alter ego
33794,want
33794,saturn award (best actor)
33794,saturn award (best writing)
33794,erics dvds
33794,league of shadows
33794,dvdvideo
33794,adapted from:comic
33794,dc comics
33794,gritty
33794,batman (series)
33794,scope
33794,nocturnal
33794,moody
33794,gadget car
33794,homelist1
33815,hilary duff
33815,movies 8
33817,england
33817,lesbian
33821,oil
33823,boring
33823,mediocre plot
33826,running
33826,na
33830,disney
33830,cars
33830,race
33830,nascar
33830,sport:car racing (nascar)
33830,buy
33832,understated
33834,post apocalyptic
33834,zombies
33834,zombie
33834,mmm brains
33834,svens to see list
33836,bad
33836,witch
33836,nicole kidman
33836,will ferrell
33836,movie to see
33836,beautiful
33836,nora ephron
33836,will ferrel
33838,hip hop
33838,dance
33838,not corv lib
33880,quirky
33880,fathers and sons
33880,unique
33880,trash
33880,netflix
33880,bittersweet
33880,weird
33880,avante garde
33880,irreverent
33880,deadpan
33880,lyrical
33880,independent film
33880,sexual awakening
33880,ebert best ten list
33880,down on their luck
33896,creepy
33896,cannibalism
33896,disturbing
33896,jonossa
33896,macabre
33896,chanwook park
33896,japanese
33896,takashi miike
33896,dani2006
33896,korean
33896,ummarti2006
33896,not for the squeamish
33896,gruesome
33903,bad ending
33903,nudity (topless)
33903,in netflix queue
33903,exceptional acting
33903,politics
33903,twists & turns
33903,foreign
33903,revolution
33903,idealism
33903,on hold
33903,to see
33966,children
33966,burt reynolds
33966,golden raspberry (worst actor)
34002,marx brothers
34018,tumeys dvds
34018,marx brothers
34048,action
34048,slow
34048,aliens
34048,book was better
34048,scifi
34048,tom cruise
34048,remake
34048,based on a book
34048,steven spielberg
34048,adapted from:book
34048,father daughter relationship
34048,storm
34048,erlends dvds
34048,invasion
34048,single father
34048,futuristmoviescom
34048,watched 2006
34048,gfei own it
34048,weak ending
34048,alien invasion
34048,author:h g wells
34048,seen
34048,2000s
34048,child in peril
34048,hg wells
34065,less than 300 ratings
34072,very moving
34072,animals
34072,survival
34072,penguins
34072,erlends dvds
34072,winter
34072,movie to see
34072,scenic
34072,penguin
34072,beautiful
34072,nature
34072,nature wildlife
34072,beautifully filmed
34072,overly sentimental
34072,dani2006
34072,library on hold
34072,ummarti2006
34072,antarctica
34072,oscar (best documentary feature)
34072,ice music
34072,white
34129,interesting
34129,martin lawrence
34143,david lynch
34143,remake
34143,disapointing
34143,jennifer connelly
34148,paris
34148,french
34148,nr (r)
34148,piano
34148,second chance
34148,real estate
34150,action
34150,garbage
34150,superhero
34150,on dvr
34150,boring
34150,fairy tale
34150,movie to see
34150,foqam
34150,good action
34150,get
34150,nothing special
34150,too short
34150,divx1
34150,adapted from:comic
34150,invisibility
34150,mask
34150,heroine in tight suit
34150,radiation
34153,sports
34153,on dvr
34153,friendship
34153,sexuality
34153,on hold
34153,wheelchair
34153,disability
34153,quirky subculture
34153,rehabilitation
34153,obscure sports
34153,car accident
34153,discshop
34153,physical therapy
34153,living with disability
34153,wheelchair badass
34153,want to buy
34155,fathers and sons
34155,bleak
34155,understated
34155,reflective
34155,library
34155,angry
34155,corvallis library
34155,deliberate
34155,breakups and divorces
34155,humiliation
34155,death of a spouse
34155,families in crisis
34162,funny
34162,comedy
34162,nudity (topless)
34162,nudity (rear)
34162,classic
34162,clearplay
34162,vince vaughn
34162,party
34162,sex
34162,wedding
34162,buddy comedy
34162,lying
34162,guys
34162,painting
34162,will ferrell
34162,funeral
34162,seen 2006
34162,owen wilson
34162,enjoyed despite myself
34162,buddies
34162,not bad
34162,want to own
34162,false identity
34162,rachel mcadams is hot
34162,divx1
34162,bit overrated
34162,erics dvds
34162,forgettable
34162,sex scenes
34162,decent
34162,washington dc
34162,stiller&wilson
34162,subgenre:buddies
34162,theme:lying
34162,weddings
34162,gay character
34162,i own this
34164,comedy
34164,dark comedy
34164,drama
34164,netflix
34164,to see
34164,likeilike top pick
34189,unintentional comedy
34198,less than 300 ratings
34198,nudity (full frontal)
34198,netflix
34198,to see
34271,music
34271,in netflix queue
34271,black
34271,pimps
34271,prostitution
34271,hip hop
34271,movie to see
34271,seen 2006
34271,get
34271,urban
34271,erics dvds
34271,rap
34271,debased
34319,action
34319,slavery
34319,thriller
34319,product placement
34319,immortality
34319,future
34319,scarlett johansson
34319,genetics
34319,israel
34319,ewan mcgregor
34319,movie to see
34319,futuristmoviescom
34319,cloning
34319,own
34319,exciting
34319,biology
34319,what is happiness
34319,freedom
34319,pub
34319,michael bay
34319,avi
34319,seen
34319,sean bean dies
34321,baseball
34321,sports
34321,remake
34321,greg kinnear
34323,kidnapping
34323,best of 2005
34323,clowns
34326,netflix
34326,gus van sant
34332,funny
34332,bruce campbell
34332,comedy
34332,action
34332,seen more than once
34332,cute
34332,high school
34332,super hero
34332,movie to see
34332,skinhead
34332,pretty funny
34334,stupid
34334,unintentional comedy
34334,ai
34334,mt
34336,bond
34336,good romantic comedies
34336,love story
34336,chick flick
34336,john cusack
34336,elizabeth perkins
34336,christopher plummer
34336,dermot mulroney
34336,diane lane
34338,comedy
34338,garbage
34338,alfred hitchcock
34338,animation
34338,amusing
34338,entertaining
34338,dvdr
34338,fucking awesome
34338,trey parker
34338,obscenity
34338,matt stone
34353,gene hackman
34359,pregnancy
34405,dystopia
34405,action
34405,slow
34405,space
34405,aliens
34405,on computer
34405,scifi
34405,quirky
34405,adventure
34405,drama
34405,ensemble cast
34405,amusing
34405,witty
34405,owned
34405,assassin
34405,cult film
34405,tense
34405,friendship
34405,black comedy
34405,crap
34405,murder
34405,hot girls
34405,pg13
34405,antihero
34405,erlends dvds
34405,behavior modification
34405,movie to see
34405,incredible
34405,waste of time
34405,futuristmoviescom
34405,good action
34405,directorial debut
34405,gfei own it
34405,adapted from:tv series
34405,irreverent
34405,on hold
34405,shallow plot
34405,speculative fiction
34405,too short
34405,macho
34405,ominous
34405,hs
34405,spaceships
34405,future dystopias
34405,ummarti2006
34405,realistic tough female
34405,preacher
34405,killerasprotagonist
34405,fugitive
34405,bechdel test:fail
34405,genre:western noir
34405,doctors
34405,scope
34405,husbandwife relationship
34405,wanderlust
34405,brother sister relationship
34405,misfits and outsiders
34405,directorscreenwriter
34405,seen 2008
34405,unlikely heroes
34405,psychic abilities
34405,rousing
34405,female warriors
34405,space wars
34405,rpg heroes
34405,far future
34405,tv spinoff
34437,bill murray
34437,comedy
34437,jim jarmusch
34437,boring
34437,in netflix queue
34437,quirky
34437,drama
34437,intimate
34437,understated
34437,meditative
34437,pointless
34437,mediocre plot
34437,bittersweet
34437,waste of time
34437,wired 50 greatest soundtracks
34437,great performances
34437,library
34437,detective
34437,tumeys dvds
34437,new jersey
34437,downbeat
34437,my movies
34482,in netflix queue
34482,exceptional acting
34482,criterion
34482,tumeys dvds
34482,friends should see
34499,nudity (topless)
34520,car chase
34520,incest
34520,redneck
34520,blonde
34520,breasts
34520,foqam
34520,johnny knoxville
34520,divx1
34523,drugs
34523,suburbia
34523,high school
34523,crazy
34523,netflix
34523,relationships
34526,kidnapping
34528,quirky
34528,understated
34528,reflective
34528,netflix
34528,bittersweet
34528,pregnancy
34528,tumeys dvds
34528,class differences
34528,sibling relationships
34528,austere
34528,artist
34528,class issues
34528,eccentric families
34528,ebert ten best list
34530,death penalty
34530,golden raspberry (worst actor)
34532,surreal
34532,twist ending
34532,better than expected
34532,voodoo
34532,mysrysare
34532,new orleans
34532,hoodoo
34532,avi
34534,revenge
34534,brothers
34534,murder investigations
34534,best of 2005
34534,for kids
34534,mark wahlberg
34536,world war ii
34536,inspirational
34536,realistic
34536,best of 2005
34536,pows
34536,rescue
34538,insanity
34538,obsession
34538,ian mckellen
34540,lesbian
34540,black comedy
34540,los angeles
34540,high school
34540,ambition
34540,manipulation
34540,independent film
34540,trial
34540,scope
34540,blackmail
34540,r:strong sexual content
34540,r:language
34542,biopic
34542,werner herzog
34542,foul language
34542,movie to see
34542,death
34542,animal movie
34542,wilderness
34542,bears
34542,on hold
34542,library
34542,eccentricity
34542,alaska
34542,dani2006
34542,qube
34542,ummarti2006
34542,crazy guy
34542,boundaries
34579,revenge
34579,glbt
34583,less than 300 ratings
34583,gene hackman
34583,dated
34583,chicago
34583,cattle
34608,a classic
34608,strong women
34648,guilt
34648,adoption
34648,trees
34648,childbirth
34767,pointless
34767,moronic
35015,in netflix queue
35015,less than 300 ratings
35015,adventure
35015,africa
35015,animal movie
35015,comingofage
35836,funny
35836,comedy
35836,nudity (topless)
35836,geeks
35836,gratuitous sex
35836,hilarious
35836,romance
35836,surprisingly funny
35836,classic
35836,romantic comedy
35836,los angeles
35836,cute
35836,marijuana
35836,virgin
35836,sex
35836,improv
35836,nerd
35836,guys
35836,beer
35836,smart humor
35836,terrific cast
35836,mediocre plot
35836,joke
35836,seen 2006
35836,foqam
35836,steve carell
35836,funny moments
35836,virginity
35836,repeat watch
35836,eccentricity
35836,seth rogen
35836,paul rudd
35836,judd apatow movie
35836,erics dvds
35836,funny shit
35836,nerds
35836,best picture
35836,blockbuster
35836,jbs dvds
35836,40 year old virgin
35836,small business
35836,salespeople
35836,debased
35836,erotic thriller
35836,engracado
35836,eccentric
35836,friday night fare
35836,pua
35957,thriller
35957,short
35957,disapointing
35957,rachel mcadams
35957,cillian murphy
35957,renee zellweger
35957,erics dvds
36056,less than 300 ratings
36056,genre:western noir
36152,less than 300 ratings
36276,boring
36276,erlends dvds
36276,art house
36276,dysfunctional family
36276,mnm
36276,nonhollywood ending
36276,talky
36276,tumeys dvds
36276,deconstructive
36276,michael moore favorite
36276,haneke
36276,for katie
36276,television show
36397,birds
36397,pigeons
36401,terry gilliam
36401,fairy tales
36401,matt damon
36401,cute
36401,gilliam
36401,fairy tale
36401,heath ledger
36401,divx1
36477,quirky
36477,whimsical
36477,seen 2006
36477,left at the altar
36477,brooklyn
36509,predictable
36509,cave
36509,eddie cibrian
36511,sucky
36517,great movie
36517,corruption
36517,oscar (best supporting actress)
36517,fernando meirelles
36517,thriller
36517,drama
36517,british
36517,nudity (rear)
36517,conspiracy
36517,tense
36517,intelligent thriller
36517,politics
36517,john le carre
36517,murder
36517,based on a book
36517,world politics
36517,clearplay
36517,great cinematography
36517,sweeping
36517,must see
36517,rachel weisz
36517,cerebral
36517,africa
36517,social commentary
36517,movie to see
36517,ralph fiennes
36517,favorite
36517,beautiful
36517,aids
36517,business
36517,complex story
36517,on hold
36517,great adaptations
36517,rebel
36517,angry
36517,erics dvds
36517,tumeys dvds
36517,gritty
36517,slow and predictable plot
36517,confrontational
36517,altruism
36517,pharmaceutical
36517,evil corporations
36519,violence
36519,jason statham
36519,cars
36519,france
36519,murder
36519,movie to see
36519,transgender
36519,plot point:biomedical danger
36523,netflix
36525,reese witherspoon
36525,san francisco
36525,good romantic comedies
36525,chick flick
36525,watched 2006
36525,coma
36527,slow
36527,mental illness
36527,geeks
36527,gwyneth paltrow
36527,mathematics
36527,family
36527,pg13
36527,anthony hopkins
36527,science
36527,father daughter relationship
36527,flashbacks
36527,funeral
36527,university
36527,below r
36527,talky
36527,dani2006
36527,ummarti2006
36527,cliche
36527,teacher
36527,sister sister relationship
36527,teacher student relationship
36527,deceased family member
36527,notebook
36527,story of one family
36527,control freak
36529,nicholas cage
36529,crime
36529,drugs
36529,violence
36529,war
36529,boring
36529,dark comedy
36529,nicolas cage
36529,smuggling
36529,love
36529,brothers
36529,lots of guns
36529,guns
36529,money
36529,weapons
36529,netflix
36529,arms dealer
36529,special
36529,seen 2006
36529,watched 2006
36529,poignant
36529,erics dvds
36529,could have been better
36529,truth
36531,zombies
36531,snakes
36531,voodoo
36531,teen movie
36533,college kids
36535,in netflix queue
36535,culture clash
36535,pg13
36535,dog
36535,jews
36535,beautiful scenery
36535,elijah wood
36535,literary adaptation
36535,judaica
36535,colourful
36535,to see
36535,odessa
36535,artsy
36537,thuggery
36537,keanu reeves
36537,indie
36537,netflix
36537,k movie
36537,on hold
36537,na
36537,teen induced angst overdose
36539,pg13
36553,oscar (best supporting actress)
36553,less than 300 ratings
36553,recorded
36708,funny
36708,time travel
36708,animated
36708,spoof
36708,favorites
36708,to see
36752,ninja
37211,netflix
37211,marx brothers
37240,corruption
37240,war
37240,documentary
37240,in netflix queue
37240,politics
37240,pg13
37240,controversial
37240,iraq
37240,death
37240,own
37240,mnm
37240,9/11
37240,to see
37240,nuclear
37240,imperialism
37240,archive footage
37240,pg13:brief language
37240,warmongering
37240,coproduction
37240,rewatch for rating
37240,at rogers video
37240,in library
37287,criterion
37335,wuxia
37380,military
37380,video game adaptation
37380,videogame
37380,murder
37380,divx1
37380,adapted from:game
37380,doomsday
37380,similar:final fantasy
37380,chainsaw
37382,watched 2006
37382,gfei own it
37382,biographical
37382,dont want to see
37382,divx1
37382,erics dvds
37382,bore
37382,foggy
37382,saturated
37384,comedy
37384,wwii
37384,rebellion
37384,workplace
37384,restaurant
37384,ryan reynolds
37386,dystopia
37386,cartoon
37386,postapocalyptic
37386,scifi
37386,post apocalyptic
37386,genetics
37386,pg13
37386,clearplay
37386,stylized
37386,mtv
37386,movie to see
37386,atmospheric
37386,lush
37386,cloning
37386,charlize theron
37386,below r
37386,visually interestingthats about it
37386,ominous
37386,visceral
37386,utopia
37386,heroine in tight suit
37386,lone hero
37475,slow
37475,morgan freeman
37475,torent
37475,own
37475,library on hold
37475,grief
37475,wyoming
37475,bear
37477,comedy
37477,action
37477,samuel l jackson
37477,foul language
37477,grun running
37477,adult
37545,military
37545,insanity
37545,werner herzog
37545,based on a book
37545,understated
37545,literary adaptation
37545,austere
37545,jealousy
37545,dubious medical experiments
37545,doctors and patients
37545,brutality
37545,klaus kinski
37720,stupid as hell
37720,possession
37720,exceptional acting
37720,courtroom
37720,better than expected
37720,courtroom drama
37720,1970s
37720,erics dvds
37720,occult
37720,priest
37720,spirits
37727,sean bean lives
37727,watched 2006
37729,gothic
37729,comedy
37729,johnny depp
37729,claymation
37729,music
37729,tim burton
37729,animation
37729,dark
37729,black comedy
37729,19th century
37729,netflix
37729,torent
37729,watched 2006
37729,emily watson
37729,living dead
37729,animated opera
37729,stopmotion
37729,helena bonham carter
37729,depp & burton
37729,my dvds
37729,danny elfman
37729,danny elfman score
37729,seen 2008
37731,extremely violent
37731,unrealistic
37731,elijah wood
37731,not corv lib
37731,my movies
37733,violence
37733,gratuitous sex
37733,in netflix queue
37733,netflixq
37733,violent
37733,disappointing
37733,short
37733,legenda ptbr
37733,best of 2005
37733,nudity (full frontal)
37733,comic book adaption
37733,erlends dvds
37733,movie to see
37733,based on a comic
37733,watched 2006
37733,viggo mortensen
37733,library
37733,gratuitous violence
37733,tumeys dvds
37733,movies 8
37736,roman polanski
37736,classic
37736,based on a book
37736,adapted from:book
37736,ben kingsley
37736,author:charles dickens
37736,charles dickens
37739,sports
37739,golf
37739,great acting
37739,torent
37739,own
37739,shia lebeouf
37741,slow
37741,biopic
37741,prison
37741,oscar (best actor)
37741,philip seymour hoffman
37741,boring
37741,in netflix queue
37741,car chase
37741,gay
37741,new york city
37741,crap
37741,biografia
37741,condena a muerte
37741,truman capote
37741,death penalty
37741,writing
37741,journalism
37741,homosexuality
37741,movie to see
37741,minds
37741,egotism
37741,need to own
37741,annoying
37741,great performances
37741,eccentricity
37741,phillip seymour hoffman
37741,tumeys dvds
37741,ummarti2006
37741,author
37741,death row
37741,writers
37741,harper lee
37741,manitoba
37741,writer as protagonist
37741,my movies
37741,biopics
37741,writers at work
37830,video game adaptation
37830,anime
37830,videogame
37830,jonossa
37830,computer animation
37830,own
37830,sword fight
37830,confusing plot
37830,dynamic cgi action
37830,fiona shaw
37844,competition
37853,treasure
37853,movie to see
37853,ocean/beach
37853,bahamas
37853,jessica alba
37853,scuba diving
37855,on computer
37855,torent
37855,michael moore favorite
37855,female heroine
37855,1950s housewives
37857,claymation
37857,fantasy
37857,animation
37857,owned
37857,circus
37857,dream
37857,computer animation
37857,torent
37857,library
37857,rotoscoping
37857,visually appealing
37857,childrens story
37857,gaiman
37857,irish accent
37857,visual spectacle
37955,rare
37955,library
38038,fun
38038,claymation
38038,aardman
38038,imdb top 250
38038,animation
38038,cute
38038,competition
38038,silly
38038,monster
38038,dogs
38038,talking animals
38038,guns
38038,movie to see
38038,seen 2006
38038,watched 2006
38038,inventive
38038,buddies
38038,below r
38038,stopmotion
38038,rabbits
38038,aardman studios
38038,tumeys dvds
38038,love triangle
38038,nick park
38038,bechdel test:fail
38038,seen
38038,invention
38038,oscar (best animated feature)
38038,fruits and veggies
38038,wallace and gromit
38038,happy
38038,see this
38061,funny
38061,satire
38061,comedy
38061,in netflix queue
38061,witty
38061,black comedy
38061,murder
38061,ambiguous
38061,robert downey jr
38061,michelle monaghan
38061,val kilmer
38061,film noir
38061,torent
38061,get
38061,directorial debut
38061,crude humor
38061,no
38061,dani2006
38061,ummarti2006
38061,slashy
38061,debut film
38061,my movies
38061,dbd
38188,slow
38188,cheap
38188,drama
38188,simple
38188,real life
38198,netflix
38198,bab cinema
38304,biography
38304,erlends dvds
38304,dvdr
38304,biographical
38304,dvdram
38304,catchy score
38304,folk music
38388,sports
38388,less than 300 ratings
38388,soccer
38388,sport:soccer football
38499,gay
38499,emma thompson
38499,al pacino
38499,1980s
38499,meryl streep
38499,oppl
38499,library
38499,based on a play
38499,adapted from:play
38499,closeted homosexual
38600,addiction
38600,based on a book
38600,alcoholism
38600,charles bukowski
38600,for katie
38798,romance
38798,drama
38798,based on a book
38798,better than expected
38798,chick flick
38798,romantic
38798,family bonds
38798,sisters
38798,watched 2006
38798,cameron diaz
38798,below r
38798,shirley maclaine
38798,sister sister relationship
38798,seen
38798,philadelphia
38824,childhood
38824,world war ii
38824,based on a book
38824,library
38824,motherson relationship
38824,traumatic childhood
38824,evacuees
38824,my addition to ml
38824,abroad
38886,divorce
38886,drama
38886,interesting
38886,the
38886,depressing
38886,new york city
38886,family
38886,erlends dvds
38886,museum
38886,netflix
38886,eighties
38886,seen 2006
38886,weird
38886,1980s
38886,dysfunctional family
38886,need to own
38886,teenagers
38886,smart comedy
38886,dani2006
38886,writers
38886,englishlanguage millenial comedies
38886,professor
38886,brooklyn
38886,smart
38992,gambling
38992,football
38992,clearplay
38992,movie to see
38992,mediocre plot
38992,al pacino
38992,hottie
38994,england
38994,rupert everett
38994,screenwriter:julian fellowes
39052,finnish
39052,parody
39052,campy
39052,star trek
39052,free to download
39052,avi
39052,amature
39183,bruce campbell
39183,oscar (best directing)
39183,oscar (best picture)
39183,ang lee
39183,in netflix queue
39183,romance
39183,tragedy
39183,seen 2007
39183,want to see again
39183,gay
39183,genius
39183,queer
39183,glbt
39183,love story
39183,better than expected
39183,intimate
39183,gay cowboy
39183,cowboy
39183,loss
39183,heath ledger
39183,jake gyllenhaal
39183,sexuality
39183,sad
39183,camp
39183,homosexuality
39183,erlends dvds
39183,art
39183,breakthroughs
39183,stunning
39183,bittersweet
39183,beautiful
39183,breathtaking
39183,seen 2006
39183,watched 2006
39183,1980s
39183,passionate
39183,need to own
39183,melancholy
39183,1970s
39183,poignant
39183,quite romantic
39183,library
39183,wow
39183,heartbreaking
39183,literary adaptation
39183,dani2006
39183,tumeys dvds
39183,to watch
39183,ummarti2006
39183,alberta
39183,wyoming
39183,slashy
39183,1960s
39183,cowboys
39183,moviepig top pick
39183,rodeo
39183,whiskey
39183,seen 2008
39183,elegiac
39183,forbidden love
39183,flaming
39183,my movies
39183,modern classic
39183,social message
39183,earthy
39183,cinematographer:rodrigo prieto
39231,life
39231,boring
39231,terrible
39231,disappointing
39231,love
39231,death
39231,funeral
39231,below r
39234,slow
39234,in netflix queue
39234,true story
39234,best of 2005
39234,michelle monaghan
39234,courtroom drama
39234,mining
39234,feminism
39234,sexism
39234,movie to see
39234,woody harrelson
39234,richard jenkins
39234,jeremy renner
39234,frances mcdormand
39234,sean bean
39234,charlize theron
39292,history
39292,george clooney
39292,in netflix queue
39292,mccarthyism
39292,black and white
39292,understated
39292,amazing cinematography
39292,robert downey jr
39292,communism
39292,cerebral
39292,journalism
39292,movie to see
39292,television
39292,historical
39292,usa
39292,gripping
39292,clooney
39292,dvdr
39292,patricia clarkson
39292,need to own
39292,communist witch hunt
39292,earnest
39292,censorship
39292,talky
39292,tumeys dvds
39292,joseph mccarthy
39292,blacklisting
39292,witch hunt
39292,topic:mccarthyism
39292,news media
39292,confrontational
39292,american idiocy
39292,matteroffact
39307,less than 300 ratings
39307,kids
39307,underdogs
39307,horses
39307,horse racing
39307,sport:horse racing
39381,kidnapping
39381,murder
39381,intense
39381,movie to see
39381,australia
39381,tumeys dvds
39381,ummarti2006
39398,satire
39398,racism
39398,mockumentary
39398,dvdr
39398,annoying
39400,ghosts
39400,justice
39408,religion
39408,propaganda
39414,based on a book
39414,k movie
39414,based on book
39414,j netflix
39414,rich and poor
39414,adult
39419,drugs
39419,superhero
39419,murder
39419,melodrama
39419,journalism
39419,television
39419,seen 2006
39419,movielens top pick
39419,1970s
39419,based on book
39419,1950s
39419,show business
39419,bisexual
39425,rare
39425,to see
39425,handicapped
39425,ghana
39427,twist ending
39427,psychological
39427,legenda ptbr
39427,clearplay
39427,crazy
39427,brilliant
39427,thought provoking
39427,wonderful
39427,transition
39435,funny
39435,fun
39435,movie to see
39435,antonio banderas
39435,catherine zetajones
39435,below r
39435,sword fighting
39435,swashbuckler
39435,legal
39441,pg13
39444,nicholas cage
39444,divorce
39444,nicolas cage
39444,depressing
39444,best of 2005
39444,clearplay
39444,marriage
39444,weather reporter as protagonist
39444,couldnt finish it
39446,great movie
39446,gothic
39446,on dvr
39446,satirical
39446,traps
39446,netflix
39446,gore
39446,watched 2006
39446,dissapointing
39446,seen at the cinema
39446,gory
39446,erics dvds
39446,needles
39449,painter
39449,funny
39449,seen 2007
39449,new york city
39449,primitive peoples
39449,uma thurman
39449,meryl streep
39449,therapist
39449,maydecember romance
39474,akira kurosawa
39715,nudity (topless)
39715,nudity (rear)
39715,teen
39715,franchise
39715,voyeurism
39715,pretty funny
39869,racism
39869,lars von trier
39869,library
39869,bryce dallas howard
39869,cdon
39886,nonlinear
39886,exceptional acting
39886,ensemble cast
39886,multiple storylines
39886,terrific cast
39886,jason isaacs
39886,hulu
39886,ebert best ten list
40010,rakkautta ja anarkiaa
40010,netflix
40148,less than 300 ratings
40148,guy ritchie
40148,jason statham
40148,gangs
40148,jonossa
40148,cryptic
40148,ray liotta sucks
40278,nudity (topless)
40278,gulf war
40278,biopic
40278,war
40278,in netflix queue
40278,seen 2007
40278,based on a book
40278,legenda ptbr
40278,middle east
40278,iraq
40278,watched 2006
40278,1980s
40278,based on book
40278,antiwar
40278,whats the point
40278,sniper
40337,oppl
40339,funny
40339,baseball
40339,aliens
40339,disney animated feature
40339,children
40339,animation
40339,zach braff
40339,disney
40339,kids and family
40339,computer generated
40339,cgi
40339,erlends dvds
40339,fish
40339,ugly duckling
40339,chicken
40339,sky
40339,single father
40339,friday night movie
40339,fatherson relationship
40339,erics dvds
40412,less than 300 ratings
40412,nudity (rear)
40412,nr (r)
40412,tumeys dvds
40414,war
40414,christmas
40414,true story
40414,foreign
40414,pg13
40414,singing
40414,humane
40414,world war i
40414,library
40414,moving
40414,tumeys dvds
40414,multinational settings
40414,xmas theme
40414,1910s
40491,proletariat trilogy
40491,my addition to ml
40494,finnish
40494,rock
40494,library
40494,tragicomedy
40574,genocide
40574,hip hop
40574,50 cent
40581,movie to see
40581,netflix
40581,julie andrews
40581,movies 8
40581,ryan reynolds
40583,george clooney
40583,in netflix queue
40583,political
40583,tense
40583,politics
40583,matt damon
40583,oil
40583,world politics
40583,israel
40583,paranoid
40583,middle east
40583,cerebral
40583,cia
40583,torent
40583,confusing ending
40583,oscar (best supporting actor)
40583,complex
40583,forceful
40583,shallow
40583,dani2006
40583,ambitious
40583,tumeys dvds
40583,ummarti2006
40583,literate
40583,confrontational
40583,siddig
40583,my movies
40583,didnt deserve oscar
40586,rare
40586,library
40586,my addition to ml
40614,infidelity
40614,disturbing
40614,cheating
40614,predictable
40614,adultery
40614,clive owen
40614,weak ending
40614,erics dvds
40614,movies 8
40614,con
40629,england
40629,in netflix queue
40629,romance
40629,classic
40629,love
40629,adaptation
40629,family
40629,cute
40629,based on a book
40629,chick flick
40629,adapted from:book
40629,father daughter relationship
40629,prejudice
40629,unnecessary
40629,donald sutherland
40629,18th century
40629,jena malone
40629,nice period piece
40629,joe wright
40629,need to buy
40629,author:jane austen
40629,movies 8
40629,sister sister relationship
40629,mother daughter relationship
40629,do kupienia
40629,historic
40629,rose
40723,cheap
40723,redneck
40723,scary as hell
40723,trust no one
40723,vomitinducing
40732,realistic sci/fi
40732,goretastic
40732,hot girls
40732,jonossa
40732,erlends dvds
40732,ending lame
40732,cave
40732,tumeys dvds
40732,ummarti2006
40732,sick plot
40815,ghosts/afterlife
40815,fun
40815,ghosts
40815,sequel
40815,england
40815,fantasy
40815,wizards
40815,magic
40815,adventure
40815,netflixq
40815,classic
40815,kids
40815,dragons
40815,based on a book
40815,harry potter
40815,adapted from:book
40815,witch
40815,franchise
40815,dance
40815,daniel radcliffe
40815,gary oldman
40815,ralph fiennes
40815,great
40815,hard to rate
40815,teenagers
40815,emma watson
40815,maggie smith
40815,divx1
40815,boarding school
40815,mermaid
40815,teacher student relationship
40815,impostor
40815,gossip
40815,contest
40815,fiona shaw
40815,big budget
40815,broomstick
40815,young heroes
40815,mt
40817,less than 300 ratings
40817,greg kinnear
40819,drugs
40819,biopic
40819,oscar (best actress)
40819,music
40819,imdb top 250
40819,on computer
40819,in netflix queue
40819,biography
40819,true story
40819,musical
40819,los angeles
40819,life in general
40819,best of 2005
40819,pointless
40819,movie to see
40819,bittersweet
40819,joaquin phoenix
40819,drug abuse
40819,nostalgic
40819,watched 2006
40819,southern theme
40819,warm
40819,not bad
40819,country music
40819,great music
40819,nashville
40819,tumeys dvds
40819,music business
40819,my movies
40819,earthy
40819,cinematographer:phedon papamichael
40819,tosee
40826,drugs
40826,ensemble cast
40826,musical
40826,broadway
40826,rock and roll
40826,colourful
40826,adapted from bway
40826,dvr
40833,criterion
40833,dvdvideo
40851,sequel
40851,space
40851,game
40851,based on a book
40851,brotherbrother relationship
40851,board game
40851,movie to see
40851,dysfunctional family
40851,suspensful
40851,outer space
40851,based on book
40851,good sequel
40870,drugs
40870,slow
40870,netflix instant
40870,boring
40870,quirky
40870,gay
40870,good direction
40870,glbt
40870,gay lead character
40870,homosexuality
40870,nr
40870,coming of age
40870,misfits and outsiders
40870,eccentric families
40887,depressing
40887,unwatchable
40946,standup comedy
40946,stand up
40946,race issues
40952,torent
40952,hw drama
40952,spelling bee
40955,less than 300 ratings
40955,liam neeson
40959,black comedy
40959,clearplay
40959,ice cube
40959,john cusack
40959,hilarity
40959,divx1
40959,erics dvds
40959,couldnt finish it
40959,debased
40962,movie to see
40962,rene russo
40962,movies 8
40962,large family
40964,predictable
40964,movies 8
40964,imdb bottom 100
40966,johnny depp
40966,biopic
40966,theater
40966,seen 2006
40966,john malkovich
40966,bad movie
40966,alcohol
40966,based on a play
40966,17th century
40966,disease
40966,debased
40966,my movies
40973,less than 300 ratings
40988,less than 300 ratings
41014,less than 300 ratings
41014,tense
41014,creepy
41014,stylized
41014,atmospheric
41014,directorial debut
41014,eerie
41014,lurid
41025,below r
41285,woody allen
41285,slow
41285,excellent
41285,interesting
41285,owned
41285,clever
41285,erlends dvds
41285,seen 2006
41285,emily mortimer
41285,jonathan rhys meyers
41285,tennis
41285,library
41285,nonhollywood ending
41285,couldnt finish it
41285,wealth
41285,blindfold
41285,tosee
41425,hollywood
41425,seen 2006
41425,1990s
41425,adultery
41425,based on a play
41425,writers
41425,bisexual
41425,chat rooms
41527,seen 2007
41527,religion
41527,israel
41527,pg13
41527,terrorism
41527,palestine
41527,collaborators
41527,middle east
41527,beautiful
41527,scope
41527,despair
41527,fundamentalism
41527,martyrdom
41527,in library
41566,great movie
41566,action
41566,animals
41566,fantasy
41566,boring
41566,children
41566,adventure
41566,kids
41566,parallel universe
41566,family
41566,kids movie
41566,based on a book
41566,amazing cinematography
41566,adapted from:book
41566,christian
41566,witch
41566,lion
41566,christianity
41566,fantasy world
41566,cs lewis
41566,winter
41566,movie to see
41566,okay
41566,brilliant
41566,seen 2006
41566,travesty
41566,propaganda
41566,based on book
41566,mythology
41566,literary adaptation
41566,dvd1
41566,saturn award (best makeup)
41566,saturn award (best costumes)
41566,oscar (best makeup)
41566,good versus evil
41566,author:c s lewis
41566,jesus freaks
41566,christian apologism
41566,big budget
41566,from kata
41566,faun
41566,young heroes
41566,narnia
41566,dvr
41566,forest fair
41569,horrible
41569,stupid
41569,adventure
41569,peter jackson
41569,dinosaurs
41569,kids
41569,too long
41569,scary
41569,remake
41569,no kids
41569,monster
41569,30s
41569,new york
41569,great ending
41569,movie to see
41569,emotional
41569,watched 2006
41569,too slow
41569,naomi watts
41569,monkey
41569,1920s
41569,divx1
41569,saturn award (best actress)
41569,saturn award (best director)
41569,long
41569,decent
41569,movies 8
41569,islands
41569,dynamic cgi action
41569,apes
41569,big budget
41569,adrian brody
41569,our naomi
41571,survival
41571,history
41571,slavery
41571,memory
41571,romance
41571,drama
41571,owned
41571,japan
41571,oscar (best cinematography)
41571,adapted from:book
41571,geisha
41571,cruelty
41571,women
41571,ziyi zhang
41571,ken watanabe
41571,watched 2007
41571,my dvds
41571,slow and predictable plot
41571,courtesan
41571,tosee
41571,japanese culture
41573,funny
41573,fun
41573,love
41573,loss
41573,sad
41573,relationships
41573,great
41573,american sign language
41573,connecticut
41575,hong kong
41575,library
41585,prison
41585,less than 300 ratings
41585,revenge
41585,law
41585,tcm
41585,jmq
41617,nudity
41627,japan
41627,criterion
41627,masaki kobayashi
41627,tatsuya nakadai
41716,assassination
41716,quirky
41716,vhs
41716,assassin
41716,matt damon
41716,great cinematography
41716,hitman
41716,pierce brosnan
41716,gfei own it
41716,dani2006
41716,ummarti2006
41716,riot
41716,greg kinnear
41721,less than 300 ratings
41769,aspergers syndrome
41769,below r
41769,to see
41831,less than 300 ratings
41863,culture clash
41863,mexico
41863,legenda ptbr
41863,texas
41863,death
41863,torent
41863,toplist06
41863,immigration
41863,tumeys dvds
41863,to see
41863,gritty
41863,different
41863,svens to see list
41863,do kupienia
41863,earthy
41997,espionage
41997,rome
41997,violence
41997,history
41997,assassination
41997,in netflix queue
41997,dramatic
41997,seen 2007
41997,revenge
41997,true story
41997,too long
41997,politics
41997,paris
41997,based on a book
41997,legenda ptbr
41997,israel
41997,steven spielberg
41997,theater
41997,nudity (full frontal)
41997,clearplay
41997,terrorism
41997,palestine
41997,israeli/palestinian conflict
41997,olympics
41997,cultural conflict
41997,movie to see
41997,netflix
41997,mathieu kassovitz
41997,covert operation
41997,serious
41997,perfect
41997,seen 2006
41997,spielberg
41997,watched 2006
41997,hdtv
41997,daniel craig
41997,eric bana
41997,ratedr
41997,thoughtprovoking
41997,1970s
41997,modern
41997,innovative
41997,library
41997,culture
41997,bombs
41997,character problems
41997,islam
41997,tumeys dvds
41997,quakers
41997,mass murder/terrorism
41997,mothers and sons
41997,oscar nominee: best picture
41997,munich
41997,blindfold
41997,do kupienia
41997,tosee
42002,funny
42002,farce
42002,nazis
42002,in netflix queue
42002,netflix
42002,uma thurman
42002,k movie
42002,hilarity
42002,musical sucks
42002,disappointments
42004,drugs
42004,male nudity
42004,glbt
42004,loner
42004,road trip
42004,family bonds
42004,sexuality
42004,transsexuals
42004,gender identity
42004,christianity
42004,new york
42004,cultural conflict
42004,coming of age
42004,dysfunctional family
42004,great performances
42004,roadtrip
42004,transgender
42004,therapist
42004,arizona
42004,enlightening
42004,subgenre:road trip
42004,underaged sexchild porn
42004,complex characters
42004,juvenile deliquent
42004,domineering mother
42004,gender
42004,male prostitute
42004,sex reassignment surgery
42004,recorded
42004,in library
42007,girlie movie
42007,jennifer aniston
42007,cute
42007,chick flick
42007,blah
42007,watched 2007
42009,steve martin
42009,movies 8
42011,funny
42011,sequel
42011,jim carrey
42011,remake
42011,acidly funny
42011,netflix
42011,family comedy
42011,smart
42011,forest fair
42013,lying
42013,farelly brothers
42013,johnny knoxville
42013,tornados
42013,movies 8
42015,funny
42015,clearplay
42015,heath ledger
42018,england
42018,world war ii
42018,male nudity
42018,seen 2007
42018,owned
42018,nudity
42018,france
42018,nudity (full frontal)
42018,depression
42018,delights
42018,1940s
42018,oscar nominee: lead actress
42018,oscar nominee: costume design
42018,to see
42018,bbc produced
42018,pathe
42018,r:nudity
42018,audition
42018,archive footage
42018,cemetary
42018,in library
42021,less than 300 ratings
42021,merchantivory
42021,waste of celluloid
42021,poignant
42021,sexually leaky
42021,lee pace
42053,dvdr
42053,golden raspberry (worst picture)
42053,golden raspberry (worst actress)
42094,spanish civil war
42094,frankenstein
42094,dvdvideo
42094,to see
42094,bab cinema
42197,nudity (topless)
42197,not corv lib
42217,japan
42217,yasujiro ozu
42217,noriko trilogy
42418,watch again
42418,boring
42418,poetry
42418,dreamlike
42418,christian bale
42418,love story
42418,meditative
42418,winter
42418,atmospheric
42418,beautiful
42418,breathtaking
42418,david thewlis
42418,christopher plummer
42418,colin farrell
42418,sentimental
42418,indians
42418,gentle
42418,poignant
42418,lyrical
42418,tumeys dvds
42418,different
42418,terrence malick
42418,hunger
42556,dvdram
42602,bab cinema
42632,prison
42632,quirky
42632,revenge
42632,revenge trilogy
42632,disturbing
42632,stylized
42632,chanwook park
42632,vigilante
42632,flashbacks
42632,extortion
42632,vigilantism
42681,dvdr
42681,dvdram
42718,dystopia
42718,on computer
42718,parkour
42718,martial arts
42718,disney
42718,jonossa
42718,setting:paris
42718,dani2006
42718,ummarti2006
42721,nudity (topless)
42721,gratuitous sex
42721,video game adaptation
42721,videogame
42721,mediocre plot
42721,slash
42721,uwe boll sucks
42721,heroine in tight suit
42721,bollocks
42723,disturbing
42723,goretastic
42723,netflix
42723,twisted
42723,savage
42723,watched 2007
42723,to see
42723,fun with power tools
42723,chainsaw
42723,gruesome
42725,funniest movies
42725,great soundtrack
42725,marijuana
42725,stoner movie
42728,medieval
42728,love story
42728,truman capote
42728,adultery
42728,myth
42730,sports
42730,racism
42730,seen 2007
42730,disney
42730,basketball
42730,texas
42730,college
42730,jerry bruckheimer
42730,emotional
42730,feelgood
42730,not historically accurate
42730,great music
42730,1960s
42730,scope
42730,espy award
42730,coach
42730,el paso
42730,glam rock
42732,pg13
42732,queen latifah
42732,movies 8
42732,austria
42734,nonlinear
42734,clever
42734,spoof
42734,kids and family
42734,fairy tale
42734,rashomon
42734,little red riding hood
42734,computer animation
42734,hooker
42734,ben folds
42734,fun family movie
42736,lesbian
42738,vampire
42738,vampires
42738,violent
42738,owned
42738,disappointing
42738,usa film registry
42738,dark fantasy
42738,werewolf
42738,werewolves
42738,sequels
42738,crappy sequel
42738,gfei own it
42738,gory
42738,kate beckinsale
42738,heroine in tight suit
42738,tosee
42740,in netflix queue
42740,tosee
42740,dvr
42900,roman polanski
42900,nudity (rear)
42900,macabre
42900,irreverent
42900,not available from netflix
42900,cynical
42900,deadpan
42900,isolation
42900,wry
42900,svens to see list
42900,nothing goes right
42900,hostage situations
42900,crumbling marriages
43011,hp lovecraft
43333,politics
43333,foreign
43333,netwatch
43333,engaging
43333,provocative
43333,class issues
43333,smart kids
43376,world war ii
43376,beautiful
43376,nr
43376,interrogation
43376,antiwar
43376,fantastic foreign films
43376,martyrdom
43376,women during wartime
43376,reference to aktion t4
43376,resistance movement
43391,police
43391,finnish
43391,satire
43391,sports
43391,on dvr
43391,satirical
43391,better than expected
43391,underrated
43391,olympics
43391,antihero
43391,alcoholism
43391,singing
43391,conviction
43391,travel
43391,1990s
43391,1980s
43391,alcohol
43391,drinking
43391,domestic violence
43391,news media
43391,falling
43391,husbandwife relationship
43391,manager
43391,success
43391,gullibility
43391,bar
43391,my addition to ml
43396,speed
43396,new zealand
43396,owned
43396,true story
43396,los angeles
43396,pg13
43396,anthony hopkins
43396,motorcycle
43396,emotional
43396,heart problems
43396,utah
43396,bechdel test:fail
43396,aging
43396,scope
43396,world record
43396,seen 2008
43396,pg13:brief language
43419,police
43419,heist
43419,male nudity
43419,revenge
43419,friendship
43419,mexico
43419,science
43419,father daughter relationship
43419,19th century
43419,train
43419,bank robbery
43419,kickbutt women
43419,kiss
43419,class differences
43419,good versus evil
43419,imperialism
43419,priest
43419,gold
43419,heroine
43419,knives
43419,latino/latina
43419,repetitive
43419,foreclosure
43419,beautiful woman
43419,safe (for valuables)
43460,england
43460,battles
43460,based on a book
43460,adapted from:book
43460,filmmaking
43460,18th century
43460,updated classics
43460,library
43460,rivalry
43460,actors
43460,dani2006
43460,corvallis library
43460,ummarti2006
43460,bechdel test:fail
43460,scope
43460,childbirth
43460,seen 2008
43460,r:sexual content
43460,r:language
43460,breaking the fourth wall
43460,gillian anderson
43556,military
43558,martin lawrence
43558,forest fair
43560,comedy
43560,fun
43560,kids
43560,emma thompson
43560,derek jacobi
43560,colin firth
43560,angela lansbury
43560,widower
43560,discipline
43679,horror
43679,cheap
43679,gore
43679,amusement park
43679,forest fair
43684,less than 300 ratings
43684,gardening
43708,documentary
43708,music
43708,musical
43708,hip hop
43708,torent
43708,not corv lib
43710,history
43710,true story
43710,science
43710,physics
43744,lesbian
43836,remake
43836,jean reno
43836,emily mortimer
43836,steve martin
43836,henry czerny
43836,kevin kline
43836,xenophobic
43836,inspector clouseau (series)
43869,culture clash
43869,based on a book
43869,monkey
43869,feel good movie
43869,adapted from:book series
43869,for the kids
43871,paul bettany
43871,dvd
43871,harrison ford
43871,thrilling
43899,death
43899,beautifully filmed
43899,lyrical
43899,shopping
43908,jason statham
43910,guitar
43910,concert
43910,nashville
43912,samuel l jackson
43912,france
43912,great cast
43914,less than 300 ratings
43914,writer
43914,pointless
43914,healing
43914,waste of celluloid
43917,dogs
43917,movie to see
43917,watched 2007
43919,comedy
43919,stupid
43919,terrible
43919,spoof
43919,parody
43919,movies 8
43919,alyson hannigan
43921,runaway
43921,thrilling
43921,missing gun
43923,madeleine stowe
43926,for the kids
43926,dont remember
43928,stupid
43928,scifi
43928,comic
43928,stylized
43928,milla jovovich
43928,atmospheric
43928,gfei own it
43928,feminist
43928,below r
43928,kurt wimmer
43928,talky
43928,flashy
43928,lone hero
43930,lindsay lohan
43930,kiss
43932,jonossa
43932,young anakin
43934,nature
43934,ocean
43936,tense
43936,bruce willis
43936,jonossa
43936,16th century
44004,netflixq
44004,chick flick
44004,cheesy
44022,funny
44022,sequel
44022,global warming
44022,talking animals
44022,erlends dvds
44022,watched 2006
44022,slapstick
44022,john leguizamo
44022,seen at the cinema
44022,divx1
44022,ice music
44168,janet leigh
44168,james stewart
44168,national film registry
44168,genre:western noir
44168,ralph meeker
44168,robert ryan
44189,clearplay
44189,colin farrell
44191,dystopia
44191,revolutionary
44191,action
44191,fascism
44191,prison
44191,superhero
44191,imdb top 250
44191,scifi
44191,vhs
44191,seen 2007
44191,revenge
44191,anarchy
44191,virus
44191,inspirational
44191,tense
44191,politics
44191,justice
44191,torture
44191,social control
44191,murder
44191,based on a book
44191,ambiguous
44191,clearplay
44191,terrorism
44191,alan moore
44191,unique
44191,natalie portman
44191,homosexuality
44191,movie to see
44191,graphic novel
44191,good but not great
44191,futuristmoviescom
44191,distopia
44191,based on a comic
44191,torent
44191,watched 2006
44191,good acting
44191,movielens top pick
44191,directorial debut
44191,hugo weaving
44191,revolution
44191,idealism
44191,thoughtprovoking
44191,forceful
44191,propaganda
44191,expected more
44191,totalitarianism
44191,bombs
44191,anarchism
44191,visually appealing
44191,colourful
44191,saturn award (best actress)
44191,dani2006
44191,ohsoso
44191,adapted from:comic
44191,ummarti2006
44191,dc comics
44191,dark hero
44191,sourcelight top pick
44191,dystopic future
44191,author:alan moore
44191,killing
44191,killerasprotagonist
44191,confrontational
44191,moral ambiguity
44191,scope
44191,grim
44191,knives
44191,likeilike top pick
44191,rousing
44191,subversive
44191,activism
44191,mt
44191,stephen fry
44193,seen more than once
44193,teen
44193,vinnie jones
44193,movie to see
44195,funny
44195,satire
44195,dark comedy
44195,sundance award winner
44195,disappointing
44195,politics
44195,legenda ptbr
44195,clearplay
44195,narrated
44195,movie to see
44195,torent
44195,movielens top pick
44195,directorial debut
44195,smoking
44195,propaganda
44195,oppl
44195,potential oscar nom
44195,watched 2007
44195,dani2006
44195,washington dc
44195,santa monica pier
44195,santa monica
44195,ummarti2006
44195,independent film
44195,blockbuster
44195,yahoo top pick
44195,dark humor
44197,mafia
44197,courtroom
44197,organized crime
44197,true story
44197,clearplay
44197,new york
44199,heist
44199,nazis
44199,twist ending
44199,intelligent thriller
44199,new york city
44199,best of 2005
44199,protest
44199,bank robbery
44199,caper
44199,netflix
44199,torent
44199,watched 2006
44199,toplist06
44199,own
44199,clive owen
44199,spike lee
44199,dani2006
44199,ummarti2006
44199,scheme
44204,based on a book
44204,unforgetable
44204,south africa
44204,toronto film festival winner
44301,abuse
44301,melancholy
44301,smoking
44301,loneliness
44301,to see
44301,surveillance
44301,drinking
44301,guard
44301,finland trilogy
44301,drab
44301,security guard
44301,gullibility
44301,femmes fatales
44301,bar
44301,bab cinema
44397,cannibalism
44397,remake
44397,gore
44397,movies 8
44397,mutation
44399,tim allen
44399,remake
44399,robert downey jr
44399,family fun
44399,animal:dog
44494,inspector clouseau (series)
44555,not at cml
44555,nudity (topless)
44555,berlin
44555,corruption
44555,imdb top 250
44555,on request
44555,seen 2007
44555,nudity (rear)
44555,spying
44555,theater
44555,clearplay
44555,spies
44555,communism
44555,voyeurism
44555,erlends dvds
44555,terrific cast
44555,1980s
44555,piano
44555,germany
44555,toplist07
44555,movielens top pick
44555,oscar winner
44555,oscar nom 2007
44555,interrogation
44555,surveillance
44555,east germany
44555,fantastic foreign films
44555,scope
44555,directorscreenwriter
44555,bald nemesis
44587,criterion
44587,national film registry
44595,less than 300 ratings
44613,pg13
44613,dance
44633,less than 300 ratings
44633,austin
44633,netflix
44633,music documentary
44633,bab cinema
44657,bleak
44657,understated
44657,death of a parent
44657,deliberate
44657,downbeat
44657,smalltown life
44657,kids in trouble
44665,nudity (topless)
44665,assassination
44665,twist ending
44665,hit men
44665,violent
44665,twist
44665,bruce willis
44665,clearplay
44665,morgan freeman
44665,film noir
44665,lucy liu
44665,josh hartnett
44665,ben kingsley
44665,want it
44665,blood gore
44665,lucas
44665,debt collection
44665,grudge
44665,mistaken identity
44665,not corv lib
44665,hw new release
44665,to see
44665,unreliable narrators
44665,my movies
44694,almodovar
44694,ghosts
44694,on computer
44694,gay
44694,sexual abuse
44694,spain
44694,seen 2006
44694,female power
44694,adultery
44694,potential oscar nom
44694,oscar nom 2007
44694,madrid
44694,restaurant
44694,tumeys dvds
44694,ummarti2006
44694,generations
44694,svens to see list
44694,mother daughter relationship
44694,hairdresser
44694,beautiful woman
44694,my movies
44694,motherdaughter relationship
44709,heartwarming
44709,single parents
44709,black
44709,feel good
44709,feelgood
44709,emotional and heroic
44709,angela bassett
44709,sentimental
44709,gentle
44709,underdog
44709,dani2006
44709,ummarti2006
44709,spelling bee
44709,stirring
44709,teachers and students
44709,inner city blues
44731,setting:new orleans
44759,sharon stone
44759,debased
44759,hugh dancy
44759,golden raspberry (worst picture)
44759,erotic thriller
44759,golden raspberry (worst actress)
44759,showing in finland
44761,drugs
44761,clever
44761,high school
44761,stylized
44761,movielens top pick
44761,directorial debut
44761,pretentious
44761,unbelievable
44761,didnt finish
44761,annoying
44761,deadpan
44761,facebook rec
44761,ummarti2007
44761,detective movie
44777,tv show
44777,aliens
44777,male nudity
44777,homage
44777,sex scenes
44777,nerds
44777,alien contact
44777,crop circles
44777,television show
44777,alien abduction
44777,my addition to ml
44788,hollywood
44788,politics
44788,murder
44788,nudity (full frontal)
44788,social commentary
44788,friday night movie
44788,censorship
44788,to see
44788,obscenity
44788,documentary critique
44788,setting:la
44788,topic:hollywood industry
44788,private detective
44788,topic:us culture
44788,religious bigotry
44828,hunting
44828,netflixq
44828,jonossa
44828,pseudozombies
44840,baseball
44840,underdogs
44840,rob schneider
44840,bengal
44840,nerds
44844,imdb bottom 100
44849,less than 300 ratings
44849,clearplay
44849,to see
44849,bab cinema
44864,los angeles
44864,sick
44889,satire
44889,less than 300 ratings
44929,drugs
44929,nudity (topless)
44929,seen 2007
44929,based on a book
44929,understated
44929,prostitution
44929,pregnancy
44929,australia
44929,watch
44929,gritty
44929,rehabilitation
44929,downbeat
44929,artist
44929,poet
44937,available at cml
44937,golden palm
44937,tumeys dvds
44937,in library
44949,carl hiaasen
44972,sequel
44972,stupid
44972,boring
44972,spoof
44972,parody
44972,sequels
44972,pop culture
44972,pretty funny
44974,revenge
44974,tense
44974,sexual abuse
44974,disturbing
44974,controversial
44974,internet
44974,movielens top pick
44974,potential oscar nom
44974,watched 2007
44974,claustrophobic
44974,to see
44974,ummarti2006
44974,menacing
44974,lurid
45028,ensemble cast
45028,minnesota
45028,robert altman
45028,toplist06
45028,altman
45028,corvallis library
45028,murder/fatality
45062,conspiracy
45062,secret service
45074,kids and family
45074,computer animation
45074,fatherson relationship
45074,fish out of water
45081,video game adaptation
45081,guilty pleasure
45081,video game
45081,unintentionally funny
45081,ummarti2007
45081,movies 8
45081,sister sister relationship
45106,satire
45106,comedy
45106,bush bashing
45106,mandy moore
45106,hugh grant
45106,below r
45175,queer
45175,foreign
45175,working class
45175,transvestites
45183,prison
45183,action packed
45183,martial arts
45183,jonossa
45183,tony jaa
45183,elephant
45186,espionage
45186,philip seymour hoffman
45186,tom cruise
45186,murder
45186,better than expected
45186,pg13
45186,miyazaki
45186,michelle monaghan
45186,good
45186,movie to see
45186,incredible
45186,own
45186,ving rhames
45186,dani2006
45186,ummarti2006
45186,my movies
45186,in library
45208,robots
45208,robin williams
45208,dysfunctional family
45208,vacation
45208,movies 8
45208,colorado
45208,utah
45210,available at cml
45210,aviation
45210,imdb top 250
45210,creepy
45210,new york city
45210,clearplay
45210,terrorism
45210,unrealistic
45210,erlends dvds
45210,emotional
45210,heroism
45210,watched 2006
45210,emotional and heroic
45210,toplist06
45210,k movie
45210,boston
45210,potential oscar nom
45210,oscar nom 2007
45210,9/11
45210,tumeys dvds
45221,high school
45221,teen
45335,less than 300 ratings
45335,national film registry
45382,drugs
45382,edward norton
45382,mental illness
45382,horses
45382,guns
45382,statutory rape
45382,cowboys
45382,beach
45431,based on comic
45431,cartoon
45431,suburbia
45431,better than expected
45431,bruce willis
45431,jonossa
45431,dreamworks
45431,talking animals
45431,seen 2006
45431,wanda sykes
45431,william shatner
45431,below r
45431,ben folds
45431,drivein
45431,opening weekend
45440,underrated
45440,john malkovich
45442,police
45442,remake
45442,unrealistic
45442,predictable
45442,below r
45442,ocean
45442,wolfgang petersen
45442,shipwreck
45442,big budget
45447,paul bettany
45447,tom hanks
45447,adventure
45447,ron howard
45447,disappointing
45447,religion
45447,paris
45447,based on a book
45447,pg13
45447,adapted from:book
45447,controversial
45447,jean reno
45447,christianity
45447,museum
45447,conspiracy theory
45447,sacrilege
45447,flick
45447,watched 2007
45447,fast paced
45447,bullshit history
45447,literature
45447,audrey tautou
45447,dani2007
45447,ummarti2007
45499,fun
45499,scifi
45499,ensemble cast
45499,seen more than once
45499,marvel
45499,genetics
45499,better than expected
45499,pg13
45499,vinnie jones
45499,motorcycle
45499,franchise
45499,patrick stewart
45499,father son relationship
45499,own
45499,watch the credits
45499,gfei own it
45499,actionpacked
45499,hugh jackman
45499,wheelchair
45499,biology
45499,rebel
45499,ice skating
45499,dani2006
45499,tumeys dvds
45499,haunted by the past
45499,adapted from:comic
45499,disability
45499,ummarti2006
45499,xenophobic
45499,magneto
45499,jealousy
45499,mutants
45499,big budget
45499,drivein
45499,tattoo
45499,duality
45499,tissue regeneration
45499,my movies
45499,rpg heroes
45499,outsider
45499,opening weekend
45501,pg13
45501,vince vaughn
45501,watched 2006
45501,below r
45503,stupid
45503,ridiculously spiritual
45517,fun
45517,disney animated feature
45517,kids fun
45517,disney
45517,cars
45517,redemption
45517,better than expected
45517,kids and family
45517,jonossa
45517,computer generated
45517,race
45517,erlends dvds
45517,cary grant
45517,potential oscar nom
45517,oscar nom 2007
45517,actually funny
45517,innovative
45517,small town
45517,pixar animation
45517,yahoo top pick
45525,bill murray
45525,cuba
45611,seen 2008
45635,less than 300 ratings
45635,bdsm
45635,glamour
45635,stylized
45635,nostalgic
45635,sexual
45635,irreverent
45635,biographical
45635,austere
45635,chilly
45635,dvr
45658,less than 300 ratings
45662,remake
45662,antichrist
45662,omigawd
45664,nudity (topless)
45666,nudity (topless)
45666,jack black
45666,mexico
45666,better than expected
45666,ironic
45666,silly
45666,nasa
45666,friday night movie
45666,madcap
45666,napoleon dynamite
45666,jared hess
45666,bright
45668,time travel
45668,keanu reeves
45668,remake
45668,love story
45668,sweet
45668,jane austen
45668,time
45668,sandra bullock
45668,architecture
45668,chicago
45672,classic
45672,new york city
45672,family
45672,family bonds
45672,regrets
45672,second chance
45672,architecture
45672,adam sandler
45672,oscar nom 2007
45672,watched 2007
45672,pua
45679,less than 300 ratings
45679,val lewton
45720,terrible
45720,paris
45720,girlie movie
45720,adapted from:book
45720,jonossa
45720,silly
45720,fashion
45720,new york
45720,magazines
45720,seen 2006
45720,meryl streep
45720,alone
45720,below r
45720,potential oscar nom
45720,oscar nom 2007
45720,bit overrated
45720,fabulous
45720,corvallis library
45720,tumeys dvds
45720,alliances
45720,twentieth centuryfox
45722,funny
45722,ghosts/afterlife
45722,johnny depp
45722,action
45722,sequel
45722,pirates
45722,thriller
45722,seen more than once
45722,keira knightley
45722,romantic
45722,treasure
45722,sequels
45722,watched 2006
45722,better than original
45722,bill nighy
45722,jack davenport
45722,naomie harris
45722,want it
45722,orlando bloom
45722,need to buy
45722,swashbuckler
45722,sequels filmed simultaneously
45722,seafaring
45722,big budget
45722,cinematographer:dariusz wolski
45726,friendship relations
45726,pg13
45726,jonossa
45726,watched 2007
45726,adult
45728,bad acting
45728,claymation
45728,jonossa
45728,view askew
45728,dialogue driven
45728,friday night movie
45728,fast food
45728,slackers
45728,highly quotable
45728,do kupienia
45730,stupid
45730,disappointing
45730,m night shyamalan
45730,legend
45730,faerie tale
45730,fairy tale
45730,bad
45730,gfei own it
45730,larry wachkowski
45730,lyrical
45730,ominous
45730,menacing
45730,fanciful
45730,far fetched
45732,stupid
45732,pg13
45732,watched 2007
45732,adult comedy
45880,biopic
45880,sofia coppola
45880,france
45880,based on a book
45880,stylized
45880,costume drama
45880,historical
45880,atmospheric
45880,seen 2006
45880,wired 50 greatest soundtracks
45880,lavish
45880,potential oscar nom
45880,oscar nom 2007
45880,food
45880,lyrical
45880,corvallis library
45880,tumeys dvds
45880,versailles
45880,from kata
45880,decadent
45928,environment
45928,below r
45928,propaganda
45928,potential oscar nom
45928,environmental
45928,tumeys dvds
45928,to see
45928,american idiocy
45950,earth
45950,slow
45950,on computer
45950,environment
45950,interesting
45950,global warming
45950,politics
45950,erlends dvds
45950,nature
45950,propaganda
45950,potential oscar nom
45950,oscar nom 2007
45950,ecology
45950,jcl to buy
45950,dvd collection
45950,washington dc
45950,climate change
45950,ummarti2006
45950,important
45950,oscar (best documentary feature)
45950,misleading
45981,invisibility
46231,nudity (topless)
46322,federico fellini
46322,seen 2007
46322,revenge
46322,martial arts
46322,friendship
46322,redemption
46322,pg13
46322,19th century
46322,responsibility
46322,wuxia
46322,blindness
46322,1900s
46322,jet li
46322,duel
46322,shanghai
46335,fantasy
46335,japan
46335,cars
46335,netflix
46335,crappy sequel
46335,street race
46337,adapted from:comic
46347,music documentary
46530,stupid
46530,seen more than once
46530,pg13
46530,franchise
46530,bryan singer
46530,alter ego
46530,dani2006
46530,based on comic book
46530,let down
46530,tumeys dvds
46530,adapted from:comic
46530,sucks big time
46530,ummarti2006
46530,dc comics
46530,revival
46530,big budget
46530,good sequel
46559,prison
46559,on dvr
46559,british
46559,torture
46559,usa
46559,docudrama
46559,library
46559,interrogation
46559,afghanistan
46559,falsely accused
46559,george bush
46559,numbers
46572,nudity (topless)
46572,nudity (rear)
46572,based on a play
46572,mamet
46574,less than 300 ratings
46574,orgasm
46578,funny
46578,comedy
46578,drugs
46578,life
46578,imdb top 250
46578,quirky
46578,exceptional acting
46578,inspirational
46578,heartwarming
46578,family
46578,cute
46578,jonossa
46578,california
46578,road trip
46578,family bonds
46578,volkswagen
46578,family drama
46578,beauty pageant
46578,kitsch
46578,homosexuality
46578,pointless
46578,quirky good
46578,feelgood
46578,seen 2006
46578,steve carell
46578,toplist06
46578,dysfunctional family
46578,irreverent
46578,need to own
46578,affectionate
46578,annoying
46578,potential oscar nom
46578,oscar nom 2007
46578,watched 2007
46578,seen at the cinema
46578,existential
46578,pornographys influence
46578,deadpan
46578,want to see
46578,feel good movie
46578,really funny
46578,dani2006
46578,tumeys dvds
46578,suicide attempt
46578,ummarti2006
46578,offbeat comedy
46578,arizona
46578,subgenre:road trip
46578,subgenre:family dynamics
46578,dvd:alternate endings
46578,see also:little miss sunshine
46578,avuncular grandfatherfigure
46578,see also:strictly ballroom
46578,pornography
46578,vow of silence
46578,title spoken by character
46578,air force academy dreams
46578,ice cream
46578,eccentric families
46578,failure
46578,success
46578,greg kinnear
46578,nonconformity
46578,my movies
46578,toni collette
46578,childrens drama
46664,criterion
46664,dvdvideo
46723,brad pitt
46723,alejandro gonzalez inarritu
46723,nudity (full frontal)
46723,clearplay
46723,jonossa
46723,brilliant
46723,toplist06
46723,potential oscar nom
46723,oscar nom 2007
46723,library
46772,philip seymour hoffman
46772,dark comedy
46772,high school
46803,criterion
46803,national film registry
46839,bab cinema
46850,jonossa
46850,below r
46850,potential oscar nom
46850,nerds
46850,ummarti2006
46850,topic:us culture
46850,gay propaganda
46855,action
46855,less than 300 ratings
46855,criterion
46855,tumeys dvds
46865,funny
46865,life
46865,golden raspberry (worst actor)
46948,claymation
46948,stereotypes
46948,halloween
46948,basketball
46948,haunted house
46948,coming of age
46948,games
46948,poor dialogue
46948,halloween movie
46948,potential oscar nom
46948,oscar nom 2007
46948,dani2006
46948,unlikely friendships
46948,tumeys dvds
46948,halloween theme
46948,ummarti2006
46948,neighbors
46948,friends
46948,prejudiced
46948,kite
46948,house
46948,puberty
46965,aviation
46965,on computer
46965,samuel l jackson
46965,classic
46965,airplane
46965,campy
46965,snow
46965,quotable
46965,watched 2007
46965,bmovie
46965,hilarity
46965,planes
46965,debased
46965,bmf
46965,adult
46967,woody allen
46967,murder investigations
46967,erlends dvds
46967,woody allen classic
46967,hugh jackman
46970,funny
46970,boring
46970,seen more than once
46970,sacha baron cohen
46970,pg13
46970,competition
46970,will ferrell
46970,tarantino
46970,john c reilly
46970,michael clarke duncan
46970,dissapointing
46970,friday night movie
46970,below r
46970,nascar
46970,watched 2007
46970,seen at the cinema
46970,judd apatow movie
46970,sport:car racing (nascar)
46970,blindfold
46970,sascha baron cohen
46972,funny
46972,robin williams
46972,family
46972,ben stiller
46972,museum
46972,movie to see
46972,single father
46972,mickey rooney
46972,dick van dyke
46972,gfei own it
46972,slapstick
46972,fatherson relationship
46972,my movies
46974,world war ii
46974,nicolas cage
46974,true story
46974,new york city
46974,courage
46974,oliver stone
46974,heroes
46974,potential oscar nom
46974,watched 2007
46974,9/11
46976,surreal
46976,fantasy
46976,schizophrenia
46976,modern fantasy
46976,pg13
46976,metaphysics
46976,writing
46976,will ferrell
46976,movie to see
46976,maggie gyllenhaal
46976,chicago
46976,oppl
46976,potential oscar nom
46976,actually funny
46976,library
46976,dani2007
46976,j netflix
46976,pua
46976,metafiction
46976,opening weekend
47044,dark
47044,stylish
47044,clearplay
47044,colin farrell
47044,bad movie
47044,realistic action
47044,grainy
47099,san francisco
47099,depressing
47099,courage
47099,understated
47099,will smith
47099,jonossa
47099,movie to see
47099,bittersweet
47099,toplist06
47099,k movie
47099,below r
47099,motivation
47099,poignant
47099,potential oscar nom
47099,oscar nom 2007
47099,earnest
47099,tearjerking
47099,tumeys dvds
47117,stylized
47124,movie to see
47124,k movie
47200,best movie ever
47200,stupid
47200,action packed
47200,jason statham
47200,videogame like
47200,los angeles
47200,dead
47200,movie to see
47200,crappy sequel
47200,alliances
47200,killerasprotagonist
47200,plot point:time is short
47200,debased
47202,nudity (topless)
47202,less than 300 ratings
47254,jason statham
47261,clearplay
47261,predictable
47261,netflix
47261,radio
47261,hw new release
47261,gay propaganda
47264,kids
47264,animated
47264,jonossa
47264,talking animals
47264,responsibility
47264,computer animation
47264,coming of age
47306,heartwarming
47306,stylized
47306,atmospheric
47306,whimsical
47306,nostalgic
47306,movielens top pick
47306,americans abroad
47306,earnest
47306,lyrical
47306,tumeys dvds
47306,life on the homefront
47330,heist
47330,car chase
47382,jazz
47382,jonossa
47382,dance
47394,murder
47394,sport:ice hockey
47423,drugs
47423,boring
47423,crap
47423,toplist06
47423,movielens top pick
47423,ryan gosling
47423,potential oscar nom
47423,oscar nom 2007
47423,oscar nominee
47423,corvallis library
47423,oscar nominee: lead actor
47446,insanity
47446,nudity (full frontal)
47465,drugs
47465,terry gilliam
47465,gilliam
47465,erlends dvds
47465,child lead
47493,less than 300 ratings
47493,black and white
47493,directorial debut
47516,imdb bottom 100
47518,pg13
47518,jonossa
47518,college
47518,dude comedy
47518,below r
47610,edward norton
47610,romance
47610,twist ending
47610,paul giamatti
47610,love story
47610,cinematography
47610,jonossa
47610,predictable
47610,19th century
47610,costume drama
47610,stage magic
47610,movie to see
47610,il film perfetto
47610,jessica biel
47610,surprise ending
47610,rufus sewell
47610,vienna
47610,sex scene
47610,oscar nom 2007
47610,mtsvod
47610,brilliant film
47610,yahoo top pick
47610,good plot
47629,england
47629,oscar (best actress)
47629,hunting
47629,stephen frears
47629,seen 2007
47629,biography
47629,true story
47629,paris
47629,pg13
47629,understated
47629,jonossa
47629,helen mirren
47629,scotland
47629,princess
47629,good acting
47629,1990s
47629,toplist06
47629,below r
47629,poignant
47629,biographical
47629,earnest
47629,oscar nominee: director
47629,oscar nominee: costume design
47629,dani2007
47629,ummarti2007
47629,monarchy
47629,grief
47629,public relations
47629,oscar nominee: best picture
47629,oscar nominee: original screenplay
47629,pathe
47629,paparazzi
47629,government
47629,elegiac
47629,canal
47629,matteroffact
47629,biopics
47640,nudity (topless)
47640,beer
47642,based on a book
47644,ingmar bergman
47644,inspirational
47644,true story
47644,football
47644,rags to riches
47644,below r
47644,over the top
47644,underdog
47644,based on true story
47644,setting:philadelphia
47644,philadelphia
47644,greg kinnear
47723,less than 300 ratings
47725,luc besson
47725,netflix
47725,setting:paris
47778,sundance award winner
47778,corvallis library
47778,sundance grand jury prize
47793,mumblecore
47805,dogs
47805,animal:dog
47810,nicolas cage
47810,remake
47810,so bad its good
47810,predictable
47810,unnecessary
47810,cult
47810,sacrilege
47810,pagan
47815,imdb bottom 100
47830,nudity (topless)
47836,dvdr
47836,dvdram
47894,civil war
47894,golden palm
47894,nr (r)
47894,tumeys dvds
47894,ireland
47907,tumeys dvds
47937,nudity (topless)
47940,nudity (topless)
47940,netflix
47950,clearplay
47950,adrien brody
47950,ben affleck
47950,potential oscar nom
47950,holocaust poland
47952,jonossa
47952,witches
47956,less than 300 ratings
47970,netflixq
47970,remake
47970,cheating
47970,lying
47970,zack braff
47970,freedom
47978,nudity (topless)
47978,less than 300 ratings
47978,disturbing
47978,clearplay
47997,future
47997,mike judge
47999,global warming
47999,brainwashing
47999,mass behavior
47999,politics
47999,religion
47999,harry potter
47999,christian
47999,science
47999,christianity
47999,sad
47999,evolution
47999,bowling
47999,child abuse
47999,propaganda
47999,radio
47999,oscar nom 2007
47999,library
47999,religious zealotry
47999,creationism
47999,abortion
47999,patriotic
47999,religious oppression
47999,witchcraft
47999,homophobia
47999,republicans
47999,topic:us culture
47999,fundamentalism
47999,warmongering
47999,george bush
47999,religious conversion
47999,sin
47999,radical
47999,juxtaposition
47999,indoctrination
47999,pentecostal
47999,predestination
47999,religious bigotry
47999,misleading
47999,evangelical
48032,italian
48032,benigni
48043,time travel
48043,not at cml
48043,history
48043,artistic
48043,on request
48043,inspirational
48043,immortality
48043,darren aronofsky
48043,disappointing
48043,dreamlike
48043,love
48043,religion
48043,sweeping
48043,unique
48043,cancer
48043,medicine
48043,cerebral
48043,metaphor
48043,mortality
48043,movie to see
48043,atmospheric
48043,death
48043,excellent soundscore
48043,mnm
48043,need to own
48043,eerie
48043,hallucinatory
48043,potential oscar nom
48043,hugh jackman
48043,mythology
48043,16th century
48043,disease
48043,lyrical
48043,metaphysical
48043,visually appealing
48043,tumeys dvds
48043,dont forget to see
48043,dying young
48043,cdon
48043,grieving
48043,death of a spouse
48043,obsessive quests
48043,inspiration for life
48061,less than 300 ratings
48061,cute
48082,surreal
48082,fantasy
48082,quirky
48082,romance
48082,favourite
48082,psychology
48082,crap
48082,clearplay
48082,stylized
48082,michel gondry
48082,bittersweet
48082,need to own
48082,oppl
48082,dani2007
48082,tumeys dvds
48082,ummarti2007
48082,artsy
48082,fanciful
48142,nudity (topless)
48142,nudity (rear)
48142,black comedy
48142,clearplay
48142,brian de palma
48142,oscar nom 2007
48142,brian depalma
48142,cinematographer:vilmos zsigmond
48161,great soundtrack
48161,football
48161,pg13
48161,movie to see
48161,dwayne the rock johnson
48161,sport:american football
48214,wim wenders
48214,bab cinema
48262,less than 300 ratings
48262,san francisco
48262,depression
48262,interviews
48262,tumeys dvds
48262,bab cinema
48301,less than 300 ratings
48304,nudity (topless)
48304,violence
48304,tense
48304,disappointing
48304,deus ex machina
48304,mel gibson
48304,clearplay
48304,jonossa
48304,atmospheric
48304,potential oscar nom
48304,oscar nom 2007
48304,corvallis library
48304,epic adventure
48304,menacing
48304,tribal
48304,gruesome
48319,romance
48319,world war i
48319,aerial dogfights
48322,japan
48322,jonossa
48322,movie to see
48322,johnny knoxville
48322,seen at the cinema
48326,corruption
48326,remake
48326,jude law
48326,power
48326,tumeys dvds
48342,less than 300 ratings
48385,funny
48385,satire
48385,racism
48385,on computer
48385,male nudity
48385,hard to watch
48385,new york city
48385,sacha baron cohen
48385,los angeles
48385,acidly funny
48385,racist rubbish
48385,clearplay
48385,texas
48385,road trip
48385,mockumentary
48385,new york
48385,gross out
48385,united states
48385,erlends dvds
48385,social commentary
48385,movie to see
48385,seen 2006
48385,irreverent
48385,bears
48385,crude humor
48385,potential oscar nom
48385,oscar nom 2007
48385,watched 2007
48385,seen at the cinema
48385,washington dc
48385,dont forget to see
48385,alabama
48385,subversive
48385,sascha baron cohen
48394,surreal
48394,fascism
48394,fantasy
48394,life
48394,violence
48394,history
48394,imdb top 250
48394,on disc
48394,scifi
48394,seen 2007
48394,adventure
48394,drama
48394,twist ending
48394,dark
48394,violent
48394,bibliothek
48394,parallel universe
48394,bloody
48394,foreign
48394,oscar (best cinematography)
48394,dead
48394,murder
48394,spanish civil war
48394,spain
48394,faerie tale
48394,baby
48394,disturbing
48394,guillermo del toro
48394,macabre
48394,goth
48394,stylized
48394,fairy tale
48394,storm
48394,fantasy world
48394,sad
48394,erlends dvds
48394,good but not great
48394,bittersweet
48394,atmospheric
48394,gore
48394,beautiful
48394,lush
48394,toplist06
48394,hdtv
48394,spanish
48394,forceful
48394,potential oscar nom
48394,oscar nom 2007
48394,maze
48394,comingofage
48394,child lead
48394,1940s
48394,stepfather
48394,sacrifice
48394,visually appealing
48394,oscar (best art direction)
48394,oscar (best makeup)
48394,corvallis library
48394,netflix instant watching
48394,allegory
48394,paired with:devils backbone
48394,subgenre:fable
48394,paired with:pans labyrinth
48394,adolescence
48394,individual
48394,forest
48394,oscar nominee: original screenplay
48394,faun
48394,motherdaughter relationship
48412,suspense
48412,guns
48412,movie to see
48412,watched 2007
48412,not interested
48412,dont forget to see
48414,hunting
48414,talking animals
48414,movie to see
48414,gary sinise
48414,debra messing
48414,martin lawrence
48414,watched 2007
48414,movies 8
48416,billy bob thornton
48416,michael clarke duncan
48416,jon heder
48416,nerds
48416,mentor/trainer
48416,apprenticeship/training of an adult
48416,scholarship
48416,pua
48516,police
48516,great movie
48516,crime
48516,best movie ever
48516,violence
48516,mafia
48516,gangster
48516,martin scorsese
48516,imdb top 250
48516,police corruption
48516,gangsters
48516,organized crime
48516,tense
48516,undercover cop
48516,remake
48516,murder
48516,too violent
48516,jack nicholson
48516,erlends dvds
48516,good
48516,very well made
48516,atmospheric
48516,seen 2006
48516,great acting
48516,toplist06
48516,need to own
48516,boston
48516,forceful
48516,potential oscar nom
48516,oscar nom 2007
48516,watched 2007
48516,seen at the cinema
48516,harsh
48516,wellacted
48516,tumeys dvds
48516,strong director
48516,ummarti2006
48516,gritty
48516,moles
48516,visceral
48516,didnt deserve oscar
48516,fdfd
48520,harland williams
48520,dont forget to see
48520,empire state building
48520,dane cook
48560,clearplay
48560,weird
48560,evan rachel wood
48584,nudity (topless)
48593,robin williams
48593,dvd
48593,politics
48593,president
48593,election
48593,christopher walken
48593,mandy patinkin
48596,stupid but funny
48598,truman capote
48598,sigourney weaver
48598,not corv lib
48598,tumeys dvds
48598,blindfold
48598,lee pace
48598,in library
48600,religion
48600,based on a book
48600,biblical
48600,omar sharif
48600,john rhysdavies
48600,peter otoole
48678,less than 300 ratings
48678,so bad its funny
48682,nudity (topless)
48682,soccer
48682,women
48682,iran
48682,oppl
48682,women disguised as men
48696,suburbia
48696,on computer
48696,satirical
48696,netflixq
48696,parenthood
48696,clearplay
48696,reflective
48696,toplist06
48696,adultery
48696,irreverent
48696,potential oscar nom
48696,oscar nom 2007
48696,talky
48696,tumeys dvds
48696,to see
48696,extramarital affairs
48696,deliberate
48696,austere
48696,ironic title
48698,less than 300 ratings
48698,sick
48698,child abuse
48698,coverup
48698,netwatch
48698,to see
48698,paedophilia
48738,nudity (topless)
48738,genocide
48738,terror
48738,favourite
48738,based on a book
48738,clearplay
48738,adapted from:book
48738,colonialism
48738,historical
48738,te kijken
48738,toplist06
48738,wired 50 greatest soundtracks
48738,potential oscar nom
48738,oscar nom 2007
48738,watched 2007
48738,possibly scarring
48738,idi amin
48738,want to see
48738,forest whitaker
48738,j netflix
48738,tumeys dvds
48738,dictatorship
48738,james mcavoy
48741,less than 300 ratings
48741,beatles
48741,government
48741,liberal propaganda
48741,bab cinema
48744,product placement
48744,queer
48744,new york city
48744,underrated
48744,depression
48744,sex
48744,raunchy
48744,orgy
48744,feel good
48744,gay relationship
48744,sexual
48744,irreverent
48744,facebook rec
48744,to see
48744,biting
48744,improvised/actordeveloped script
48744,group sex
48744,sexual awakening
48744,brooklyn
48744,looking for love
48744,intersecting lives
48774,dystopia
48774,survival
48774,futuristic
48774,war
48774,imdb top 250
48774,scifi
48774,stereotypes
48774,end of the world
48774,future
48774,baby
48774,based on a book
48774,bleak
48774,clearplay
48774,christianity
48774,motorcycle
48774,erlends dvds
48774,humanity
48774,atmospheric
48774,distopia
48774,toplist06
48774,michael caine
48774,pregnancy
48774,heroic mission
48774,clive owen
48774,gloomy
48774,waste of celluloid
48774,potential oscar nom
48774,oscar nom 2007
48774,apocalypse
48774,long takes
48774,betrayal
48774,xenophobia
48774,environmental
48774,violently stupid
48774,dani2007
48774,somber
48774,future dystopias
48774,ummarti2007
48774,gritty
48774,infertility
48774,bus
48774,austere
48774,grim
48774,illegal immigration
48774,refugee
48774,totalitarian states
48774,cannabis
48774,skinut
48774,chiwetel ejiofor
48774,activism
48774,sick plot
48780,fun
48780,nonlinear
48780,christopher nolan
48780,imdb top 250
48780,on request
48780,twist ending
48780,dark
48780,tense
48780,christian bale
48780,twists & turns
48780,based on a book
48780,diary
48780,pg13
48780,costume drama
48780,stage magic
48780,obsession
48780,atmospheric
48780,drowning
48780,teleportation
48780,michael caine
48780,gfei own it
48780,need to own
48780,lavish
48780,david bowie
48780,eerie
48780,nice period piece
48780,potential oscar nom
48780,oscar nom 2007
48780,watched 2007
48780,enigmatic
48780,hugh jackman
48780,obvious
48780,1900s
48780,1890s
48780,rivalry
48780,sacrifice
48780,tumeys dvds
48780,to see
48780,ominous
48780,ummarti2006
48780,illusionist
48780,elegant
48783,world war ii
48783,war
48783,clint eastwood
48783,clearplay
48783,toplist06
48783,propaganda
48783,potential oscar nom
48783,oscar nom 2007
48783,j netflix
48783,tumeys dvds
48783,photography
48783,ryan phillippe
48783,flag
48791,animal:horse
48791,rodeo
48856,nudity (topless)
48872,black and white
48872,netflix
48877,netflix
48877,flashbacks
48877,gore
48877,watched 2007
48879,tumeys dvds
48883,assassination
48883,murder
48883,clearplay
48883,to see
48883,related:technique:forrest gump
48883,george bush
48909,less than 300 ratings
48982,aardman
48982,kids and family
48982,london
48982,dreamworks
48982,smart humor
48982,movie to see
48982,slapstick
48982,below r
48982,musical parodies
48982,j netflix
48982,tumeys dvds
48982,rich and poor
48982,rats
48982,class
48982,wallace & gromit
48997,serial killer
48997,nudity (topless)
48997,artistic
48997,cannibalism
48997,murder
48997,clearplay
48997,sexuality
48997,orgy
48997,obsession
48997,weird
48997,17th century
48997,tumeys dvds
49013,tim allen
49013,satire
49013,christmas
49013,martin short
49130,romance
49130,disappointing
49130,movie to see
49130,russell crowe
49130,ridley scott
49130,below r
49130,tumeys dvds
49132,time travel
49132,available at cml
49132,los angeles
49132,austin
49132,protest
49132,new york
49132,free speech
49132,pierce brosnan
49132,iraq war
49132,nr
49132,country music
49132,potential oscar nom
49132,speech
49132,enigmatic
49132,united kingdom
49200,less than 300 ratings
49205,sarah michelle gellar
49220,less than 300 ratings
49220,mockumentary
49220,netflix
49220,potential oscar nom
49220,j netflix
49263,nudity (topless)
49263,free speech
49265,rwanda
49265,hugh dancy
49265,jmq
49272,action
49272,espionage
49272,england
49272,gambling
49272,product placement
49272,parkour
49272,assassin
49272,james bond
49272,torture
49272,cars
49272,murder
49272,pg13
49272,spies
49272,franchise
49272,guilty pleasure
49272,casinos
49272,movie to see
49272,spy
49272,seen 2006
49272,watched 2006
49272,great action
49272,daniel craig
49272,adultery
49272,poker
49272,potential oscar nom
49272,seen at the cinema
49272,bond james bond
49272,venice
49272,literary adaptation
49272,realistic action
49272,dani2007
49272,dvdvideo
49272,adapted from:comic
49272,ummarti2007
49272,hungary
49272,killer as protagonist
49272,sequelto:casino royale[2006]
49272,prequelto:quantum of solace[2008]
49272,007 (series)
49272,scope
49272,poison
49272,series:james bond
49272,author:ian fleming
49272,gadget car
49272,bom
49274,robin williams
49274,cute
49274,penguins
49274,singing
49274,dancing
49274,movie to see
49274,penguin
49274,hugo weaving
49274,friday night movie
49274,potential oscar nom
49274,oscar nom 2007
49274,corvallis library
49274,tumeys dvds
49274,oscar (best animated feature)
49276,hilarious :d
49276,weak ending
49278,time travel
49278,scifi
49278,time
49278,movie to see
49278,val kilmer
49278,watched 2007
49278,paradox
49280,politics
49280,clearplay
49280,potential oscar nom
49282,predictable
49282,matthew broderick
49284,slow
49284,life
49284,clearplay
49284,morgan freeman
49286,england
49286,romantic comedy
49286,hollywood
49286,jude law
49286,better than expected
49286,kate winslet
49286,watched 2006
49286,cameron diaz
49286,rufus sewell
49286,k movie
49286,below r
49286,seen at the cinema
49286,trading places
49312,autism
49312,dani2007
49314,christian bale
49314,gfei own it
49314,going postal
49314,tumeys dvds
49347,nudity (topless)
49347,based on a book
49347,bruce willis
49347,clearplay
49347,watched 2007
49347,dani2007
49347,corvallis library
49347,ummarti2007
49347,dont forget to see
49347,greg kinnear
49347,dramatic irony
49396,satire
49396,farce
49396,rock and roll
49396,fucking awesome
49396,to see
49422,netflix
49524,christmas
49524,religion
49524,based on a book
49524,christian
49524,whimsical
49524,biblical
49524,jesus
49524,religion:xian
49524,siddig
49524,in library
49526,nudity (topless)
49528,nudity (topless)
49530,corruption
49530,war
49530,violent
49530,smuggling
49530,leonardo dicaprio
49530,orphans
49530,fathers and sons
49530,clearplay
49530,sweeping
49530,mining
49530,journalism
49530,movie to see
49530,1990s
49530,gfei own it
49530,south africa
49530,forceful
49530,potential oscar nom
49530,oscar nom 2007
49530,possibly scarring
49530,rebels
49530,earnest
49530,diamonds
49530,more mature leo decaprio
49530,decent
49530,edward zwick
49530,photography
49530,united kingdom
49530,prostitutes
49530,confrontational
49530,missing persons
49530,refugee
49530,atrocity
49530,separation
49530,brutality
49530,imprisonment
49647,based on a book
49647,kids and family
49647,adapted from:book
49647,talking animals
49647,movie to see
49647,based on book
49647,author:e b white
49647,barnyard animals
49647,eb white
49649,fantasy
49649,legend
49649,dragons
49649,epico
49649,teen
49649,coming of age
49649,john malkovich
49649,jeremy irons
49649,cliche
49649,destiny
49649,journey of selfdiscovery
49649,spirit animal
49649,extrasensory visual capacity
49651,boxing
49651,slow
49651,sylvester stallone
49651,sport:boxing
49651,cliched
49651,ridiculous
49651,reflective
49651,movie to see
49651,sentimental
49651,watched 2007
49651,seen at the cinema
49651,earnest
49651,over the top
49651,ummarti2007
49651,competitive sport
49651,rousing
49666,nudity (full frontal)
49666,robert downey jr
49772,edward norton
49772,remake
49772,based on a book
49772,science
49772,toplist06
49772,adultery
49772,potential oscar nom
49772,intellectual
49772,high society
49772,imperialism
49772,nuns
49772,husbandwife relationship
49772,epidemic
49772,altruism
49772,cholera
49772,unhappy marriage
49772,orphanage
49772,doctors and patients
49772,abroad
49793,less than 300 ratings
49793,movie to see
49793,below r
49793,corvallis library
49793,sport:american football
49793,setting:high school
49817,dogs
49817,sad but good
49822,cold war
49822,espionage
49822,history
49822,robert de niro
49822,angelina jolie
49822,matt damon
49822,clearplay
49822,new york
49822,united states
49822,cia
49822,movie to see
49822,potential oscar nom
49822,tumeys dvds
49822,washington dc
49822,lee pace
49824,musical
49824,toplist06
49824,potential oscar nom
49824,oscar nom 2007
49824,corvallis library
49824,music business
49824,rhythm & blues
49910,pg13
49910,movie to see
49910,below r
49932,surreal
49932,david lynch
49932,erlends dvds
49932,laura dern
49932,watch
49957,school drama
49957,library on hold
49957,tumeys dvds
49961,england
49961,lesbian
49961,seen 2007
49961,homophobic
49961,obsession
49961,scandal
49961,good acting
49961,oscar nom 2007
49961,manipulation
49961,loneliness
49961,united kingdom
49961,journal writing
49961,judi dench
50003,geeks
50003,ninja
50003,video game adaptation
50003,martial arts
50003,hot girls
50003,geek
50003,competition
50003,princess
50003,stupid but funny
50003,bmovie
50003,wuxia
50003,dumb but funny
50003,surveillance
50003,statue
50003,heroine
50003,ludicrous
50003,volleyball
50003,needles
50005,china
50005,seen 2007
50005,martial arts
50005,rebellion
50005,queen
50005,sword fight
50005,oscar nom 2007
50005,library
50005,oscar nominee: costume design
50005,adapted from:play
50005,scope
50005,massacre
50005,9th century
50005,poison
50005,r:violence
50005,recorded
50011,dystopia
50011,to see
50064,world war ii
50064,george clooney
50064,wwii
50064,clearplay
50064,tobey maguire
50064,potential oscar nom
50064,oscar nom 2007
50064,corvallis library
50066,florida film festival winner
50068,world war ii
50068,imdb top 250
50068,clint eastwood
50068,intimate
50068,understated
50068,meditative
50068,movie to see
50068,toplist06
50068,potential oscar nom
50068,oscar nom 2007
50068,earnest
50068,claustrophobic
50068,character study
50068,j netflix
50068,tumeys dvds
50068,moviepig top pick
50068,letters
50147,remake
50149,corvallis library
50151,samuel l jackson
50151,clearplay
50151,veterans
50153,lucy liu
50158,fraternity
50158,dance movie
50160,good casting
50160,potential oscar nom
50160,literature
50160,author
50162,corvallis library
50162,dvdram
50189,blindfold
50229,facebook rec
50229,svens to see list
50253,religion
50253,based on a book
50253,biblical
50259,less than 300 ratings
50259,svens to see list
50274,clearplay
50274,erlends dvds
50274,peter otoole
50274,oscar nom 2007
50347,drugs
50347,nudity (full frontal)
50347,sex
50347,colombian
50442,bruce willis
50442,justin timberlake
50445,gfei own it
50445,sean bean dies
50445,veja
50447,murder
50447,nudity (full frontal)
50447,unique
50477,criterion
50514,less than 300 ratings
50514,father daughter relationship
50514,marriage
50514,to see
50514,weddings
50601,bullying
50601,based on a book
50601,sad
50601,movie to see
50601,teen relationships
50601,death of a child
50619,criterion
50658,netflix
50658,to see
50658,7n up (series)
50685,seen 2007
50685,infidelity
50685,pg13
50685,macabre
50685,marriage
50685,movie to see
50685,bittersweet
50685,pregnancy
50685,prolife
50685,food
50685,small town
50685,corvallis library
50685,setting:diner
50685,doctors
50685,baking
50685,waitress
50792,sweet and romantic
50792,jennifer garner
50792,hw new release
50794,nudity (topless)
50794,mafia
50794,twist ending
50794,tense
50794,murder
50794,paranoid
50794,clearplay
50794,netflix
50794,gfei own it
50794,forceful
50794,violently silly
50794,hw new release
50794,frantic
50794,menacing
50794,flashy
50794,gruesome
50796,black
50796,hugh dancy
50798,funny
50798,awful
50798,faun
50798,imdb bottom 100
50800,movie to see
50802,movie to see
50804,serial killer
50804,hannibal lecter
50804,boring
50804,netflix
50804,psychiatrist as protagonist
50804,gaspard ulliel
50804,adult
50806,golden raspberry (worst actor)
50842,dark comedy
50842,less than 300 ratings
50842,rakkautta ja anarkiaa
50842,danish
50842,to see
50851,cocaine
50858,nudity (topless)
50872,funny
50872,fun
50872,tv show
50872,pixar
50872,imdb top 250
50872,animation
50872,kids movie
50872,disney
50872,france
50872,talking animals
50872,movie to see
50872,imaginary friend
50872,netflix
50872,puppetry
50872,cooking
50872,setting:paris
50872,community
50872,food
50872,kitchen
50872,restaurant
50872,fish out of water
50872,rats
50872,pixar animation
50872,books
50872,yahoo top pick
50872,moviepig top pick
50872,food/cooking
50872,bechdel test:fail
50872,apprenticeship
50872,brad bird
50872,lawyers
50872,chefs
50872,oscar (best animated feature)
50872,customer service
50872,recipe
50872,television show
50872,blindfold
50872,do kupienia
50912,amazing
50912,paris
50912,erlends dvds
50912,library
50912,netwatch
50912,episodic
50912,bab cinema
50923,on dvr
50923,deus ex machina
50923,dvr
51014,based on a book
51014,adapted from:book
51014,alter ego
51014,author:robert louis stevenson
51014,robert louis stevenson
51037,survival
51037,less than 300 ratings
51037,memory loss
51077,comic book
51077,nicholas cage
51077,nicolas cage
51077,motorcycle
51077,movie to see
51077,based on a comic
51077,adapted from:comic
51077,recorded
51080,slow
51080,conspiracy
51080,spying
51080,tense
51080,pg13
51080,paranoid
51080,chris cooper
51080,not corv lib
51080,ominous
51080,washington dc
51080,government
51080,political corruption
51080,matteroffact
51082,less than 300 ratings
51084,drew barrymore
51084,parody
51084,hugh grant
51084,dani2007
51084,dvr
51086,jim carrey
51086,dvd
51086,psychology
51086,clearplay
51086,united states
51086,movie to see
51086,watched 2007
51088,police
51088,spoof
51088,whales
51088,improv
51088,netflix
51091,nudity (topless)
51091,samuel l jackson
51091,atmospheric
51091,southern theme
51091,twisted
51091,sexual
51091,tumeys dvds
51091,haunted by the past
51091,moody
51091,justin timberlake
51091,southern gothic
51091,lurid
51094,lesbian
51127,music documentary
51174,nudity (topless)
51174,glamour
51174,seen 2008
51255,police
51255,dystopia
51255,surreal
51255,imdb top 250
51255,british comedy
51255,black comedy
51255,murder
51255,clearplay
51255,macabre
51255,parody
51255,movie to see
51255,want it
51255,seen at the cinema
51255,nick frost
51255,simon pegg
51255,timothy dalton
51255,small town
51255,really funny
51255,jcl to buy
51255,tumeys dvds
51255,ummarti2007
51255,subgenre:cop buddies
51255,edgar wright
51277,less than 300 ratings
51277,martial arts
51277,kung fu
51304,serial killer
51304,nudity (topless)
51304,controversial
51304,1990s
51304,canada
51304,husbandwife relationship
51304,video camera
51304,rewatch
51304,my addition to ml
51412,philip k dick
51412,nicolas cage
51412,below r
51412,author:philip k dick
51418,apple
51418,clearplay
51471,england
51471,slavery
51471,political drama
51471,netflix
51471,albert finney
51471,watch
51471,parliament
51471,likeilike top pick
51498,remake
51540,serial killer
51540,bad ending
51540,slow
51540,clearplay
51540,robert downey jr
51540,jake gyllenhaal
51540,obsession
51540,david fincher
51540,investigation
51540,toplist07
51540,mark ruffalo
51540,uninteresting
51540,j netflix
51540,tumeys dvds
51540,long
51540,ummarti2007
51540,cinematographer:harris savides
51575,motorcycle
51575,movie to see
51575,martin lawrence
51575,gfei own it
51575,roadtrip
51575,adult comedy
51638,less than 300 ratings
51638,black and white
51638,bar
51638,cattle
51660,less than 300 ratings
51662,action
51662,nudity (topless)
51662,based on comic
51662,fighting
51662,on computer
51662,male nudity
51662,action packed
51662,epic
51662,boobs
51662,gratuitous
51662,comic
51662,infidelity
51662,fathers and sons
51662,not very good
51662,clearplay
51662,rape
51662,stylized
51662,sweeping
51662,narrated
51662,elephants
51662,prejudice
51662,muscle
51662,blood
51662,queen
51662,movie to see
51662,unintentionally funny
51662,bravery
51662,atmospheric
51662,based on a comic
51662,blood and guts
51662,gfei own it
51662,quotable
51662,heroic mission
51662,sword fight
51662,author:frank miller
51662,lavish
51662,seen at the cinema
51662,watch
51662,betrayal
51662,fios on demand
51662,macho
51662,xenophobia
51662,shallow
51662,could have been better
51662,dani2007
51662,frank miller
51662,adapted from:comic
51662,ummarti2007
51662,sword and sandal
51662,priest
51662,stopped watching
51662,misogyny
51662,wolves
51662,rousing
51662,classical studies
51662,dehumanization
51662,king
51662,deformity
51662,offensive
51662,military superiority
51662,abjection
51662,combat strategy
51662,captain
51662,elephant
51662,glory
51662,cool concept
51678,marlon brando
51678,based on a play
51678,tumeys dvds
51678,playwright:shakespeare
51678,adapted from:play
51694,comedy
51694,on computer
51694,on dvr
51694,british comedy
51694,less than 300 ratings
51694,romantic comedy
51694,1980s
51694,university
51694,to see
51694,james mcavoy
51698,buddhism
51698,movie to see
51705,library
51705,audrey tautou
51709,clearplay
51709,monster
51709,family drama
51709,erlends dvds
51709,sea monster
51709,watched 2007
51709,to see
51709,ummarti2007
51834,chick flick 212
51834,austen
51834,library on hold
51834,james mcavoy
51884,slow
51884,immigrants
51884,boring
51884,seen 2007
51884,pg13
51884,netflix
51884,library
51884,seen at the cinema
51884,potential oscar nom 2008
51884,real
51903,clearplay
51903,movie to see
51903,hw new release
51911,less than 300 ratings
51911,based on a play
51911,tennessee williams
51925,time travel
51925,movie to see
51925,out of order
51925,sandra bullock
51925,adultery
51925,betrayal
51925,slow moving
51927,dvd
51927,creepy
51927,ventriloquist
51931,dvd
51931,inspirational
51931,new york city
51931,life & death
51931,clearplay
51931,unique
51931,new york
51931,donald sutherland
51931,saffron burrows
51931,jada pinkett smith
51931,don cheadle
51931,adam sandler
51931,9/11
51931,posttraumatic stress disorder
51931,not corv lib
51935,conspiracy
51935,based on a book
51935,clearplay
51935,movie to see
51939,ninja
51939,below r
51991,train
51991,book
51991,winter
51991,gloomy
51991,oppl
51991,adoption
51991,prostitutes
51991,trucks
51991,mothers and sons
51991,missing persons
51991,literacy
51991,searching
51991,woodworking
51991,orphanage
51991,child selling
52005,nudity (topless)
52037,french movie
52042,nudity (topless)
52042,espionage
52042,male nudity
52042,nudity (rear)
52042,singing
52042,false identity
52042,end of war
52042,tumeys dvds
52042,paul verhoeven
52042,women during wartime
52042,singer
52042,resistance movement
52101,akira kurosawa
52101,bad movie
52227,nudity (topless)
52241,nudity (topless)
52241,clearplay
52241,toplist07
52241,potential oscar nom 2008
52241,mentally impaired
52245,will ferrell
52245,movie to see
52245,slapstick
52245,jon heder
52245,ice skating
52245,figure skating
52281,crime
52281,serial killer
52281,violence
52281,quentin tarantino
52281,boring
52281,robert rodriguez
52281,zombies
52281,murder
52281,rape
52281,ridiculous
52281,motorcycle
52281,tarantino
52281,quinten tarantino
52281,hdtv
52281,genre spoof
52281,want it
52281,adultery
52281,didnt finish
52281,netwatch
52281,not corv lib
52281,danny trejo
52283,biblical
52287,time travel
52287,alternate universe
52287,kids and family
52287,movie to see
52287,harland williams
52287,angela bassett
52287,based on book
52287,corvallis library
52321,underrated
52328,space
52328,clearplay
52328,netflix
52328,watched 2007
52328,fios on demand
52328,tumeys dvds
52328,spaceships
52328,ummarti2007
52328,sunglasses
52356,biopic
52375,clearplay
52435,christmas
52435,based on a book
52435,adapted from:book
52435,remade
52435,author:dr seuss
52435,dr seuss
52448,nudity (topless)
52448,javier bardem
52456,twists & turns
52456,bruce willis
52456,clearplay
52456,halle berry
52456,surprise ending
52458,thriller
52458,dvd
52458,murder
52458,movie to see
52458,carrieanne moss
52458,shia lebeouf
52458,remadeas:disturbia (2007)
52458,remakeof:rear window (1954)
52458,amateur detective
52460,clearplay
52460,cliched
52462,cult film
52545,lesbian
52545,opera
52561,nudity (topless)
52579,biopic
52579,addiction
52579,paris
52579,french
52579,singers
52579,historical
52579,gerard depardieu
52579,netwatch
52579,20th century
52591,clearplay
52604,murder
52604,anthony hopkins
52604,clearplay
52604,courtroom drama
52604,united states
52604,netflix
52604,murder mystery
52604,adultery
52604,corvallis library
52604,trial
52604,protagonist is engineer
52606,less than 300 ratings
52644,nudity (topless)
52644,clearplay
52668,cancer
52668,adam brody
52668,to see
52694,stupid
52694,vacation
52712,interesting
52717,vinnie jones
52717,good idea
52722,horrible
52722,sam raimi
52722,worst movie ever
52722,sequel
52722,superhero
52722,seen 2007
52722,revenge
52722,carjacking
52722,new york city
52722,marvel
52722,murder
52722,infidelity
52722,pg13
52722,shit on a stick
52722,superheroes
52722,comic book adaption
52722,super hero
52722,kirsten dunst
52722,based on a comic
52722,below r
52722,alter ego
52722,corvallis library
52722,bore
52722,adapted from:comic
52722,ummarti2007
52722,scope
52722,jealousy
52722,big budget
52724,movie to see
52724,poker
52767,netflix
52767,7n up (series)
52867,hysterical
52885,dreamlike
52885,anime
52885,dani2007
52885,ummarti2007
52950,sequel
52950,nudity (rear)
52952,less than 300 ratings
52952,skinhead
52952,netwatch
52952,to see
52967,well acted
52967,nr
52967,toplist07
52967,watch
52967,alzheimers disease
52973,drugs
52973,nudity (topless)
52973,las vegas
52973,harold ramis
52973,seen 2007
52973,los angeles
52973,marijuana
52973,clearplay
52973,growing up
52973,movie to see
52973,television
52973,te kijken
52973,jay baruchel
52973,pregnancy
52973,sexist
52973,watched 2008
52973,slackers
52973,seth rogen
52973,paul rudd
52973,judd apatow movie
52973,jonah hill
52973,katherine heigl
52973,unwed mother
52973,potential oscar nom 2008
52975,racism
52975,remake
52975,musical
52975,high school
52975,dancing
52975,movie to see
52975,civil rights
52975,j netflix
52975,tumeys dvds
52975,setting:baltimore
52975,remakeof:hairspray(1988)
52975,adapted from bway
52975,outsider
52975,happy
53000,sequel
53000,postapocalyptic
53000,zombies
53000,clearplay
53000,movie to see
53000,toplist07
53000,dani2007
53000,tumeys dvds
53000,ummarti2007
53000,sequelto:28 days later
53000,pseudozombies
53002,clearplay
53002,small town
53002,generations
53002,family relationships
53004,movie to see
53038,less than 300 ratings
53038,national film registry
53121,sequel
53121,dreamworks
53121,talking animals
53121,movie to see
53121,bad sequel
53121,below r
53121,library
53121,big budget
53123,romance
53123,guitar
53123,musical
53123,good music
53123,clearplay
53123,toplist07
53123,wired 50 greatest soundtracks
53123,quite romantic
53123,fios on demand
53123,library on hold
53123,united kingdom
53123,catchy score
53123,musician
53125,ghosts/afterlife
53125,johnny depp
53125,pirates
53125,crap
53125,netflix
53125,geoffrey rush
53125,confusing
53125,bill nighy
53125,jack davenport
53125,lee arenberg
53125,jonathan pryce
53125,orlando bloom
53125,watched 2007
53125,seen at the cinema
53125,need to buy
53125,corvallis library
53125,swashbuckler
53125,sequels filmed simultaneously
53125,cinematographer:dariusz wolski
53127,nudity (full frontal)
53127,clearplay
53127,tumeys dvds
53127,ummarti2007
53129,serial killer
53129,murder
53129,clearplay
53129,netflix
53129,plot twist
53129,adultery
53129,to see
53129,killerasprotagonist
53129,protagonist is engineer
53129,dane cook
53161,chanwook park
53161,mental hospital
53161,to see
53189,nudity (topless)
53189,less than 300 ratings
53189,clearplay
53207,nudity (rear)
53207,clearplay
53318,surrealism
53318,british
53318,supermarket
53318,boobs
53318,nudity (full frontal)
53318,time
53318,slackers
53318,insomnia
53322,las vegas
53322,george clooney
53322,ensemble cast
53322,brad pitt
53322,matt damon
53322,movie to see
53322,al pacino
53322,andy garcia
53322,ellen barkin
53322,below r
53322,don cheadle
53322,dani2007
53322,ummarti2007
53435,nudity (topless)
53435,disturbing
53435,jonossa
53435,netflix
53435,paranoia
53435,shocking
53447,murder
53447,based on a book
53447,skateboarding
53460,movie to see
53460,penguin
53460,te kijken
53460,below r
53460,surfing
53464,superheroes
53464,super hero
53464,movie to see
53464,based on a comic
53464,based on comic book
53464,corvallis library
53464,adapted from:comic
53464,ummarti2007
53464,invisibility
53466,max thieriot
53466,setting:la
53466,cameo:bruce willis
53466,amateur detective
53466,adapted from:book series
53468,zombies
53468,clearplay
53519,quentin tarantino
53519,kurt russell
53519,tarantino
53519,grindhouse
53519,kickbutt women
53519,not corv lib
53519,tumeys dvds
53519,jukebox
53550,vietnam war
53550,werner herzog
53550,christian bale
53550,jungle
53550,toplist06
53550,below r
53550,fios on demand
53550,rescue
53550,library on hold
53550,to see
53550,vietnam war based movie
53737,peter otoole
53737,to see
53769,netflix
53883,to see
53887,nudity (topless)
53887,less than 300 ratings
53887,tumeys dvds
53894,corruption
53894,england
53894,politics
53894,michael moore
53894,france
53894,united states
53894,social commentary
53894,movie to see
53894,toplist07
53894,canada
53894,below r
53894,propaganda
53894,dani2007
53894,corvallis library
53894,ummarti2007
53894,documentary critique
53894,insurance
53894,american idiocy
53921,angelina jolie
53921,clearplay
53921,corvallis library
53953,based on a book
53953,fantasy world
53953,movie to see
53953,netflix
53953,drowning
53953,hotel
53953,author:stephen king
53953,claustrophobic
53953,manager
53953,numbers
53956,farce
53956,less than 300 ratings
53956,clearplay
53956,netflix
53956,funeral
53956,bab cinema
53972,action
53972,action packed
53972,murder
53972,hackers
53972,bruce willis
53972,jonossa
53972,terrorism
53972,stunts
53972,united states
53972,movie to see
53972,watched 2007
53974,robin williams
53974,mandy moore
53974,mentor/trainer
53974,jesus freaks
53974,setting:chicago
53988,adapted from:book
53993,god
53993,dvd
53993,family
53993,movie to see
53993,environmental
53993,j netflix
53993,big budget
53996,robots
53996,boring
53996,painful
53996,cool
53996,silly
53996,ridiculous
53996,transformation
53996,machines
53996,movie to see
53996,john turturro
53996,based on a comic
53996,rewatchable
53996,fios on demand
53996,corvallis library
53996,ummarti2007
53996,helicopters
53996,giant robots
53996,antigovernment paranoia
53996,fighter jet planes
53996,man versus machine
54001,based on a book
54001,pg13
54001,franchise
54001,netflix
54001,too short
54001,helena bonham carter
54001,broomstick
54004,movie to see
54004,subgenre:buddies
54004,firefighting
54075,medieval
54075,rare
54075,library
54116,male female relationship
54190,less than 300 ratings
54190,musical
54190,rock and roll
54190,beatles soundtrack
54190,notable soundtrack
54190,below r
54190,corvallis library
54193,less than 300 ratings
54196,nudity (topless)
54196,netflix
54256,less than 300 ratings
54256,movie to see
54259,pirates
54259,murder
54259,based on a book
54259,adapted from:book
54259,fairy tale
54259,magic realism
54259,movie to see
54259,coming of age
54259,refreshing
54259,crude humor
54259,witches
54259,fios on demand
54259,do zassania
54259,gaiman
54259,novel
54259,british humour
54268,golf
54268,imdb bottom 100
54272,funny
54272,comedy
54272,animation
54272,humor
54272,pg13
54272,movie to see
54272,toplist07
54272,series
54272,fatherson relationship
54272,watched 2007
54272,seen at the cinema
54272,could have been better
54272,corvallis library
54272,tumeys dvds
54272,ummarti2007
54274,serial killer
54274,murder
54274,golden raspberry (worst picture)
54274,golden raspberry (worst actress)
54276,remake
54276,netflix
54276,patricia clarkson
54276,abigail breslin
54276,bob balaban
54276,aaron eckhart
54276,catherine zetajones
54276,cooking
54276,blindfold
54278,dvd
54278,netflix
54278,corvallis library
54281,less than 300 ratings
54281,redemption
54281,clearplay
54281,depression
54281,rebellion
54281,alcoholism
54281,movie to see
54284,hw new release
54286,action
54286,espionage
54286,imdb top 250
54286,boring
54286,twist ending
54286,car chase
54286,conspiracy
54286,assassin
54286,torture
54286,murder
54286,based on a book
54286,pg13
54286,adapted from:book
54286,spies
54286,movie to see
54286,netflix
54286,spy thriller
54286,toplist07
54286,oscar (best editing)
54286,setting:london
54286,madrid
54286,robert ludlum
54286,oscar (best sound)
54286,trilogy
54286,assassinintraining (scene)
54286,killerasprotagonist
54286,author:robert ludlum
54286,setting:nyc
54286,bechdel test:fail
54286,murder/fatality
54286,scope
54286,oscar (best sound editing)
54286,pg13:violence
54286,seen 2008
54290,imdb bottom 100
54331,oppl
54372,mystery
54372,thriller
54372,based on a book
54372,nudity (full frontal)
54372,french
54372,wrongly accused
54372,on the run
54372,murder mystery
54372,toplist08
54503,police
54503,funny
54503,comedy
54503,friendship
54503,high school
54503,no story line
54503,teen
54503,party
54503,singing
54503,united states
54503,beer
54503,movie to see
54503,netflix
54503,highschool
54503,michael cera
54503,self discovery
54503,virginity
54503,high school life
54503,seth rogen
54503,judd apatow movie
54503,jonah hill
54503,false identity
54503,shopping
54503,library on hold
54503,let down
54503,nerds
54503,drinking
54503,cocaine
54503,pornography
54503,stupid comedy
54503,liquor store
54503,oldschoolish
54503,crude
54510,nudity (topless)
54513,clearplay
54513,toplist07
54513,don cheadle
54513,radio dj
54513,chiwetel ejiofor
54648,netflix
54648,big budget
54686,mediocre plot
54686,coming of age
54686,below r
54686,mediocre
54686,good versus evil
54686,sword and sandal
54686,mask
54686,female warriors
54686,child in peril
54686,sword
54686,mediocre acting
54691,based on a book
54691,adapted from:book
54691,rare
54691,sexual
54691,library
54691,my addition to ml
54732,christopher walken
54732,movie to see
54732,netflix
54732,obvious
54734,geeks
54736,clearplay
54736,terrorism
54736,middle east
54736,explosions
54736,movie to see
54736,fbi
54736,propaganda
54736,bombs
54736,jihad
54745,less than 300 ratings
54745,clearplay
54745,stuttering
54745,debate
54745,netflix
54745,fios on demand
54768,netflix
54768,imdb bottom 100
54771,remake
54771,netflix
54771,below r
54775,gangsters
54775,assassin
54775,jason statham
54775,murder
54775,netflix
54775,killerasprotagonist
54780,paul giamatti
54780,anthropology
54780,movie to see
54780,nanny
54780,to see
54780,rich and poor
54783,clearplay
54783,mormon
54785,violent
54785,bloody
54785,remake
54785,over the top
54787,revenge
54796,nudity (topless)
54796,less than 300 ratings
54796,setting:paris
54796,netwatch
54881,geek
54881,video games
54881,competition
54881,father daughter relationship
54881,1980s
54881,games
54881,fatherson relationship
54881,talent
54881,fios on demand
54881,rivalry
54881,underdog
54881,netwatch
54881,to see
54881,quirky subculture
54881,teacher
54881,husbandwife relationship
54881,2000s
54881,world record
54881,arcade
54934,to see
54958,nudity (topless)
54962,less than 300 ratings
54962,alternate reality
54978,nudity (topless)
54978,martin freeman
54978,penelope cruz
54995,nudity (topless)
54995,military
54995,lesbian
54995,zombies
54995,motorcycle
54995,explosions
54995,ring
54995,netflix
54995,crude humor
54995,sex scene
54995,splatter
54995,hospital
54995,twins
54995,helicopters
54995,amputee
54995,needles
54995,tattoo
54995,sheriff
54995,recipe
54995,texan
54997,imdb top 250
54997,violent
54997,christian bale
54997,remake
54997,clearplay
54997,ridiculous
54997,movie to see
54997,netflix
54997,russell crowe
54997,library
54997,fios on demand
54997,cinematographer:phedon papamichael
54999,satire
54999,ultraviolence
54999,paul giamatti
54999,bdsm
54999,comic
54999,clearplay
54999,netflix
54999,te kijken
54999,monica bellucci
54999,clive owen
54999,gunfight
54999,hilarity
54999,tumeys dvds
54999,to see
54999,gun fu
55020,clearplay
55052,life
55052,childhood
55052,war
55052,romance
55052,clearplay
55052,regrets
55052,toplist07
55052,hard to follow
55052,joe wright
55052,library on hold
55052,to see
55052,books
55052,twins
55052,setting:library
55052,letters
55052,atonement
55052,nurse
55052,james mcavoy
55063,netflix
55063,toplist08
55063,canada
55063,manitoba
55063,bab cinema
55069,nudity (full frontal)
55069,police state
55069,golden palm
55069,toplist07
55069,abortion
55069,not corv lib
55069,to see
55071,iraq war
55071,tumeys dvds
55080,realistic
55080,clearplay
55080,netflix
55080,vigilante
55094,nudity (topless)
55094,less than 300 ratings
55094,murder
55094,clearplay
55094,iraq war
55094,to see
55110,nudity (topless)
55110,daniel radcliffe
55116,less than 300 ratings
55116,fios on demand
55118,racism
55118,male nudity
55118,christmas
55118,violent
55118,organized crime
55118,bloody
55118,baby
55118,diary
55118,nudity (full frontal)
55118,clearplay
55118,rape
55118,prostitution
55118,motorcycle
55118,toplist07
55118,fatherson relationship
55118,kitchen
55118,restaurant
55118,to see
55118,ummarti2007
55118,drinking
55118,food/cooking
55118,chauffeur
55118,tattoo
55118,uncle
55118,barbershop
55154,mafia
55154,christmas
55154,friendship
55154,new york city
55154,underrated
55154,college
55154,board game
55154,1980s
55154,mobster
55154,relationships
55154,catholicism
55154,nightclub
55154,whipping
55154,hair
55154,hair obsession
55154,class society
55156,activism
55176,earth
55176,cold war
55176,space
55176,aviation
55176,less than 300 ratings
55176,fios on demand
55176,to see
55176,1960s
55176,florida film festival winner
55176,spiritual journey
55176,archive footage
55178,oppl
55205,interviews
55232,postapocalyptic
55232,virus
55232,zombies
55232,video game adaptation
55232,clearplay
55232,milla jovovich
55232,oded fehr
55232,plot point:biomedical danger
55245,nudity (topless)
55247,nudity (topless)
55247,animals
55247,materialism
55247,hunting
55247,imdb top 250
55247,male nudity
55247,sdasd
55247,true story
55247,sean penn
55247,based on a book
55247,nudity (full frontal)
55247,clearplay
55247,adapted from:book
55247,road trip
55247,must see
55247,united states
55247,travel
55247,movie to see
55247,1990s
55247,toplist07
55247,bears
55247,siblings
55247,nature wildlife
55247,self discovery
55247,fios on demand
55247,alaska
55247,library on hold
55247,trains
55247,books
55247,hippie
55247,freedom
55247,wolves
55247,hitchhiker
55247,freedom from society
55247,escapism
55250,football
55250,movie to see
55250,dwayne the rock johnson
55253,world war ii
55253,politics
55253,chinese culture
55253,sexual
55253,library
55253,nc17
55253,to see
55253,venice film festival winner
55253,activism
55253,jmq
55255,nudity (rear)
55255,nudity (full frontal)
55255,compelling
55255,intertwined
55257,nudity (topless)
55257,video game adaptation
55257,bollocks
55259,less than 300 ratings
55259,dvd
55259,jacksonville
55261,clearplay
55267,less than 300 ratings
55267,romantic comedy
55267,movie to see
55267,library on hold
55269,wes anderson
55269,india
55269,dark comedy
55269,seen more than once
55269,brothers
55269,clearplay
55269,cinematography
55269,jason schwartzman
55269,brotherbrother relationship
55269,lying
55269,death
55269,funeral
55269,toplist07
55269,adrien brody
55269,brotherhood
55269,deceit
55269,motherson relationship
55269,trains
55269,family dynamics
55269,sibling relationships
55269,setting:india
55269,bechdel test:fail
55269,nuns
55269,spiritual journey
55269,theme:lying
55269,scope
55269,animal:snake
55269,seen 2008
55269,r:language
55272,police
55272,drugs
55272,less than 300 ratings
55272,new york city
55272,brothers
55272,clearplay
55272,1980s
55272,nightclub
55274,less than 300 ratings
55274,below r
55274,oppl
55276,george clooney
55276,good thriller
55276,clearplay
55276,corporate espionage
55276,netflix
55276,toplist07
55276,to see
55276,lawyers
55276,disillusionment
55276,legal system
55276,eccentric
55278,bechdel test:fail
55280,mental illness
55280,less than 300 ratings
55280,feelgood
55280,toplist07
55280,ryan gosling
55280,feel good movie
55280,j netflix
55280,delusional
55282,vampire
55282,bad acting
55282,less than 300 ratings
55282,clearplay
55284,conspiracy
55284,torture
55284,clearplay
55284,terrorism
55286,less than 300 ratings
55286,addiction
55286,clearplay
55286,loss
55286,fios on demand
55286,not corv lib
55286,recorded
55288,guilt
55288,clearplay
55288,death
55290,drugs
55290,childhood
55290,twist
55290,kidnapping
55290,addiction
55290,based on a book
55290,clearplay
55290,morgan freeman
55290,toplist07
55290,detective
55290,police investigation
55290,library on hold
55290,missing persons
55290,pedophile
55290,bar
55290,abduction
55292,imdb bottom 100
55363,assassination
55363,less than 300 ratings
55363,brad pitt
55363,clearplay
55363,excellent soundscore
55363,movielens top pick
55363,sam rockwell
55363,casey affleck
55363,fios on demand
55363,library on hold
55363,to see
55363,svens to see list
55419,alexis bledel
55442,god
55442,childhood
55442,less than 300 ratings
55442,animation
55442,politics
55442,based on a book
55442,black and white
55442,chick flick
55442,depression
55442,erlends dvds
55442,iran
55442,coming of age
55442,1990s
55442,1980s
55442,university
55442,revolution
55442,below r
55442,melancholy
55442,autobiographical
55442,punk
55442,to see
55442,multinational settings
55442,punk rock
55442,nuns
55442,svens to see list
55442,fundamentalism
55442,tehran
55442,airport
55442,mature
55442,gender discrimination
55442,totalitarian states
55442,gynocentric
55442,communists
55442,women during wartime
55442,interesting animation style
55442,grandmother
55442,abroad
55444,music
55444,biography
55444,true story
55444,heartwrenching
55444,black and white
55444,marriage
55444,rock and roll
55444,movie to see
55444,beautiful
55444,great acting
55444,great music
55444,movielens quickpick
55444,epilepsy
55444,hanging
55444,extramarital affairs
55444,joy division
55444,musicians life
55451,divorce
55451,lesbian
55451,less than 300 ratings
55451,los angeles
55451,pg13
55451,adapted from:book
55451,below r
55451,library on hold
55451,beach
55451,teacher
55451,hippies
55451,pg13:brief strong language
55451,seen 2008
55451,pg13:mature themes
55451,hugh dancy
55451,bab cinema
55498,nudity (full frontal)
55498,to see
55498,blindfold
55553,new zealand
55553,brothers
55553,genetics
55553,cooking
55553,mad scientist
55553,food
55553,activist
55553,farm
55553,sheep
55553,mutants
55553,mutation
55555,prison
55555,death
55555,library
55555,lesbian character
55555,fatih akin
55555,cdon
55566,relationships
55566,tyler perry
55721,police
55721,corruption
55721,police corruption
55721,organized crime
55721,berlinale 2008
55726,netflix
55726,bab cinema
55729,mental illness
55729,less than 300 ratings
55732,less than 300 ratings
55732,psychology
55732,adoption
55765,police
55765,drugs
55765,corruption
55765,mafia
55765,gangster
55765,imdb top 250
55765,conspiracy
55765,smuggling
55765,clearplay
55765,interracial marriage
55765,historical
55765,russell crowe
55765,ridley scott
55765,toplist07
55765,1970s
55765,motherson relationship
55765,fios on demand
55765,to see
55765,1960s
55765,facades
55765,chiwetel ejiofor
55765,sure thing
55765,cinematographer:harris savides
55768,satire
55768,dreamworks
55768,movie to see
55768,computer animation
55768,corvallis library
55768,insect
55805,philip seymour hoffman
55805,less than 300 ratings
55805,clearplay
55805,movie to see
55805,toplist07
55805,to see
55805,na
55814,imdb top 250
55814,true story
55814,based on a book
55814,marriage
55814,flashbacks
55814,toplist07
55814,fatherson relationship
55814,oppl
55814,golden globe winner
55814,disability
55814,therapist
55814,hospital
55814,very slow
55814,biomedical ethics
55820,oscar (best picture)
55820,coen brothers
55820,imdb top 250
55820,twist ending
55820,violent
55820,clearplay
55820,javier bardem
55820,great acting
55820,confusing ending
55820,1980s
55820,toplist07
55820,chilling
55820,thoughtprovoking
55820,fios on demand
55820,going postal
55820,dani2007
55820,movielens quickpick
55820,hitchcockian
55820,do zassania
55820,bounty hunters
55820,ummarti2007
55820,hitchhiker
55820,sheriff
55820,coin
55820,taxi driver
55820,sure thing
55820,cinematographer:roger deakins
55830,less than 300 ratings
55830,filmmaking
55830,below r
55830,videotape
55830,creativity
55830,video store
55830,berlinale 2008
55851,netflix
55851,vday
55872,inspirational
55872,unique
55872,thoughtprovoking
55901,erlends dvds
55908,less than 300 ratings
55908,immortality
55908,philosophical
55908,religion
55908,underrated
55908,unique
55908,nr
55908,thoughtprovoking
55908,what if
55908,to see
55908,jerome bixby
55946,clearplay
55946,debate
55946,iraq war
55946,no plot
55955,movie to see
55995,fantasy
55995,animation
55995,angelina jolie
55995,anthony hopkins
55995,cg animation
55995,movie to see
55995,robert zemeckis
55995,john malkovich
55995,based on a poem
55995,inspiration
55995,read the book
55999,life
55999,less than 300 ratings
55999,dvd
55999,dustin hoffman
55999,natalie portman
55999,toys
55999,movie to see
55999,death
55999,jason bateman
55999,grieving
55999,redbox
55999,jacksonville
56001,nudity (topless)
56001,based on a book
56001,clearplay
56001,adapted from:book
56001,javier bardem
56003,time travel
56003,drugs
56003,los angeles
56003,religion
56003,confusing
56003,weird
56003,apocalypse
56003,to see
56003,puzzling
56003,future dystopias
56003,santa monica pier
56003,santa monica
56028,nudity (topless)
56060,nudity (topless)
56060,new
56145,supermarket
56145,based on a book
56145,clearplay
56145,adapted from:book
56145,disaster
56145,monster
56145,movie to see
56145,author:stephen king
56145,fatherson relationship
56145,sacrilege
56145,apocalypse
56145,insects
56145,giant monster
56145,preacher
56145,smalltown life
56145,religious conversion
56145,juxtaposition
56145,expiation
56145,liberal propaganda
56152,torture (scene)
56152,magic realism
56152,toplist07
56152,below r
56152,oppl
56152,fios on demand
56152,setting:nyc
56156,assassin
56156,murder
56156,movie to see
56156,betrayal
56156,bullet ballet
56156,russia
56156,assassinintraining (scene)
56156,prostitutes
56156,killerasprotagonist
56156,tattoo
56158,christmas
56158,xmas theme
56165,clearplay
56167,bollywood
56169,clearplay
56171,aviation
56171,book was better
56171,aircraft
56171,kidnapping
56171,parallel universe
56171,adaptation
56171,kids movie
56171,girl
56171,based on a book
56171,fantasy world
56171,talking animals
56171,shape shifter
56171,coming of age
56171,flying
56171,witches
56171,steampunk
56171,alcohol
56171,book adapation
56171,trilogy
56171,do zassania
56171,whiskey
56171,automata
56171,child in peril
56171,kids in trouble
56171,daemons
56171,authority
56171,spirit animal
56171,zeppelin
56171,clockwork devices
56174,vampire
56174,postapocalyptic
56174,post apocalyptic
56174,alone in the world
56174,virus
56174,dvd
56174,depressing
56174,zombies
56174,remake
56174,religion
56174,based on a book
56174,will smith
56174,adapted from:book
56174,great acting
56174,good acting
56174,great action
56174,suspenseful
56174,below r
56174,apocalypse
56174,watched 2008
56174,fios on demand
56174,library on hold
56174,to see
56174,author:richard matheson
56174,matheson
56174,plot point:biomedical danger
56174,i am legend
56174,redbox
56174,jacksonville
56176,dvd
56251,to see
56274,nudity (topless)
56274,less than 300 ratings
56274,clearplay
56274,nicole kidman
56274,john turturro
56286,music
56286,christian bale
56286,clearplay
56286,bob dylan
56286,androgyny
56333,philip seymour hoffman
56333,less than 300 ratings
56333,clearplay
56333,family drama
56333,death of a parent
56333,intellectual
56333,old age
56333,englishlanguage millenial comedies
56333,professor
56333,elderly
56333,jmq
56339,ghosts/afterlife
56339,childhood
56339,twist ending
56339,clearplay
56339,guillermo del toro
56339,imaginary friend
56339,motherson relationship
56339,wheelchair
56339,haunted by the past
56339,do zassania
56339,interpretable
56339,paranormal
56339,husbandwife relationship
56339,mask
56339,missing persons
56339,social worker
56339,deformity
56339,orphanage
56339,house
56339,peer support
56367,comedy
56367,imdb top 250
56367,witty
56367,cult film
56367,humor
56367,high school
56367,foul language
56367,jennifer garner
56367,toplist07
56367,notable soundtrack
56367,pregnancy
56367,teenager
56367,michael cera
56367,adoption
56367,library on hold
56367,do zassania
56367,notable:dialogue
56389,jude law
56389,natalie portman
56389,rachel weisz
56389,oppl
56511,iraq war
56563,less than 300 ratings
56563,modernism
56563,interviews
56563,shallow
56563,bechdel test:fail
56563,many interviews
56563,bab cinema
56587,less than 300 ratings
56587,friendship
56587,jack nicholson
56587,movie to see
56587,morgan freeman
56587,death
56587,regrets
56587,rob morrow
56587,below r
56587,meaning of life
56587,life philosophy
56607,bibliothek
56607,murder
56607,based on a book
56607,adapted from:book
56607,rape
56607,colonialism
56607,toplist07
56607,memoir
56607,setting:afghanistan
56607,class issues
56715,nudity (topless)
56715,netflix
56715,cult
56715,miracles
56715,afterlife
56715,to see
56719,netflix
56748,nudity (topless)
56757,gothic
56757,johnny depp
56757,tim burton
56757,violent
56757,disappointing
56757,cannibalism
56757,musical
56757,gratuitous
56757,murder
56757,clearplay
56757,great cinematography
56757,london
56757,19th century
56757,movie to see
56757,toplist07
56757,depp and burton
56757,oppl
56757,setting:london
56757,based on a play
56757,straight razor
56757,visually appealing
56757,depp & burton
56757,library on hold
56757,j netflix
56757,to see
56757,killerasprotagonist
56757,adapted from:play
56757,victorian era
56757,barber
56757,cinematographer:dariusz wolski
56775,nicolas cage
56775,helen mirren
56775,movie to see
56775,ed harris
56775,justin bartha
56775,diane kruger
56775,jon voight
56775,below r
56775,obejrzane
56782,capitalism
56782,imdb top 250
56782,on computer
56782,oil
56782,religion
56782,murder
56782,based on a book
56782,clearplay
56782,mining
56782,daniel daylewis
56782,toplist07
56782,greed
56782,fatherson relationship
56782,morality
56782,j netflix
56782,movielens quickpick
56782,upton sinclair
56788,satire
56788,drugs
56788,nudity (topless)
56788,corruption
56788,philip seymour hoffman
56788,tom hanks
56788,julia roberts
56788,politics
56788,aaron sorkin
56788,clearplay
56788,adapted from:book
56788,entertaining
56788,cia
56788,covert operation
56788,arms dealer
56788,1980s
56788,toplist07
56788,oscar nominee: supporting actor
56788,to see
56788,afghanistan
56788,helicopters
56788,bechdel test:fail
56788,r:nudity
56788,seen 2008
56788,r:strong language
56788,r:sexual content
56788,refugee
56788,playboy
56788,liberal propaganda
56801,clearplay
56805,satire
56805,drugs
56805,less than 300 ratings
56805,clearplay
56805,silly
56805,sex
56805,toplist07
56805,judd apatow movie
56805,library on hold
56805,musician
56885,racism
56885,less than 300 ratings
56885,college
56885,movie to see
56885,below r
56885,forest whitaker
56915,less than 300 ratings
56915,based on a book
56941,below r
56941,irish accent
56941,do kina
56945,christmas
56945,movie to see
56949,love story
56949,movie to see
56949,comedy romance
56949,james marsden
56949,katherine heigl
56949,chick movie
56949,do kina
57223,to see
57243,oppl
57274,virus
57274,zombies
57274,handycam
57274,bloody
57326,masterpiece
57326,video game adaptation
57326,jason statham
57326,uwe boll sucks
57326,bollocks
57326,ray liotta sucks
57368,new york city
57368,handycam
57368,monster
57368,mockumentary
57368,below r
57368,shallow
57368,giant monster
57368,et
57370,queen latifah
57370,katie holmes
57370,diane keaton
57401,clearplay
57401,single parents
57464,watch again
57464,less than 300 ratings
57464,twist ending
57464,suicide
57464,underrated
57464,clearplay
57464,rampage
57484,based on a book
57504,netflix
57509,setting:la
57509,psychiatrist as character
57509,group sex
57522,below r
57522,imdb bottom 100
57526,serial killer
57526,clearplay
57526,movie to see
57528,sylvester stallone
57528,lots of guns
57528,lots of blood
57528,no dialogue
57528,no story line
57528,clearplay
57528,ridiculous
57528,ridiculously spiritual
57530,imdb bottom 100
57530,dance movie
57532,movie to see
57532,imdb bottom 100
57534,ghosts
57534,remake
57534,blindness
57534,hospital
57534,accident
57534,violin
57534,fire
57534,musicians life
57534,from kata
57534,spirits
57534,blindfold
57534,extrasensory visual capacity
57536,clearplay
57536,steve zahn
57538,chick flick
57538,wedding
57538,death
57550,svens to see list
57640,creepy
57640,murder
57640,elves
57640,super hero
57640,movie to see
57640,based on a comic
57640,to see
57640,adapted from:comic
57640,set:mechanical gearworks
57640,setting:nyc
57640,beautiful effects
57640,baalist2
57669,drugs
57669,imdb top 250
57669,less than 300 ratings
57669,violent
57669,friendship
57669,clearplay
57669,hitman
57669,holiday
57669,foul language
57669,movie to see
57669,toplist08
57669,movielens top pick
57669,directorial debut
57669,notable cast
57669,irreverent
57669,to see
57669,dwarf
57669,irish accent
57669,belgium
57669,vertically challenged people
57792,oppl
57910,nudity (topless)
57910,to see
57910,castration
57951,movie to see
57951,kate hudson
57951,donald sutherland
58025,samuel l jackson
58025,based on a book
58025,teens
58025,movie to see
58025,teleportation
58025,hayden christensen
58025,diane lane
58025,below r
58025,religious zealotry
58025,egomaniacs
58025,escape
58047,divorce
58047,less than 300 ratings
58047,love
58047,politics
58047,marriage
58047,movie to see
58047,below r
58047,oppl
58047,clinton
58059,akira kurosawa
58059,japan
58078,inspirational
58078,gangsters
58078,life & death
58078,clearplay
58078,unique
58078,thoughtprovoking
58078,forest whitaker
58078,to see
58078,suicide attempt
58078,life philosophy
58078,prostitutes
58078,broken hearts
58078,life choices
58103,assassination
58103,multiple storylines
58103,president
58103,complot
58103,secret service
58103,murder
58103,terrorism
58103,below r
58103,fast paced
58103,betrayal
58103,bombs
58103,double agents
58103,forest whitaker
58103,to see
58103,genre:movie as whodunit
58105,less than 300 ratings
58105,based on a book
58105,movie to see
58105,bab cinema
58146,imdb bottom 100
58154,based on a book
58154,natalie portman
58154,historical
58154,eric bana
58154,below r
58154,royalty
58156,awful
58156,less than 300 ratings
58156,will ferrell
58156,movie to see
58156,sport:basketball
58191,on dvr
58191,torture
58191,toplist08
58191,no
58191,not corv lib
58191,to see
58191,afghanistan
58191,oscar (best documentary feature)
58191,legislation
58246,military
58246,sad
58246,death
58246,grieving
58291,road trip
58291,movie to see
58293,disappointing
58293,interesting concept
58293,movie to see
58293,below r
58293,ancient civilization
58295,heist
58295,corruption
58295,racism
58295,jason statham
58295,murder
58295,clearplay
58295,torture (scene)
58295,london
58295,movie to see
58295,notable nudity
58295,toplist08
58295,saffron burrows
58295,adultery
58295,1970s
58295,extortion
58295,obscene
58295,setting:london (uk)
58295,sexuality:bdsm
58295,bechdel test:fail
58295,group sex
58297,futuristic
58297,post apocalyptic
58297,virus
58297,mad max
58297,apocalypse
58297,unintentional comedy
58297,sadistic
58299,dvd
58299,based on a book
58299,adapted from:book
58299,elephants
58299,jungle
58299,father son relationship
58299,below r
58299,florence
58299,author:dr seuss
58299,dr seuss
58301,remake
58301,clearplay
58303,nudity (topless)
58303,true story
58303,based on a book
58303,clearplay
58303,to see
58303,altruism
58303,bab cinema
58306,history
58306,clearplay
58306,oppl
58306,bab cinema
58309,bab cinema
58315,below r
58332,nudity (topless)
58334,nudity (topless)
58347,oppl
58351,netflix
58351,brazil
58351,rio de janeiro
58351,to see
58351,bab cinema
58367,nudity (topless)
58418,clearplay
58490,nudity (rear)
58490,oppl
58490,englishlanguage millenial comedies
58490,lee pace
58490,sure thing
58492,depressing
58492,oppl
58559,serial killer
58559,imdb top 250
58559,dark
58559,christian bale
58559,murder
58559,heath ledger
58559,comic book adaption
58559,super hero
58559,movie to see
58559,morgan freeman
58559,gary oldman
58559,michael caine
58559,maggie gyllenhaal
58559,no
58559,imax
58559,to see
58559,animal:dog
58559,gritty
58559,setting:chicago
58559,bechdel test:fail
58559,villain:the joker
58559,batman (series)
58559,mask
58559,baalist2
58559,do kupienia
58559,sure thing
58595,mumblecore
58622,boxing
58622,los angeles
58622,california
58622,olympics
58655,movie to see
58706,oppl
58783,nudity (topless)
58783,clearplay
58803,casino
58803,gambling
58803,mathematics
58803,true story
58803,matt damon
58803,casinos
58803,movie to see
58803,laurence fishburne
58803,poker
58803,below r
58806,clearplay
58806,father daughter relationship
58806,oppl
58839,football
58839,movie to see
58839,below r
58839,sport:american football
58876,clearplay
58876,iraq war
58876,ryan philippe
58879,rock and roll
58879,toplist08
58879,to see
58972,jodie foster
58972,kid flick
58972,abigail breslin
58972,gerard butler
58972,funny moments
58975,nudity (topless)
58975,mexico
58975,jungle
58975,temple
58998,drugs
58998,nudity (topless)
58998,los angeles
58998,nudity (full frontal)
58998,hawaii
58998,puppets
58998,television
58998,comedy romance
58998,oppl
58998,composer
58998,obscene
58998,surfing
58998,dracula
58998,beach
58998,bechdel test:fail
58998,englishlanguage millenial comedies
58998,breakups and divorces
58998,r:sexual content
58998,vacation romances
58998,r:language
58998,jealousy
59014,parody
59014,below r
59016,keanu reeves
59016,forest whitaker
59018,immigrants
59018,new york city
59018,predictable movie
59018,movie to see
59018,toplist08
59018,below r
59018,to see
59018,englishlanguage millenial comedies
59022,nudity (topless)
59022,movie to see
59026,nudity (topless)
59026,based on a book
59026,french
59037,remake
59037,cars
59037,movie to see
59044,memory loss
59044,alzheimers disease
59065,nudity (topless)
59103,kung fu
59103,to see
59105,nudity (full frontal)
59118,drama
59118,bittersweet
59118,feelgood
59118,toplist08
59118,happy
59126,religion
59141,childhood
59141,school
59141,friendship
59141,bullying
59141,movie to see
59141,1980s
59141,smoking
59141,light
59141,motherson relationship
59141,kiss
59141,to see
59141,englishlanguage millenial comedies
59141,movie theatre
59141,video camera
59141,movies about movies
59141,exchange student
59141,kite
59256,nudity (topless)
59256,movie to see
59256,hugh jackman
59258,tina fey
59258,pregnancy
59290,nudity (full frontal)
59295,religion
59295,science
59295,christianity
59295,movie to see
59295,conspiracy theory
59295,evolution
59295,propaganda
59295,creationism
59295,biology
59306,remake
59313,rare
59313,library
59315,military
59315,imdb top 250
59315,adventure
59315,product placement
59315,kidnapping
59315,dvd
59315,torture
59315,murder
59315,pg13
59315,california
59315,robert downey jr
59315,super hero
59315,mortality
59315,jets
59315,weapons
59315,movie to see
59315,arms dealer
59315,based on a comic
59315,toplist08
59315,flying
59315,watch the credits
59315,heart problems
59315,betrayal
59315,florence
59315,to see
59315,setting:afghanistan
59315,adapted from:comic
59315,afghanistan
59315,bechdel test:fail
59315,weapons industry
59315,scope
59315,reporter
59315,mask
59315,seen 2008
59315,personal assistant
59315,playboy
59315,bald nemesis
59315,inventor
59315,secretary
59333,michelle monaghan
59333,movie to see
59333,patrick dempsey
59336,tim allen
59336,twist
59336,martial arts
59336,los angeles
59336,clearplay
59336,movie to see
59336,alice braga
59336,toplist08
59336,rodrigo santoro
59336,to see
59336,cons and scams
59362,nudity (topless)
59369,action
59369,thriller
59369,paris
59369,below r
59387,surreal
59387,fantasy
59387,addiction
59387,clearplay
59387,fantasy world
59387,injuries
59387,stunning
59387,intertwined
59387,oppl
59387,1920s
59387,to see
59387,suicide attempt
59387,hospital
59387,storyinastory
59387,broken hearts
59387,falling
59387,mask
59387,storytelling
59387,surgery
59387,pharmaceutical
59387,nurse
59387,governor
59387,lee pace
59421,movie to see
59440,heartwarming
59440,love story
59478,bab cinema
59501,fantasy
59501,dvd
59501,based on a book
59501,adapted from:book
59501,cs lewis
59501,movie to see
59501,florence
59501,author:c s lewis
59501,jesus freaks
59501,christian apologism
59501,narnia
59501,jmq
59519,nudity (topless)
59519,netflix
59590,funny
59590,music
59590,queer
59590,curious
59590,old people
59590,choir
59594,funny
59594,war
59594,black comedy
59594,clearplay
59594,hitman
59604,nudity (topless)
59607,food
59615,archaeology
59615,sequel
59615,aliens
59615,adventure
59615,murder
59615,mccarthyism
59615,pg13
59615,harrison ford
59615,plot point:solving riddles/puzzles
59615,united states
59615,movie to see
59615,plot twist
59615,nuclear bomb
59615,below r
59615,fatherson relationship
59615,1950s
59615,el dorado
59615,et
59615,setting:library
59615,bechdel test:fail
59615,nuns
59615,scope
59615,massacre
59615,animal:snake
59615,traitor
59615,whip
59715,remake
59721,mockumentary
59721,poker
59725,nudity (topless)
59725,romance
59725,new york city
59725,los angeles
59725,infidelity
59725,based on a book
59725,adapted from:book
59725,depression
59725,wedding
59725,fashion
59725,adapted from:tv series
59725,library
59725,new years eve
59725,childbirth
59725,seen 2008
59725,left at the altar
59725,r:strong sexual content
59725,personal assistant
59725,r:language
59725,brooklyn
59727,dvd
59727,tense
59727,disturbing
59727,clearplay
59727,movie to see
59727,little dialogue
59727,florence
59729,nudity (topless)
59731,sports
59731,cheating
59731,bodybuilding
59731,ambition
59731,muscle
59731,movie to see
59731,to see
59731,pro wrestling
59738,nudity (topless)
59784,comedy
59784,animals
59784,animation
59784,kids
59784,action packed
59784,martial arts
59784,fate
59784,antihero
59784,erlends dvds
59784,movie to see
59784,fatherson relationship
59784,food
59784,unlikely hero
59784,underdog
59784,obesity
59784,to see
59784,good versus evil
59784,destiny
59784,baalist2
59784,jacksonville
59795,materialism
59795,christmas
59795,to see
59795,choir
59795,consumerism
59795,members of the clergy
59795,pentecostal
59834,nudity (topless)
59900,dvd
59900,israeli/palestinian conflict
59900,movie to see
59900,below r
59900,adam sandler
59900,florence
59908,clearplay
59910,netflix
59910,death of a parent
59910,father son relationship
59910,cheating husband
59915,nudity (topless)
59985,stuart townsend
60037,clearplay
60037,trees
60037,far fetched
60040,movie to see
60040,below r
60040,ed norton
60044,nudity (topless)
60046,netflix
60046,jonathan rhys meyers
60046,new
60069,earth
60069,robots
60069,dystopia
60069,space
60069,pixar
60069,imdb top 250
60069,post apocalyptic
60069,environment
60069,classic
60069,love
60069,love story
60069,social commentary
60069,movie to see
60069,toplist08
60069,below r
60069,human versus computer
60069,last man on earth
60069,obesity
60069,ecology
60069,environmental
60069,to see
60069,spaceships
60069,consumerism
60069,baalist2
60069,captain
60069,do kupienia
60069,far future
60072,assassin
60072,angelina jolie
60072,murder
60072,infidelity
60072,clearplay
60072,movie to see
60072,morgan freeman
60072,plot twist
60072,fatherson relationship
60072,unintentional comedy
60072,adapted from:comic
60072,setting:chicago
60072,bildungsroman
60072,no title sequence
60072,brutal violence
60072,assassinintraining
60072,james mcavoy
60074,better than expected
60074,will smith
60074,antihero
60074,super hero
60074,movie to see
60074,plot twist
60074,below r
60074,florence
60074,mentor/trainer
60074,public relations
60074,apprenticeship/training of an adult
60074,baalist2
60126,espionage
60126,car chase
60126,dvd
60126,secret service
60126,movie to see
60126,florence
60126,car crash
60126,dance off (scene)
60126,baalist2
60137,world war ii
60137,to see
60137,bab cinema
60147,netflix
60161,to see
60289,inspiring
60289,working class
60289,movie to see
60289,toplist08
60289,class issues
60289,baalist2
60289,social message
60289,smart kids
60289,strong woman
60291,biography
60291,hunter s thompson
60291,journalism
60291,movie to see
60293,teens
60293,netflix
60293,psychiatry
60293,new
60293,weed
60295,netflix
60333,werner herzog
60333,toplist08
60333,nature
60333,below r
60333,to see
60333,antarctica
60363,nudity (topless)
60363,virus
60363,nudity (rear)
60363,zombies
60363,campy
60363,stripping
60363,gore
60363,travesty
60363,bmovie
60363,porn stars
60393,nudity (topless)
60397,pierce brosnan
60397,below r
60397,greece
60397,adapted from bway
60397,baalist2
60405,library
60411,criterion
60418,oppl
60421,based on a book
60421,adapted from:book
60421,biographical view
60484,akira kurosawa
60487,halloween
60487,library
60514,3d
60514,movie to see
60516,movie to see
60522,rare
60522,to see
60530,nudity (full frontal)
60566,nudity (topless)
60647,drugs
60647,clearplay
60647,woody harrelson
60647,emily mortimer
60647,ben kingsley
60647,murder/fatality
60647,berlinale 2008
60654,lesbian
60688,nudity (topless)
60735,berlinale 2007
60745,criterion
60753,nudity (topless)
60753,prison
60756,dvd
60756,clearplay
60756,brotherbrother relationship
60756,movie to see
60756,florence
60756,baalist2
60760,do zassania
60763,netflix
60766,black and white
60766,toplist08
60766,suspenseful
60766,oppl
60832,nudity (topless)
60894,poetry
60894,biography
60937,baalist2
60943,smuggling
60943,friendship
60943,toplist08
60950,woody allen
60950,romance
60950,philosophical
60950,love
60950,spain
60950,pg13
60950,narrated
60950,scenic
60950,relationships
60950,engaging
60950,to see
60950,bechdel test:pass (barely)
60950,weddings
60950,barcelona
60950,seen 2008
60950,pg13:mature themes
60950,artists
60950,threesome
60990,yasujiro ozu
61011,clearplay
61024,drugs
61024,stoner movie
61024,toplist08
61024,no
61024,baalist2
61024,jmq
61048,sad
61073,nudity (full frontal)
61073,embarassed to watch
61075,nudity (topless)
61075,toplist08
61132,parody
61132,movie to see
61132,toplist08
61132,irreverent
61132,to see
61132,disability
61132,movie within a movie
61132,death/fatality
61132,actors and acting
61132,bechdel test:fail
61132,satire:hollywood insiders
61132,movie business
61132,baalist2
61160,shallow
61160,baalist2
61167,love
61167,religion
61236,toplist08
61240,serial killer
61240,vampire
61240,suburbia
61240,imdb top 250
61240,less than 300 ratings
61240,foreign
61240,based on a book
61240,1980s
61240,toplist08
61240,to see
61246,adultery
61246,play within a movie
61246,character portrays jesus
61246,setting:high school
61246,teacher as protagonist
61246,baalist2
61248,remake
61248,baalist2
61250,friendship
61250,movie to see
61250,baalist2
61253,baalist2
61255,ne
61255,baalist2
61257,politics
61262,nudity (topless)
61262,baalist2
61267,movie to see
61279,criterion
61279,variety show
61323,satire
61323,divorce
61323,coen brothers
61323,dark comedy
61323,clearplay
61323,movie to see
61323,netflix
61323,disk
61323,toplist08
61323,stupidity
61323,cheating husband
61323,memoir
61323,do zassania
61323,jmq
61348,parody
61348,imdb bottom 100
61350,scifi
61350,based on a book
61352,ne
61352,muslim
61352,don cheadle
61354,nudity (rear)
61357,toplist08
61357,new
61401,based on a comic
61465,assassin
61465,murder
61465,killerasprotagonist
61465,disambiguation:bangkok dangerous (2000/2008)
61465,bangkok
61470,betamax
61473,nudity (topless)
61646,nudity (topless)
61646,movie to see
61646,pregnancy
61678,karate
61697,jmq
61724,rare
61724,library
61724,library vhs
61724,proletariat trilogy
61724,my addition to ml
61729,ghosts
61729,da
61729,movie to see
61729,toplist08
61729,to see
61742,football
61742,argentina
61818,edward furlong
61961,remake
61961,australia
61961,nuclear war
61961,novel
61967,yasujiro ozu
61970,nudity (topless)
62010,finnish
62010,rare
62010,to see
62049,dystopia
62049,based on a book
62049,adapted from:book
62049,remade
62049,not available from netflix
62081,assassination
62081,ne
62081,murder
62081,below r
62081,bloodthirsty us president
62081,reference:cyclops
62081,video surveillance
62081,setting:the pentagon
62081,cyberblackmail/intimidation
62113,do kupienia
62155,ne
62155,based on a book
62155,below r
62198,religion
62198,christianity
62198,scam
62250,toplist08
62293,biography
62293,netflix
62293,new
62293,not interested
62293,j netflix
62299,bollocks
62336,anime
62344,da
62344,depression
62344,toplist08
62344,relationships
62344,new
62344,family dynamics
62344,grief
62344,connecticut
62394,video game adaptation
62394,murder
62394,movie to see
62394,computer game
62394,to see
62394,adapted from:game
62434,winter
62434,watch the credits
62434,lighthearted
62434,pittsburgh
62434,pennsylvania
62434,plot:romance during porno shoot
62434,bechdel test:fail
62437,history
62437,politics
62437,iraq war
62437,cinematographer:phedon papamichael
62511,new york city
62511,netflix
62511,toplist08
62511,new
62511,to see
62586,politics
62586,parody
62669,masaki kobayashi
62669,tatsuya nakadai
62729,to see
62801,less than 300 ratings
62801,samurai
62836,below r
62849,crime
62849,ne
62851,dark comedy
62851,death/fatality
62851,mourning
62956,ne
62956,movie to see
62970,steampunk
62972,history
62972,ensemble cast
62972,canada
62972,alberta
62999,queer
62999,dancing
62999,below r
62999,fatherson relationship
62999,bechdel test:fail
63062,ne
63062,movie to see
63062,toplist08
63062,new
63062,to see
63082,violence
63082,india
63082,slum
63082,poverty
63082,based on a book
63082,singing
63082,toplist08
63082,to see
63113,assassin
63113,ne
63113,murder
63113,rape
63113,below r
63113,killer as protagonist
63113,sequelto:casino royale[2006]
63113,prequelto:quantum of solace[2008]
63113,007 (series)
63121,based on a book
63121,adapted from:book
63121,author:charles dickens
63131,movie to see
63189,finnish
63189,to see
63222,related:last action hero
63237,disambiguation:ever after
63329,to see
63433,space
63433,aliens
63446,christmas
63446,toplist08
63540,dogs
63540,imdb bottom 100
63647,samurai
63647,rape
63647,exploitation
63647,grindhouse
63647,to see
63808,toplist08
63853,world war ii
63853,australia
63859,below r
63876,history
63876,biography
63876,gay
63876,san francisco
63876,politics
63876,movie to see
63876,toplist08
63876,seealso:milk(2008)
63876,setting:san francisco
63992,so bad its good
63992,toplist08
64030,murder
64030,assassins
64030,killer as protagonist
64030,murder/fatality
64034,nazi germany
64034,the shoah
64114,religion
64229,history
64229,toplist08
64229,music business
64249,movie to see
64249,short films
64280,national film registry
64285,aardman
64285,animation
64285,love
64285,short
64285,dogs
64285,baking
64285,wallace and gromit
64285,bakery
64368,ninja
64418,racism
64418,inspirational
64418,topiary
64418,gardening
64497,below r
64575,religion
64575,toplist08
64575,catholicism
64575,to see
64614,racism
64614,revenge
64614,mentor
64614,culture clash
64614,life & death
64620,history
64620,true story
64620,politics
64620,journalism
64620,television
64620,toplist08
64622,toplist08
64701,france
64701,toplist08
64716,will smith
64839,aronofski
64839,aging
64903,adolf hitler
64903,poland
64903,world war ii
64903,nazis
64903,hard to watch
64903,short
64903,narrated
64903,usa
64903,propaganda
64903,hard to rate
64903,national film registry
64903,library vhs
64903,free to download
64903,google video
64903,archive footage
64903,hitler
64903,why we fight series
64903,internet archive
64903,my addition to ml
64903,hitler youth (hj)
64906,adolf hitler
64906,world war ii
64906,nazis
64906,narrated
64906,usa
64906,propaganda
64906,bombs
64906,national film registry
64906,library vhs
64906,free to download
64906,freedom
64906,fire
64906,nocturnal
64906,hitler
64906,why we fight series
64906,internet archive
64906,third reich
64906,women during wartime
64906,aerial dogfights
64906,evacuees
64906,raf
64906,my addition to ml
64918,rare
64918,library
64926,world war ii
64926,nazis
64926,narrated
64926,winter
64926,usa
64926,propaganda
64926,bullshit history
64926,national film registry
64926,library vhs
64926,free to download
64926,why we fight series
64926,internet archive
64926,my addition to ml
64942,berlinale 2007
64957,sad
64957,to see
64957,related:big
64957,underaged sexchild porn
64957,related:forrest gump
64957,episodic
64957,biographical view
64959,adolf hitler
64959,military
64959,world war ii
64959,nazis
64959,paris
64959,france
64959,occupation
64959,usa
64959,propaganda
64959,hard to rate
64959,bombs
64959,national film registry
64959,free to download
64959,fire
64959,refugee
64959,traitor
64959,child in peril
64959,why we fight series
64959,internet archive
64959,netherlands
64959,combat strategy
64959,my addition to ml
64983,history
64983,world war ii
64983,nazis
64983,true story
64983,assassin
64983,germany
64990,dvdram
64993,drama
64993,love
64993,anime
64993,japan
65006,nudity (rear)
65037,based on novel
65037,aspergers syndrome
65037,autism
65037,internet
65126,based on book
65126,chuck palahniuk
65130,toplist08
